FROM,TO,edge_id,evidence_id
PHO-000871,PHO-004424,EDGE-0000001,EV-CONTRACT-2026-4283
PHO-004754,PHO-001255,EDGE-0000002,EV-CONTRACT-2026-4441
PHO-002623,PHO-000551,EDGE-0000003,EV-CONTRACT-2026-3122
PHO-003988,PHO-002948,EDGE-0000004,EV-CONTRACT-2026-1511
PHO-003166,PHO-003061,EDGE-0000005,EV-CONTRACT-2026-8678
PHO-003906,PHO-004461,EDGE-0000006,EV-CONTRACT-2026-7763
PHO-000658,PHO-004167,EDGE-0000007,EV-CONTRACT-2026-5467
PHO-003048,PHO-002321,EDGE-0000008,EV-CONTRACT-2026-8432
PHO-004494,PHO-000662,EDGE-0000009,EV-CONTRACT-2026-8531
PHO-003962,PHO-003649,EDGE-0000010,EV-CONTRACT-2026-5903
PHO-003480,PHO-001181,EDGE-0000011,EV-CONTRACT-2026-2993
PHO-001522,PHO-002470,EDGE-0000012,EV-CONTRACT-2026-1071
PHO-001557,PHO-002012,EDGE-0000013,EV-CONTRACT-2026-6499
PHO-001373,PHO-004697,EDGE-0000014,EV-CONTRACT-2026-5283
PHO-002840,PHO-003353,EDGE-0000015,EV-CONTRACT-2026-6597
PHO-004246,PHO-002080,EDGE-0000016,EV-CONTRACT-2026-9892
PHO-001769,PHO-002118,EDGE-0000017,EV-CONTRACT-2026-5848
PHO-001443,PHO-000564,EDGE-0000018,EV-CONTRACT-2026-7149
PHO-000741,PHO-003797,EDGE-0000019,EV-CONTRACT-2026-5163
PHO-000373,PHO-001619,EDGE-0000020,EV-CONTRACT-2026-5932
PHO-003929,PHO-000737,EDGE-0000021,EV-CONTRACT-2026-9977
PHO-001828,PHO-003898,EDGE-0000022,EV-CONTRACT-2026-5893
PHO-003916,PHO-002573,EDGE-0000023,EV-CONTRACT-2026-8502
PHO-000826,PHO-001378,EDGE-0000024,EV-CONTRACT-2026-4092
PHO-001289,PHO-004561,EDGE-0000025,EV-CONTRACT-2026-9074
PHO-002296,PHO-002379,EDGE-0000026,EV-CONTRACT-2026-2360
PHO-002660,PHO-004254,EDGE-0000027,EV-CONTRACT-2026-5883
PHO-002309,PHO-002712,EDGE-0000028,EV-CONTRACT-2026-7586
PHO-000736,PHO-004946,EDGE-0000029,EV-CONTRACT-2026-9379
PHO-001159,PHO-004333,EDGE-0000030,EV-CONTRACT-2026-7659
PHO-002975,PHO-003866,EDGE-0000031,EV-CONTRACT-2026-3902
PHO-000131,PHO-002517,EDGE-0000032,EV-CONTRACT-2026-6972
PHO-000219,PHO-002560,EDGE-0000033,EV-CONTRACT-2026-6373
PHO-003133,PHO-002669,EDGE-0000034,EV-CONTRACT-2026-8575
PHO-003071,PHO-001987,EDGE-0000035,EV-CONTRACT-2026-2145
PHO-000394,PHO-003005,EDGE-0000036,EV-CONTRACT-2026-1960
PHO-001988,PHO-004645,EDGE-0000037,EV-CONTRACT-2026-2463
PHO-001701,PHO-001499,EDGE-0000038,EV-CONTRACT-2026-5597
PHO-002475,PHO-000659,EDGE-0000039,EV-CONTRACT-2026-2476
PHO-001678,PHO-001024,EDGE-0000040,EV-CONTRACT-2026-8197
PHO-003761,PHO-001015,EDGE-0000041,EV-CONTRACT-2026-3239
PHO-004907,PHO-001290,EDGE-0000042,EV-CONTRACT-2026-4096
PHO-003086,PHO-001936,EDGE-0000043,EV-CONTRACT-2026-5516
PHO-000102,PHO-001545,EDGE-0000044,EV-CONTRACT-2026-9717
PHO-001856,PHO-001633,EDGE-0000045,EV-CONTRACT-2026-1878
PHO-002260,PHO-001197,EDGE-0000046,EV-CONTRACT-2026-9650
PHO-000241,PHO-002960,EDGE-0000047,EV-CONTRACT-2026-5052
PHO-002747,PHO-000653,EDGE-0000048,EV-CONTRACT-2026-4464
PHO-000782,PHO-002106,EDGE-0000049,EV-CONTRACT-2026-3944
PHO-000516,PHO-002702,EDGE-0000050,EV-CONTRACT-2026-2137
PHO-003677,PHO-004545,EDGE-0000051,EV-CONTRACT-2026-4316
PHO-003704,PHO-000695,EDGE-0000052,EV-CONTRACT-2026-3921
PHO-001707,PHO-003776,EDGE-0000053,EV-CONTRACT-2026-9578
PHO-002950,PHO-001866,EDGE-0000054,EV-CONTRACT-2026-2098
PHO-001016,PHO-004574,EDGE-0000055,EV-CONTRACT-2026-1309
PHO-000462,PHO-001435,EDGE-0000056,EV-CONTRACT-2026-9889
PHO-004215,PHO-001184,EDGE-0000057,EV-CONTRACT-2026-1003
PHO-004498,PHO-004856,EDGE-0000058,EV-CONTRACT-2026-6084
PHO-004300,PHO-002398,EDGE-0000059,EV-CONTRACT-2026-6187
PHO-004042,PHO-001426,EDGE-0000060,EV-CONTRACT-2026-9462
PHO-003087,PHO-000866,EDGE-0000061,EV-CONTRACT-2026-3705
PHO-004374,PHO-003034,EDGE-0000062,EV-CONTRACT-2026-9612
PHO-001492,PHO-002933,EDGE-0000063,EV-CONTRACT-2026-7645
PHO-004268,PHO-001324,EDGE-0000064,EV-CONTRACT-2026-5223
PHO-001460,PHO-004179,EDGE-0000065,EV-CONTRACT-2026-3445
PHO-002806,PHO-001837,EDGE-0000066,EV-CONTRACT-2026-7167
PHO-003823,PHO-004072,EDGE-0000067,EV-CONTRACT-2026-5637
PHO-001780,PHO-002921,EDGE-0000068,EV-CONTRACT-2026-9296
PHO-004948,PHO-002311,EDGE-0000069,EV-CONTRACT-2026-4206
PHO-002979,PHO-001870,EDGE-0000070,EV-CONTRACT-2026-9228
PHO-004994,PHO-000550,EDGE-0000071,EV-CONTRACT-2026-2838
PHO-000168,PHO-004289,EDGE-0000072,EV-CONTRACT-2026-9050
PHO-002757,PHO-003934,EDGE-0000073,EV-CONTRACT-2026-1370
PHO-004278,PHO-003376,EDGE-0000074,EV-CONTRACT-2026-5416
PHO-000002,PHO-003138,EDGE-0000075,EV-CONTRACT-2026-3639
PHO-002092,PHO-000877,EDGE-0000076,EV-CONTRACT-2026-8976
PHO-003955,PHO-000121,EDGE-0000077,EV-CONTRACT-2026-7997
PHO-000541,PHO-003828,EDGE-0000078,EV-CONTRACT-2026-4581
PHO-000241,PHO-001931,EDGE-0000079,EV-CONTRACT-2026-4019
PHO-000825,PHO-000585,EDGE-0000080,EV-CONTRACT-2026-3673
PHO-000541,PHO-003329,EDGE-0000081,EV-CONTRACT-2026-8293
PHO-004599,PHO-000794,EDGE-0000082,EV-CONTRACT-2026-7942
PHO-001363,PHO-004899,EDGE-0000083,EV-CONTRACT-2026-4355
PHO-004461,PHO-002519,EDGE-0000084,EV-CONTRACT-2026-7038
PHO-004172,PHO-004129,EDGE-0000085,EV-CONTRACT-2026-1048
PHO-003499,PHO-001560,EDGE-0000086,EV-CONTRACT-2026-4763
PHO-004455,PHO-004355,EDGE-0000087,EV-CONTRACT-2026-9422
PHO-001264,PHO-002487,EDGE-0000088,EV-CONTRACT-2026-3199
PHO-001743,PHO-003706,EDGE-0000089,EV-CONTRACT-2026-7695
PHO-001136,PHO-000736,EDGE-0000090,EV-CONTRACT-2026-9812
PHO-000654,PHO-001219,EDGE-0000091,EV-CONTRACT-2026-4737
PHO-004296,PHO-003841,EDGE-0000092,EV-CONTRACT-2026-8424
PHO-003515,PHO-003642,EDGE-0000093,EV-CONTRACT-2026-2018
PHO-004987,PHO-003688,EDGE-0000094,EV-CONTRACT-2026-4665
PHO-000589,PHO-004882,EDGE-0000095,EV-CONTRACT-2026-4897
PHO-001116,PHO-002749,EDGE-0000096,EV-CONTRACT-2026-6352
PHO-002572,PHO-004603,EDGE-0000097,EV-CONTRACT-2026-3912
PHO-004880,PHO-000660,EDGE-0000098,EV-CONTRACT-2026-5186
PHO-001886,PHO-002442,EDGE-0000099,EV-CONTRACT-2026-2844
PHO-001640,PHO-001094,EDGE-0000100,EV-CONTRACT-2026-3493
PHO-003767,PHO-004036,EDGE-0000101,EV-CONTRACT-2026-7296
PHO-003379,PHO-000786,EDGE-0000102,EV-CONTRACT-2026-4627
PHO-000360,PHO-001238,EDGE-0000103,EV-CONTRACT-2026-1508
PHO-000074,PHO-001450,EDGE-0000104,EV-CONTRACT-2026-4863
PHO-000939,PHO-000903,EDGE-0000105,EV-CONTRACT-2026-2535
PHO-001618,PHO-000639,EDGE-0000106,EV-CONTRACT-2026-3487
PHO-003787,PHO-004164,EDGE-0000107,EV-CONTRACT-2026-2071
PHO-004950,PHO-000998,EDGE-0000108,EV-CONTRACT-2026-7227
PHO-003609,PHO-002015,EDGE-0000109,EV-CONTRACT-2026-2232
PHO-004669,PHO-001065,EDGE-0000110,EV-CONTRACT-2026-6709
PHO-003638,PHO-003400,EDGE-0000111,EV-CONTRACT-2026-2781
PHO-000316,PHO-004731,EDGE-0000112,EV-CONTRACT-2026-6381
PHO-002992,PHO-000276,EDGE-0000113,EV-CONTRACT-2026-4742
PHO-004371,PHO-000410,EDGE-0000114,EV-CONTRACT-2026-8185
PHO-000883,PHO-003779,EDGE-0000115,EV-CONTRACT-2026-6875
PHO-003742,PHO-001278,EDGE-0000116,EV-CONTRACT-2026-9800
PHO-001225,PHO-001836,EDGE-0000117,EV-CONTRACT-2026-7274
PHO-003578,PHO-002561,EDGE-0000118,EV-CONTRACT-2026-5764
PHO-002145,PHO-000912,EDGE-0000119,EV-CONTRACT-2026-5353
PHO-004302,PHO-004031,EDGE-0000120,EV-CONTRACT-2026-8756
PHO-000359,PHO-001926,EDGE-0000121,EV-CONTRACT-2026-8646
PHO-002946,PHO-000439,EDGE-0000122,EV-CONTRACT-2026-3961
PHO-003593,PHO-002099,EDGE-0000123,EV-CONTRACT-2026-3982
PHO-003636,PHO-003823,EDGE-0000124,EV-CONTRACT-2026-7473
PHO-004853,PHO-000718,EDGE-0000125,EV-CONTRACT-2026-5867
PHO-001173,PHO-003691,EDGE-0000126,EV-CONTRACT-2026-1599
PHO-000391,PHO-001475,EDGE-0000127,EV-CONTRACT-2026-2311
PHO-002271,PHO-000049,EDGE-0000128,EV-CONTRACT-2026-8909
PHO-000849,PHO-001446,EDGE-0000129,EV-CONTRACT-2026-9818
PHO-000507,PHO-002663,EDGE-0000130,EV-CONTRACT-2026-8937
PHO-004137,PHO-003632,EDGE-0000131,EV-CONTRACT-2026-1787
PHO-002248,PHO-003941,EDGE-0000132,EV-CONTRACT-2026-2527
PHO-002752,PHO-004123,EDGE-0000133,EV-CONTRACT-2026-7713
PHO-000879,PHO-001830,EDGE-0000134,EV-CONTRACT-2026-8422
PHO-000477,PHO-001590,EDGE-0000135,EV-CONTRACT-2026-5431
PHO-002912,PHO-003946,EDGE-0000136,EV-CONTRACT-2026-5566
PHO-000473,PHO-004582,EDGE-0000137,EV-CONTRACT-2026-1210
PHO-002884,PHO-000706,EDGE-0000138,EV-CONTRACT-2026-4242
PHO-001291,PHO-001779,EDGE-0000139,EV-CONTRACT-2026-3495
PHO-000291,PHO-001374,EDGE-0000140,EV-CONTRACT-2026-5984
PHO-003323,PHO-002485,EDGE-0000141,EV-CONTRACT-2026-3724
PHO-003362,PHO-000666,EDGE-0000142,EV-CONTRACT-2026-5260
PHO-000279,PHO-004350,EDGE-0000143,EV-CONTRACT-2026-4782
PHO-004574,PHO-001242,EDGE-0000144,EV-CONTRACT-2026-4196
PHO-000209,PHO-001784,EDGE-0000145,EV-CONTRACT-2026-7155
PHO-002949,PHO-000219,EDGE-0000146,EV-CONTRACT-2026-7270
PHO-003203,PHO-002025,EDGE-0000147,EV-CONTRACT-2026-2375
PHO-001750,PHO-001891,EDGE-0000148,EV-CONTRACT-2026-6576
PHO-000904,PHO-003534,EDGE-0000149,EV-CONTRACT-2026-7717
PHO-000443,PHO-000101,EDGE-0000150,EV-CONTRACT-2026-8968
PHO-001186,PHO-003251,EDGE-0000151,EV-CONTRACT-2026-1558
PHO-004580,PHO-000191,EDGE-0000152,EV-CONTRACT-2026-9906
PHO-003076,PHO-000826,EDGE-0000153,EV-CONTRACT-2026-8873
PHO-004276,PHO-003816,EDGE-0000154,EV-CONTRACT-2026-3995
PHO-004865,PHO-002285,EDGE-0000155,EV-CONTRACT-2026-5374
PHO-003755,PHO-004833,EDGE-0000156,EV-CONTRACT-2026-3775
PHO-001415,PHO-004825,EDGE-0000157,EV-CONTRACT-2026-1443
PHO-004867,PHO-001949,EDGE-0000158,EV-CONTRACT-2026-8835
PHO-000569,PHO-000219,EDGE-0000159,EV-CONTRACT-2026-3776
PHO-001920,PHO-000795,EDGE-0000160,EV-CONTRACT-2026-1992
PHO-003159,PHO-001846,EDGE-0000161,EV-CONTRACT-2026-7338
PHO-001528,PHO-003388,EDGE-0000162,EV-CONTRACT-2026-1253
PHO-004104,PHO-004348,EDGE-0000163,EV-CONTRACT-2026-3529
PHO-003116,PHO-003938,EDGE-0000164,EV-CONTRACT-2026-3741
PHO-003539,PHO-002397,EDGE-0000165,EV-CONTRACT-2026-3666
PHO-000988,PHO-001432,EDGE-0000166,EV-CONTRACT-2026-1949
PHO-000688,PHO-002918,EDGE-0000167,EV-CONTRACT-2026-5447
PHO-000654,PHO-002406,EDGE-0000168,EV-CONTRACT-2026-5504
PHO-000135,PHO-000823,EDGE-0000169,EV-CONTRACT-2026-9345
PHO-000777,PHO-001541,EDGE-0000170,EV-CONTRACT-2026-6578
PHO-003098,PHO-003802,EDGE-0000171,EV-CONTRACT-2026-2397
PHO-003010,PHO-000621,EDGE-0000172,EV-CONTRACT-2026-8841
PHO-001347,PHO-001368,EDGE-0000173,EV-CONTRACT-2026-1016
PHO-003166,PHO-001812,EDGE-0000174,EV-CONTRACT-2026-8132
PHO-000634,PHO-003956,EDGE-0000175,EV-CONTRACT-2026-3200
PHO-001482,PHO-002897,EDGE-0000176,EV-CONTRACT-2026-5495
PHO-004039,PHO-000680,EDGE-0000177,EV-CONTRACT-2026-1025
PHO-000651,PHO-003789,EDGE-0000178,EV-CONTRACT-2026-5647
PHO-002887,PHO-003247,EDGE-0000179,EV-CONTRACT-2026-3719
PHO-004997,PHO-000886,EDGE-0000180,EV-CONTRACT-2026-7771
PHO-003650,PHO-004266,EDGE-0000181,EV-CONTRACT-2026-6551
PHO-002640,PHO-000626,EDGE-0000182,EV-CONTRACT-2026-9190
PHO-000122,PHO-001443,EDGE-0000183,EV-CONTRACT-2026-1722
PHO-001276,PHO-000931,EDGE-0000184,EV-CONTRACT-2026-8812
PHO-004481,PHO-003397,EDGE-0000185,EV-CONTRACT-2026-7415
PHO-003077,PHO-004779,EDGE-0000186,EV-CONTRACT-2026-5021
PHO-004021,PHO-000446,EDGE-0000187,EV-CONTRACT-2026-6606
PHO-001873,PHO-000523,EDGE-0000188,EV-CONTRACT-2026-5423
PHO-001516,PHO-001832,EDGE-0000189,EV-CONTRACT-2026-5722
PHO-003591,PHO-001069,EDGE-0000190,EV-CONTRACT-2026-8030
PHO-000681,PHO-004856,EDGE-0000191,EV-CONTRACT-2026-9123
PHO-003957,PHO-004360,EDGE-0000192,EV-CONTRACT-2026-8957
PHO-002717,PHO-003351,EDGE-0000193,EV-CONTRACT-2026-9016
PHO-001467,PHO-004122,EDGE-0000194,EV-CONTRACT-2026-3523
PHO-004003,PHO-002869,EDGE-0000195,EV-CONTRACT-2026-6326
PHO-002494,PHO-002741,EDGE-0000196,EV-CONTRACT-2026-1352
PHO-004198,PHO-003169,EDGE-0000197,EV-CONTRACT-2026-9396
PHO-004181,PHO-000082,EDGE-0000198,EV-CONTRACT-2026-5483
PHO-000298,PHO-001537,EDGE-0000199,EV-CONTRACT-2026-1351
PHO-004956,PHO-000283,EDGE-0000200,EV-CONTRACT-2026-9442
PHO-000329,PHO-002368,EDGE-0000201,EV-CONTRACT-2026-4211
PHO-003899,PHO-004986,EDGE-0000202,EV-CONTRACT-2026-9004
PHO-002133,PHO-002409,EDGE-0000203,EV-CONTRACT-2026-3964
PHO-003599,PHO-003387,EDGE-0000204,EV-CONTRACT-2026-3627
PHO-004653,PHO-000971,EDGE-0000205,EV-CONTRACT-2026-7248
PHO-004050,PHO-001402,EDGE-0000206,EV-CONTRACT-2026-9832
PHO-000585,PHO-002645,EDGE-0000207,EV-CONTRACT-2026-8972
PHO-000083,PHO-001485,EDGE-0000208,EV-CONTRACT-2026-1446
PHO-000819,PHO-002352,EDGE-0000209,EV-CONTRACT-2026-6848
PHO-004016,PHO-003900,EDGE-0000210,EV-CONTRACT-2026-5152
PHO-001756,PHO-003090,EDGE-0000211,EV-CONTRACT-2026-3315
PHO-002614,PHO-000081,EDGE-0000212,EV-CONTRACT-2026-1417
PHO-004362,PHO-004401,EDGE-0000213,EV-CONTRACT-2026-3742
PHO-004060,PHO-000516,EDGE-0000214,EV-CONTRACT-2026-8489
PHO-003178,PHO-002978,EDGE-0000215,EV-CONTRACT-2026-6524
PHO-004754,PHO-004780,EDGE-0000216,EV-CONTRACT-2026-2195
PHO-000052,PHO-002731,EDGE-0000217,EV-CONTRACT-2026-9174
PHO-002170,PHO-000761,EDGE-0000218,EV-CONTRACT-2026-6348
PHO-002394,PHO-002824,EDGE-0000219,EV-CONTRACT-2026-3885
PHO-001203,PHO-001097,EDGE-0000220,EV-CONTRACT-2026-2315
PHO-004988,PHO-000548,EDGE-0000221,EV-CONTRACT-2026-9255
PHO-002819,PHO-004214,EDGE-0000222,EV-CONTRACT-2026-5317
PHO-000125,PHO-004182,EDGE-0000223,EV-CONTRACT-2026-3591
PHO-004854,PHO-002419,EDGE-0000224,EV-CONTRACT-2026-5313
PHO-003512,PHO-000986,EDGE-0000225,EV-CONTRACT-2026-7994
PHO-004238,PHO-003522,EDGE-0000226,EV-CONTRACT-2026-8847
PHO-001729,PHO-001626,EDGE-0000227,EV-CONTRACT-2026-5149
PHO-000397,PHO-003645,EDGE-0000228,EV-CONTRACT-2026-2343
PHO-001224,PHO-003307,EDGE-0000229,EV-CONTRACT-2026-2799
PHO-000394,PHO-001109,EDGE-0000230,EV-CONTRACT-2026-4763
PHO-002929,PHO-000114,EDGE-0000231,EV-CONTRACT-2026-2618
PHO-000716,PHO-003236,EDGE-0000232,EV-CONTRACT-2026-5101
PHO-003045,PHO-003880,EDGE-0000233,EV-CONTRACT-2026-7415
PHO-000015,PHO-001477,EDGE-0000234,EV-CONTRACT-2026-2776
PHO-002918,PHO-003300,EDGE-0000235,EV-CONTRACT-2026-9922
PHO-001177,PHO-003131,EDGE-0000236,EV-CONTRACT-2026-2864
PHO-002434,PHO-002618,EDGE-0000237,EV-CONTRACT-2026-1191
PHO-000843,PHO-003004,EDGE-0000238,EV-CONTRACT-2026-3181
PHO-003729,PHO-000642,EDGE-0000239,EV-CONTRACT-2026-6246
PHO-001597,PHO-003540,EDGE-0000240,EV-CONTRACT-2026-1760
PHO-004248,PHO-001270,EDGE-0000241,EV-CONTRACT-2026-8613
PHO-003339,PHO-001493,EDGE-0000242,EV-CONTRACT-2026-4428
PHO-000422,PHO-002288,EDGE-0000243,EV-CONTRACT-2026-6807
PHO-000531,PHO-003540,EDGE-0000244,EV-CONTRACT-2026-8607
PHO-002693,PHO-001129,EDGE-0000245,EV-CONTRACT-2026-8274
PHO-003204,PHO-001965,EDGE-0000246,EV-CONTRACT-2026-5454
PHO-001941,PHO-001715,EDGE-0000247,EV-CONTRACT-2026-5815
PHO-003427,PHO-003510,EDGE-0000248,EV-CONTRACT-2026-9435
PHO-003075,PHO-001518,EDGE-0000249,EV-CONTRACT-2026-1049
PHO-002025,PHO-004483,EDGE-0000250,EV-CONTRACT-2026-8475
PHO-001294,PHO-002074,EDGE-0000251,EV-CONTRACT-2026-2183
PHO-001595,PHO-002707,EDGE-0000252,EV-CONTRACT-2026-7181
PHO-000141,PHO-003311,EDGE-0000253,EV-CONTRACT-2026-3984
PHO-002692,PHO-004785,EDGE-0000254,EV-CONTRACT-2026-9388
PHO-004525,PHO-001447,EDGE-0000255,EV-CONTRACT-2026-4189
PHO-000612,PHO-003043,EDGE-0000256,EV-CONTRACT-2026-5052
PHO-003815,PHO-001553,EDGE-0000257,EV-CONTRACT-2026-8492
PHO-002205,PHO-001106,EDGE-0000258,EV-CONTRACT-2026-2349
PHO-004550,PHO-003099,EDGE-0000259,EV-CONTRACT-2026-1701
PHO-001889,PHO-003008,EDGE-0000260,EV-CONTRACT-2026-3651
PHO-001794,PHO-003234,EDGE-0000261,EV-CONTRACT-2026-6886
PHO-000605,PHO-004243,EDGE-0000262,EV-CONTRACT-2026-8691
PHO-003890,PHO-001792,EDGE-0000263,EV-CONTRACT-2026-8554
PHO-003473,PHO-002859,EDGE-0000264,EV-CONTRACT-2026-8504
PHO-000183,PHO-004937,EDGE-0000265,EV-CONTRACT-2026-3202
PHO-004964,PHO-003029,EDGE-0000266,EV-CONTRACT-2026-4536
PHO-001874,PHO-000494,EDGE-0000267,EV-CONTRACT-2026-8243
PHO-001560,PHO-003623,EDGE-0000268,EV-CONTRACT-2026-6639
PHO-001202,PHO-003212,EDGE-0000269,EV-CONTRACT-2026-2552
PHO-002186,PHO-002409,EDGE-0000270,EV-CONTRACT-2026-8331
PHO-004215,PHO-003437,EDGE-0000271,EV-CONTRACT-2026-8377
PHO-003658,PHO-001581,EDGE-0000272,EV-CONTRACT-2026-5730
PHO-001223,PHO-001661,EDGE-0000273,EV-CONTRACT-2026-9325
PHO-002431,PHO-001912,EDGE-0000274,EV-CONTRACT-2026-9855
PHO-003729,PHO-001206,EDGE-0000275,EV-CONTRACT-2026-1872
PHO-003577,PHO-004791,EDGE-0000276,EV-CONTRACT-2026-9092
PHO-001789,PHO-002409,EDGE-0000277,EV-CONTRACT-2026-6640
PHO-000100,PHO-004560,EDGE-0000278,EV-CONTRACT-2026-8678
PHO-000012,PHO-000084,EDGE-0000279,EV-CONTRACT-2026-8102
PHO-002851,PHO-001321,EDGE-0000280,EV-CONTRACT-2026-7111
PHO-003351,PHO-002594,EDGE-0000281,EV-CONTRACT-2026-2613
PHO-003685,PHO-000834,EDGE-0000282,EV-CONTRACT-2026-3727
PHO-004975,PHO-004065,EDGE-0000283,EV-CONTRACT-2026-6530
PHO-002892,PHO-004164,EDGE-0000284,EV-CONTRACT-2026-8730
PHO-001135,PHO-001825,EDGE-0000285,EV-CONTRACT-2026-9955
PHO-004368,PHO-004439,EDGE-0000286,EV-CONTRACT-2026-3040
PHO-004623,PHO-002969,EDGE-0000287,EV-CONTRACT-2026-4643
PHO-000786,PHO-004428,EDGE-0000288,EV-CONTRACT-2026-1240
PHO-004977,PHO-001107,EDGE-0000289,EV-CONTRACT-2026-1379
PHO-003979,PHO-001908,EDGE-0000290,EV-CONTRACT-2026-1244
PHO-004847,PHO-004931,EDGE-0000291,EV-CONTRACT-2026-8875
PHO-004605,PHO-004173,EDGE-0000292,EV-CONTRACT-2026-1240
PHO-004893,PHO-000512,EDGE-0000293,EV-CONTRACT-2026-6789
PHO-004518,PHO-000435,EDGE-0000294,EV-CONTRACT-2026-1412
PHO-001451,PHO-001839,EDGE-0000295,EV-CONTRACT-2026-1563
PHO-002500,PHO-000753,EDGE-0000296,EV-CONTRACT-2026-5176
PHO-003623,PHO-001203,EDGE-0000297,EV-CONTRACT-2026-5808
PHO-004122,PHO-000922,EDGE-0000298,EV-CONTRACT-2026-2365
PHO-004940,PHO-004744,EDGE-0000299,EV-CONTRACT-2026-8424
PHO-000764,PHO-001424,EDGE-0000300,EV-CONTRACT-2026-3518
PHO-000429,PHO-002418,EDGE-0000301,EV-CONTRACT-2026-3347
PHO-000271,PHO-004033,EDGE-0000302,EV-CONTRACT-2026-3723
PHO-002086,PHO-002449,EDGE-0000303,EV-CONTRACT-2026-5556
PHO-002159,PHO-004817,EDGE-0000304,EV-CONTRACT-2026-3916
PHO-004652,PHO-001224,EDGE-0000305,EV-CONTRACT-2026-5743
PHO-003228,PHO-003235,EDGE-0000306,EV-CONTRACT-2026-2947
PHO-001138,PHO-002103,EDGE-0000307,EV-CONTRACT-2026-9900
PHO-000738,PHO-003430,EDGE-0000308,EV-CONTRACT-2026-2689
PHO-004880,PHO-001235,EDGE-0000309,EV-CONTRACT-2026-2900
PHO-001205,PHO-002773,EDGE-0000310,EV-CONTRACT-2026-7513
PHO-001482,PHO-002572,EDGE-0000311,EV-CONTRACT-2026-1577
PHO-002899,PHO-002146,EDGE-0000312,EV-CONTRACT-2026-5972
PHO-002277,PHO-003394,EDGE-0000313,EV-CONTRACT-2026-5672
PHO-003822,PHO-003906,EDGE-0000314,EV-CONTRACT-2026-5392
PHO-002547,PHO-003566,EDGE-0000315,EV-CONTRACT-2026-8116
PHO-003947,PHO-001650,EDGE-0000316,EV-CONTRACT-2026-5206
PHO-004445,PHO-003406,EDGE-0000317,EV-CONTRACT-2026-7680
PHO-001906,PHO-002802,EDGE-0000318,EV-CONTRACT-2026-2366
PHO-000315,PHO-004330,EDGE-0000319,EV-CONTRACT-2026-7451
PHO-002686,PHO-000423,EDGE-0000320,EV-CONTRACT-2026-1220
PHO-002997,PHO-000289,EDGE-0000321,EV-CONTRACT-2026-4451
PHO-000264,PHO-002329,EDGE-0000322,EV-CONTRACT-2026-7965
PHO-000935,PHO-004084,EDGE-0000323,EV-CONTRACT-2026-9282
PHO-001847,PHO-003339,EDGE-0000324,EV-CONTRACT-2026-8539
PHO-004714,PHO-001995,EDGE-0000325,EV-CONTRACT-2026-6117
PHO-003490,PHO-000409,EDGE-0000326,EV-CONTRACT-2026-6369
PHO-000528,PHO-004528,EDGE-0000327,EV-CONTRACT-2026-5049
PHO-002967,PHO-001444,EDGE-0000328,EV-CONTRACT-2026-8983
PHO-002683,PHO-003730,EDGE-0000329,EV-CONTRACT-2026-5095
PHO-000581,PHO-003491,EDGE-0000330,EV-CONTRACT-2026-3498
PHO-004754,PHO-004266,EDGE-0000331,EV-CONTRACT-2026-5116
PHO-004248,PHO-003583,EDGE-0000332,EV-CONTRACT-2026-9301
PHO-000328,PHO-004784,EDGE-0000333,EV-CONTRACT-2026-8675
PHO-003316,PHO-002686,EDGE-0000334,EV-CONTRACT-2026-9186
PHO-001897,PHO-002329,EDGE-0000335,EV-CONTRACT-2026-3575
PHO-002688,PHO-002022,EDGE-0000336,EV-CONTRACT-2026-6192
PHO-004290,PHO-001781,EDGE-0000337,EV-CONTRACT-2026-5464
PHO-002854,PHO-002686,EDGE-0000338,EV-CONTRACT-2026-8256
PHO-002030,PHO-002388,EDGE-0000339,EV-CONTRACT-2026-2900
PHO-003211,PHO-003504,EDGE-0000340,EV-CONTRACT-2026-5616
PHO-001884,PHO-003033,EDGE-0000341,EV-CONTRACT-2026-1515
PHO-001724,PHO-000542,EDGE-0000342,EV-CONTRACT-2026-2790
PHO-002392,PHO-000032,EDGE-0000343,EV-CONTRACT-2026-2623
PHO-000606,PHO-002722,EDGE-0000344,EV-CONTRACT-2026-5461
PHO-004595,PHO-004917,EDGE-0000345,EV-CONTRACT-2026-6222
PHO-004771,PHO-002690,EDGE-0000346,EV-CONTRACT-2026-5138
PHO-003163,PHO-004727,EDGE-0000347,EV-CONTRACT-2026-9695
PHO-004680,PHO-000913,EDGE-0000348,EV-CONTRACT-2026-3425
PHO-003247,PHO-001741,EDGE-0000349,EV-CONTRACT-2026-6816
PHO-004029,PHO-004607,EDGE-0000350,EV-CONTRACT-2026-1728
PHO-004824,PHO-002188,EDGE-0000351,EV-CONTRACT-2026-8965
PHO-003337,PHO-000412,EDGE-0000352,EV-CONTRACT-2026-1257
PHO-000721,PHO-000839,EDGE-0000353,EV-CONTRACT-2026-4935
PHO-002460,PHO-004687,EDGE-0000354,EV-CONTRACT-2026-8144
PHO-000518,PHO-004882,EDGE-0000355,EV-CONTRACT-2026-2342
PHO-003730,PHO-000944,EDGE-0000356,EV-CONTRACT-2026-3830
PHO-004884,PHO-002226,EDGE-0000357,EV-CONTRACT-2026-6699
PHO-000402,PHO-004025,EDGE-0000358,EV-CONTRACT-2026-6535
PHO-000222,PHO-004664,EDGE-0000359,EV-CONTRACT-2026-5665
PHO-003149,PHO-003711,EDGE-0000360,EV-CONTRACT-2026-8710
PHO-002548,PHO-003123,EDGE-0000361,EV-CONTRACT-2026-1206
PHO-004275,PHO-003378,EDGE-0000362,EV-CONTRACT-2026-3417
PHO-004655,PHO-001884,EDGE-0000363,EV-CONTRACT-2026-6953
PHO-004381,PHO-001413,EDGE-0000364,EV-CONTRACT-2026-8063
PHO-003745,PHO-001028,EDGE-0000365,EV-CONTRACT-2026-2782
PHO-000693,PHO-004505,EDGE-0000366,EV-CONTRACT-2026-9936
PHO-002870,PHO-004557,EDGE-0000367,EV-CONTRACT-2026-4576
PHO-002948,PHO-001151,EDGE-0000368,EV-CONTRACT-2026-2642
PHO-001043,PHO-002884,EDGE-0000369,EV-CONTRACT-2026-4262
PHO-001033,PHO-001683,EDGE-0000370,EV-CONTRACT-2026-6751
PHO-001570,PHO-001506,EDGE-0000371,EV-CONTRACT-2026-7712
PHO-000042,PHO-002384,EDGE-0000372,EV-CONTRACT-2026-4911
PHO-002193,PHO-002875,EDGE-0000373,EV-CONTRACT-2026-7060
PHO-003513,PHO-001675,EDGE-0000374,EV-CONTRACT-2026-3901
PHO-004160,PHO-003640,EDGE-0000375,EV-CONTRACT-2026-3930
PHO-002541,PHO-001048,EDGE-0000376,EV-CONTRACT-2026-3699
PHO-004814,PHO-001726,EDGE-0000377,EV-CONTRACT-2026-7165
PHO-000520,PHO-002871,EDGE-0000378,EV-CONTRACT-2026-8648
PHO-002343,PHO-001892,EDGE-0000379,EV-CONTRACT-2026-3415
PHO-003355,PHO-003733,EDGE-0000380,EV-CONTRACT-2026-6238
PHO-002410,PHO-002911,EDGE-0000381,EV-CONTRACT-2026-1066
PHO-002334,PHO-002332,EDGE-0000382,EV-CONTRACT-2026-9509
PHO-002861,PHO-000485,EDGE-0000383,EV-CONTRACT-2026-2659
PHO-003960,PHO-002935,EDGE-0000384,EV-CONTRACT-2026-3821
PHO-000186,PHO-002978,EDGE-0000385,EV-CONTRACT-2026-2645
PHO-000024,PHO-004487,EDGE-0000386,EV-CONTRACT-2026-2916
PHO-000772,PHO-001574,EDGE-0000387,EV-CONTRACT-2026-7154
PHO-003873,PHO-002492,EDGE-0000388,EV-CONTRACT-2026-5341
PHO-002225,PHO-001331,EDGE-0000389,EV-CONTRACT-2026-2589
PHO-000604,PHO-003062,EDGE-0000390,EV-CONTRACT-2026-4317
PHO-002984,PHO-003772,EDGE-0000391,EV-CONTRACT-2026-5358
PHO-004025,PHO-004991,EDGE-0000392,EV-CONTRACT-2026-5861
PHO-000978,PHO-004766,EDGE-0000393,EV-CONTRACT-2026-6071
PHO-000658,PHO-002567,EDGE-0000394,EV-CONTRACT-2026-4982
PHO-002940,PHO-002851,EDGE-0000395,EV-CONTRACT-2026-1779
PHO-000755,PHO-000182,EDGE-0000396,EV-CONTRACT-2026-8802
PHO-001703,PHO-000015,EDGE-0000397,EV-CONTRACT-2026-4340
PHO-001251,PHO-001967,EDGE-0000398,EV-CONTRACT-2026-7683
PHO-002327,PHO-001686,EDGE-0000399,EV-CONTRACT-2026-3079
PHO-002013,PHO-001295,EDGE-0000400,EV-CONTRACT-2026-4339
PHO-001461,PHO-003992,EDGE-0000401,EV-CONTRACT-2026-1279
PHO-004488,PHO-003661,EDGE-0000402,EV-CONTRACT-2026-2442
PHO-000610,PHO-001496,EDGE-0000403,EV-CONTRACT-2026-6508
PHO-004462,PHO-003899,EDGE-0000404,EV-CONTRACT-2026-9715
PHO-001639,PHO-003617,EDGE-0000405,EV-CONTRACT-2026-6718
PHO-000730,PHO-003372,EDGE-0000406,EV-CONTRACT-2026-3278
PHO-004439,PHO-002685,EDGE-0000407,EV-CONTRACT-2026-2346
PHO-002616,PHO-001228,EDGE-0000408,EV-CONTRACT-2026-5714
PHO-003038,PHO-002281,EDGE-0000409,EV-CONTRACT-2026-5449
PHO-000806,PHO-001123,EDGE-0000410,EV-CONTRACT-2026-7179
PHO-004969,PHO-002792,EDGE-0000411,EV-CONTRACT-2026-2662
PHO-000978,PHO-000267,EDGE-0000412,EV-CONTRACT-2026-2617
PHO-000646,PHO-004395,EDGE-0000413,EV-CONTRACT-2026-3184
PHO-002369,PHO-004168,EDGE-0000414,EV-CONTRACT-2026-4605
PHO-003415,PHO-004069,EDGE-0000415,EV-CONTRACT-2026-5949
PHO-001796,PHO-001755,EDGE-0000416,EV-CONTRACT-2026-7219
PHO-004892,PHO-001125,EDGE-0000417,EV-CONTRACT-2026-1914
PHO-001476,PHO-003565,EDGE-0000418,EV-CONTRACT-2026-3223
PHO-003455,PHO-000557,EDGE-0000419,EV-CONTRACT-2026-5348
PHO-000189,PHO-001808,EDGE-0000420,EV-CONTRACT-2026-5201
PHO-001835,PHO-002701,EDGE-0000421,EV-CONTRACT-2026-7039
PHO-003241,PHO-004076,EDGE-0000422,EV-CONTRACT-2026-2435
PHO-002254,PHO-002401,EDGE-0000423,EV-CONTRACT-2026-1857
PHO-000048,PHO-001585,EDGE-0000424,EV-CONTRACT-2026-5021
PHO-003399,PHO-002068,EDGE-0000425,EV-CONTRACT-2026-2815
PHO-003012,PHO-004641,EDGE-0000426,EV-CONTRACT-2026-4519
PHO-000870,PHO-003514,EDGE-0000427,EV-CONTRACT-2026-5795
PHO-002855,PHO-003605,EDGE-0000428,EV-CONTRACT-2026-8080
PHO-000596,PHO-000194,EDGE-0000429,EV-CONTRACT-2026-8917
PHO-001069,PHO-000310,EDGE-0000430,EV-CONTRACT-2026-8338
PHO-003998,PHO-000758,EDGE-0000431,EV-CONTRACT-2026-6162
PHO-003412,PHO-003556,EDGE-0000432,EV-CONTRACT-2026-5117
PHO-000462,PHO-002020,EDGE-0000433,EV-CONTRACT-2026-6391
PHO-002208,PHO-002078,EDGE-0000434,EV-CONTRACT-2026-6599
PHO-004988,PHO-003358,EDGE-0000435,EV-CONTRACT-2026-6363
PHO-003361,PHO-004705,EDGE-0000436,EV-CONTRACT-2026-8498
PHO-004057,PHO-003671,EDGE-0000437,EV-CONTRACT-2026-3662
PHO-000835,PHO-003319,EDGE-0000438,EV-CONTRACT-2026-8715
PHO-003659,PHO-004613,EDGE-0000439,EV-CONTRACT-2026-3718
PHO-001672,PHO-003168,EDGE-0000440,EV-CONTRACT-2026-5142
PHO-003112,PHO-002213,EDGE-0000441,EV-CONTRACT-2026-7040
PHO-004119,PHO-001192,EDGE-0000442,EV-CONTRACT-2026-4510
PHO-003286,PHO-001658,EDGE-0000443,EV-CONTRACT-2026-9396
PHO-000013,PHO-003263,EDGE-0000444,EV-CONTRACT-2026-7028
PHO-001024,PHO-003170,EDGE-0000445,EV-CONTRACT-2026-4178
PHO-000465,PHO-000294,EDGE-0000446,EV-CONTRACT-2026-2878
PHO-001041,PHO-001129,EDGE-0000447,EV-CONTRACT-2026-8409
PHO-001696,PHO-004063,EDGE-0000448,EV-CONTRACT-2026-3013
PHO-000763,PHO-002402,EDGE-0000449,EV-CONTRACT-2026-2894
PHO-004488,PHO-000584,EDGE-0000450,EV-CONTRACT-2026-7401
PHO-000663,PHO-003775,EDGE-0000451,EV-CONTRACT-2026-1650
PHO-002558,PHO-002858,EDGE-0000452,EV-CONTRACT-2026-9901
PHO-002291,PHO-002509,EDGE-0000453,EV-CONTRACT-2026-8865
PHO-001058,PHO-004790,EDGE-0000454,EV-CONTRACT-2026-2518
PHO-000381,PHO-003031,EDGE-0000455,EV-CONTRACT-2026-7249
PHO-001777,PHO-004970,EDGE-0000456,EV-CONTRACT-2026-3750
PHO-003513,PHO-002605,EDGE-0000457,EV-CONTRACT-2026-1458
PHO-002457,PHO-003729,EDGE-0000458,EV-CONTRACT-2026-4024
PHO-004667,PHO-000627,EDGE-0000459,EV-CONTRACT-2026-9837
PHO-000443,PHO-001400,EDGE-0000460,EV-CONTRACT-2026-5433
PHO-001595,PHO-000831,EDGE-0000461,EV-CONTRACT-2026-2801
PHO-002928,PHO-000573,EDGE-0000462,EV-CONTRACT-2026-2746
PHO-004359,PHO-004826,EDGE-0000463,EV-CONTRACT-2026-4537
PHO-000917,PHO-000642,EDGE-0000464,EV-CONTRACT-2026-8878
PHO-001772,PHO-000313,EDGE-0000465,EV-CONTRACT-2026-8543
PHO-002013,PHO-004168,EDGE-0000466,EV-CONTRACT-2026-5484
PHO-000640,PHO-001494,EDGE-0000467,EV-CONTRACT-2026-2695
PHO-004686,PHO-001108,EDGE-0000468,EV-CONTRACT-2026-8787
PHO-002710,PHO-004033,EDGE-0000469,EV-CONTRACT-2026-5526
PHO-002247,PHO-004639,EDGE-0000470,EV-CONTRACT-2026-5775
PHO-003854,PHO-004160,EDGE-0000471,EV-CONTRACT-2026-3945
PHO-004395,PHO-004912,EDGE-0000472,EV-CONTRACT-2026-1401
PHO-002086,PHO-003914,EDGE-0000473,EV-CONTRACT-2026-7850
PHO-001931,PHO-000484,EDGE-0000474,EV-CONTRACT-2026-2182
PHO-003853,PHO-001651,EDGE-0000475,EV-CONTRACT-2026-8257
PHO-001173,PHO-003206,EDGE-0000476,EV-CONTRACT-2026-9558
PHO-002869,PHO-002842,EDGE-0000477,EV-CONTRACT-2026-8619
PHO-000443,PHO-004243,EDGE-0000478,EV-CONTRACT-2026-9494
PHO-002282,PHO-002190,EDGE-0000479,EV-CONTRACT-2026-7215
PHO-004875,PHO-002981,EDGE-0000480,EV-CONTRACT-2026-2211
PHO-003502,PHO-000434,EDGE-0000481,EV-CONTRACT-2026-2384
PHO-000010,PHO-003170,EDGE-0000482,EV-CONTRACT-2026-6022
PHO-003255,PHO-003800,EDGE-0000483,EV-CONTRACT-2026-2083
PHO-003291,PHO-000875,EDGE-0000484,EV-CONTRACT-2026-8547
PHO-000103,PHO-003360,EDGE-0000485,EV-CONTRACT-2026-3648
PHO-001805,PHO-003564,EDGE-0000486,EV-CONTRACT-2026-9794
PHO-000062,PHO-004195,EDGE-0000487,EV-CONTRACT-2026-6228
PHO-004294,PHO-002015,EDGE-0000488,EV-CONTRACT-2026-5763
PHO-000107,PHO-001620,EDGE-0000489,EV-CONTRACT-2026-6887
PHO-000572,PHO-002448,EDGE-0000490,EV-CONTRACT-2026-7643
PHO-003332,PHO-000550,EDGE-0000491,EV-CONTRACT-2026-8207
PHO-002243,PHO-002188,EDGE-0000492,EV-CONTRACT-2026-3053
PHO-001275,PHO-003036,EDGE-0000493,EV-CONTRACT-2026-8045
PHO-003922,PHO-003581,EDGE-0000494,EV-CONTRACT-2026-8955
PHO-003260,PHO-003238,EDGE-0000495,EV-CONTRACT-2026-6997
PHO-002255,PHO-004214,EDGE-0000496,EV-CONTRACT-2026-7662
PHO-001403,PHO-003539,EDGE-0000497,EV-CONTRACT-2026-2947
PHO-002992,PHO-004290,EDGE-0000498,EV-CONTRACT-2026-4944
PHO-003657,PHO-002673,EDGE-0000499,EV-CONTRACT-2026-9721
PHO-004608,PHO-004459,EDGE-0000500,EV-CONTRACT-2026-6647
PHO-002146,PHO-004206,EDGE-0000501,EV-CONTRACT-2026-6505
PHO-001588,PHO-003263,EDGE-0000502,EV-CONTRACT-2026-2720
PHO-003428,PHO-000857,EDGE-0000503,EV-CONTRACT-2026-6975
PHO-004388,PHO-002293,EDGE-0000504,EV-CONTRACT-2026-5316
PHO-002022,PHO-003121,EDGE-0000505,EV-CONTRACT-2026-1723
PHO-003403,PHO-004706,EDGE-0000506,EV-CONTRACT-2026-3399
PHO-002398,PHO-004538,EDGE-0000507,EV-CONTRACT-2026-2484
PHO-002055,PHO-002603,EDGE-0000508,EV-CONTRACT-2026-5719
PHO-003810,PHO-000108,EDGE-0000509,EV-CONTRACT-2026-9280
PHO-003213,PHO-003592,EDGE-0000510,EV-CONTRACT-2026-1430
PHO-003168,PHO-003512,EDGE-0000511,EV-CONTRACT-2026-1136
PHO-004806,PHO-004435,EDGE-0000512,EV-CONTRACT-2026-3010
PHO-000211,PHO-002878,EDGE-0000513,EV-CONTRACT-2026-9896
PHO-001449,PHO-000527,EDGE-0000514,EV-CONTRACT-2026-8489
PHO-001907,PHO-000954,EDGE-0000515,EV-CONTRACT-2026-9675
PHO-003675,PHO-002144,EDGE-0000516,EV-CONTRACT-2026-6775
PHO-002168,PHO-004414,EDGE-0000517,EV-CONTRACT-2026-9488
PHO-003723,PHO-000121,EDGE-0000518,EV-CONTRACT-2026-6917
PHO-001009,PHO-000702,EDGE-0000519,EV-CONTRACT-2026-2935
PHO-003701,PHO-001392,EDGE-0000520,EV-CONTRACT-2026-6420
PHO-001751,PHO-000731,EDGE-0000521,EV-CONTRACT-2026-7248
PHO-004077,PHO-003213,EDGE-0000522,EV-CONTRACT-2026-6516
PHO-001042,PHO-001022,EDGE-0000523,EV-CONTRACT-2026-8087
PHO-004703,PHO-001940,EDGE-0000524,EV-CONTRACT-2026-7271
PHO-003979,PHO-003045,EDGE-0000525,EV-CONTRACT-2026-7024
PHO-002525,PHO-000946,EDGE-0000526,EV-CONTRACT-2026-8602
PHO-003789,PHO-002930,EDGE-0000527,EV-CONTRACT-2026-9717
PHO-003054,PHO-004162,EDGE-0000528,EV-CONTRACT-2026-5091
PHO-001198,PHO-003002,EDGE-0000529,EV-CONTRACT-2026-3840
PHO-001246,PHO-004705,EDGE-0000530,EV-CONTRACT-2026-6029
PHO-001605,PHO-000496,EDGE-0000531,EV-CONTRACT-2026-8303
PHO-001654,PHO-003149,EDGE-0000532,EV-CONTRACT-2026-8236
PHO-003819,PHO-003741,EDGE-0000533,EV-CONTRACT-2026-8836
PHO-004691,PHO-004134,EDGE-0000534,EV-CONTRACT-2026-7506
PHO-002355,PHO-000089,EDGE-0000535,EV-CONTRACT-2026-9977
PHO-000046,PHO-000669,EDGE-0000536,EV-CONTRACT-2026-9534
PHO-000742,PHO-001603,EDGE-0000537,EV-CONTRACT-2026-6521
PHO-004244,PHO-003735,EDGE-0000538,EV-CONTRACT-2026-9176
PHO-002694,PHO-004706,EDGE-0000539,EV-CONTRACT-2026-9638
PHO-002015,PHO-002106,EDGE-0000540,EV-CONTRACT-2026-4334
PHO-000849,PHO-004067,EDGE-0000541,EV-CONTRACT-2026-1381
PHO-003834,PHO-004712,EDGE-0000542,EV-CONTRACT-2026-7268
PHO-002073,PHO-003601,EDGE-0000543,EV-CONTRACT-2026-9546
PHO-001056,PHO-004423,EDGE-0000544,EV-CONTRACT-2026-1639
PHO-000762,PHO-004440,EDGE-0000545,EV-CONTRACT-2026-2109
PHO-001411,PHO-001610,EDGE-0000546,EV-CONTRACT-2026-8448
PHO-003558,PHO-004723,EDGE-0000547,EV-CONTRACT-2026-8096
PHO-004908,PHO-001957,EDGE-0000548,EV-CONTRACT-2026-5335
PHO-001557,PHO-003468,EDGE-0000549,EV-CONTRACT-2026-7884
PHO-004555,PHO-002956,EDGE-0000550,EV-CONTRACT-2026-9678
PHO-001477,PHO-000458,EDGE-0000551,EV-CONTRACT-2026-5604
PHO-002889,PHO-002575,EDGE-0000552,EV-CONTRACT-2026-2453
PHO-000607,PHO-004592,EDGE-0000553,EV-CONTRACT-2026-4870
PHO-002844,PHO-002764,EDGE-0000554,EV-CONTRACT-2026-9025
PHO-004159,PHO-001477,EDGE-0000555,EV-CONTRACT-2026-5184
PHO-004103,PHO-003146,EDGE-0000556,EV-CONTRACT-2026-9212
PHO-004841,PHO-003526,EDGE-0000557,EV-CONTRACT-2026-9938
PHO-003396,PHO-003988,EDGE-0000558,EV-CONTRACT-2026-1442
PHO-002302,PHO-004803,EDGE-0000559,EV-CONTRACT-2026-9916
PHO-002564,PHO-002192,EDGE-0000560,EV-CONTRACT-2026-6978
PHO-002116,PHO-003685,EDGE-0000561,EV-CONTRACT-2026-4514
PHO-002516,PHO-000854,EDGE-0000562,EV-CONTRACT-2026-1609
PHO-001152,PHO-000226,EDGE-0000563,EV-CONTRACT-2026-8176
PHO-003877,PHO-003538,EDGE-0000564,EV-CONTRACT-2026-5881
PHO-003802,PHO-003689,EDGE-0000565,EV-CONTRACT-2026-9544
PHO-004056,PHO-004515,EDGE-0000566,EV-CONTRACT-2026-9865
PHO-001262,PHO-003658,EDGE-0000567,EV-CONTRACT-2026-7799
PHO-004082,PHO-000131,EDGE-0000568,EV-CONTRACT-2026-4711
PHO-002891,PHO-001522,EDGE-0000569,EV-CONTRACT-2026-7147
PHO-002539,PHO-001110,EDGE-0000570,EV-CONTRACT-2026-9304
PHO-001364,PHO-002844,EDGE-0000571,EV-CONTRACT-2026-2928
PHO-002308,PHO-001666,EDGE-0000572,EV-CONTRACT-2026-3963
PHO-001834,PHO-003050,EDGE-0000573,EV-CONTRACT-2026-3175
PHO-002503,PHO-001410,EDGE-0000574,EV-CONTRACT-2026-7230
PHO-002277,PHO-000160,EDGE-0000575,EV-CONTRACT-2026-3512
PHO-000283,PHO-002811,EDGE-0000576,EV-CONTRACT-2026-3102
PHO-000184,PHO-000042,EDGE-0000577,EV-CONTRACT-2026-8569
PHO-002564,PHO-000677,EDGE-0000578,EV-CONTRACT-2026-7719
PHO-004213,PHO-004115,EDGE-0000579,EV-CONTRACT-2026-8733
PHO-000772,PHO-000122,EDGE-0000580,EV-CONTRACT-2026-7362
PHO-004426,PHO-002352,EDGE-0000581,EV-CONTRACT-2026-8855
PHO-002700,PHO-001589,EDGE-0000582,EV-CONTRACT-2026-6171
PHO-001300,PHO-000883,EDGE-0000583,EV-CONTRACT-2026-7959
PHO-003541,PHO-003222,EDGE-0000584,EV-CONTRACT-2026-9168
PHO-002949,PHO-000164,EDGE-0000585,EV-CONTRACT-2026-1884
PHO-004918,PHO-004188,EDGE-0000586,EV-CONTRACT-2026-1337
PHO-004004,PHO-002649,EDGE-0000587,EV-CONTRACT-2026-2066
PHO-001193,PHO-004123,EDGE-0000588,EV-CONTRACT-2026-8572
PHO-004725,PHO-001656,EDGE-0000589,EV-CONTRACT-2026-5014
PHO-002747,PHO-002252,EDGE-0000590,EV-CONTRACT-2026-2369
PHO-004630,PHO-002701,EDGE-0000591,EV-CONTRACT-2026-2974
PHO-003678,PHO-000417,EDGE-0000592,EV-CONTRACT-2026-3543
PHO-004344,PHO-003278,EDGE-0000593,EV-CONTRACT-2026-5623
PHO-001960,PHO-000818,EDGE-0000594,EV-CONTRACT-2026-8259
PHO-003978,PHO-003745,EDGE-0000595,EV-CONTRACT-2026-6180
PHO-001499,PHO-002904,EDGE-0000596,EV-CONTRACT-2026-6704
PHO-002039,PHO-004062,EDGE-0000597,EV-CONTRACT-2026-8380
PHO-000387,PHO-002716,EDGE-0000598,EV-CONTRACT-2026-2794
PHO-002747,PHO-001694,EDGE-0000599,EV-CONTRACT-2026-2997
PHO-003800,PHO-004442,EDGE-0000600,EV-CONTRACT-2026-4653
PHO-003075,PHO-003427,EDGE-0000601,EV-CONTRACT-2026-4211
PHO-002629,PHO-003373,EDGE-0000602,EV-CONTRACT-2026-3381
PHO-001425,PHO-001394,EDGE-0000603,EV-CONTRACT-2026-1358
PHO-003145,PHO-001995,EDGE-0000604,EV-CONTRACT-2026-4325
PHO-000272,PHO-004647,EDGE-0000605,EV-CONTRACT-2026-1939
PHO-003173,PHO-000837,EDGE-0000606,EV-CONTRACT-2026-1037
PHO-002809,PHO-002766,EDGE-0000607,EV-CONTRACT-2026-4515
PHO-004886,PHO-001630,EDGE-0000608,EV-CONTRACT-2026-1630
PHO-001969,PHO-004592,EDGE-0000609,EV-CONTRACT-2026-8851
PHO-002840,PHO-002419,EDGE-0000610,EV-CONTRACT-2026-1949
PHO-002288,PHO-004305,EDGE-0000611,EV-CONTRACT-2026-2821
PHO-003098,PHO-004217,EDGE-0000612,EV-CONTRACT-2026-6081
PHO-002520,PHO-001208,EDGE-0000613,EV-CONTRACT-2026-5783
PHO-004292,PHO-002796,EDGE-0000614,EV-CONTRACT-2026-7358
PHO-000922,PHO-004117,EDGE-0000615,EV-CONTRACT-2026-8763
PHO-003626,PHO-002623,EDGE-0000616,EV-CONTRACT-2026-1772
PHO-004139,PHO-001535,EDGE-0000617,EV-CONTRACT-2026-5109
PHO-002191,PHO-000738,EDGE-0000618,EV-CONTRACT-2026-2226
PHO-000208,PHO-000466,EDGE-0000619,EV-CONTRACT-2026-2900
PHO-002596,PHO-001909,EDGE-0000620,EV-CONTRACT-2026-5643
PHO-002663,PHO-002925,EDGE-0000621,EV-CONTRACT-2026-4520
PHO-002588,PHO-002446,EDGE-0000622,EV-CONTRACT-2026-1326
PHO-001132,PHO-004647,EDGE-0000623,EV-CONTRACT-2026-8188
PHO-004503,PHO-004913,EDGE-0000624,EV-CONTRACT-2026-4741
PHO-004163,PHO-001706,EDGE-0000625,EV-CONTRACT-2026-2593
PHO-001248,PHO-002888,EDGE-0000626,EV-CONTRACT-2026-2592
PHO-004037,PHO-003742,EDGE-0000627,EV-CONTRACT-2026-3006
PHO-002287,PHO-000436,EDGE-0000628,EV-CONTRACT-2026-5298
PHO-001660,PHO-004263,EDGE-0000629,EV-CONTRACT-2026-2158
PHO-000332,PHO-003115,EDGE-0000630,EV-CONTRACT-2026-9561
PHO-004363,PHO-002936,EDGE-0000631,EV-CONTRACT-2026-5772
PHO-003189,PHO-001323,EDGE-0000632,EV-CONTRACT-2026-3075
PHO-003127,PHO-000883,EDGE-0000633,EV-CONTRACT-2026-6985
PHO-000060,PHO-003573,EDGE-0000634,EV-CONTRACT-2026-9534
PHO-004391,PHO-004048,EDGE-0000635,EV-CONTRACT-2026-5908
PHO-004647,PHO-001861,EDGE-0000636,EV-CONTRACT-2026-5040
PHO-004769,PHO-000486,EDGE-0000637,EV-CONTRACT-2026-9560
PHO-000362,PHO-000160,EDGE-0000638,EV-CONTRACT-2026-7722
PHO-001111,PHO-003578,EDGE-0000639,EV-CONTRACT-2026-2324
PHO-002881,PHO-003360,EDGE-0000640,EV-CONTRACT-2026-9307
PHO-001979,PHO-000711,EDGE-0000641,EV-CONTRACT-2026-5892
PHO-002575,PHO-000700,EDGE-0000642,EV-CONTRACT-2026-1539
PHO-001668,PHO-004549,EDGE-0000643,EV-CONTRACT-2026-3388
PHO-000883,PHO-002377,EDGE-0000644,EV-CONTRACT-2026-7386
PHO-003755,PHO-004857,EDGE-0000645,EV-CONTRACT-2026-5090
PHO-001468,PHO-004709,EDGE-0000646,EV-CONTRACT-2026-2282
PHO-000350,PHO-000453,EDGE-0000647,EV-CONTRACT-2026-6251
PHO-003058,PHO-002915,EDGE-0000648,EV-CONTRACT-2026-9730
PHO-000568,PHO-002903,EDGE-0000649,EV-CONTRACT-2026-4452
PHO-000529,PHO-000806,EDGE-0000650,EV-CONTRACT-2026-9365
PHO-000603,PHO-001281,EDGE-0000651,EV-CONTRACT-2026-3332
PHO-004257,PHO-002734,EDGE-0000652,EV-CONTRACT-2026-2716
PHO-002636,PHO-004919,EDGE-0000653,EV-CONTRACT-2026-5444
PHO-001693,PHO-001950,EDGE-0000654,EV-CONTRACT-2026-1798
PHO-003349,PHO-003381,EDGE-0000655,EV-CONTRACT-2026-3428
PHO-000938,PHO-002036,EDGE-0000656,EV-CONTRACT-2026-4710
PHO-002189,PHO-003039,EDGE-0000657,EV-CONTRACT-2026-2426
PHO-002008,PHO-002060,EDGE-0000658,EV-CONTRACT-2026-5197
PHO-001664,PHO-003017,EDGE-0000659,EV-CONTRACT-2026-8707
PHO-001800,PHO-004788,EDGE-0000660,EV-CONTRACT-2026-7305
PHO-002824,PHO-004810,EDGE-0000661,EV-CONTRACT-2026-8623
PHO-003704,PHO-002381,EDGE-0000662,EV-CONTRACT-2026-2850
PHO-000719,PHO-002458,EDGE-0000663,EV-CONTRACT-2026-2169
PHO-003112,PHO-003814,EDGE-0000664,EV-CONTRACT-2026-6635
PHO-001515,PHO-000363,EDGE-0000665,EV-CONTRACT-2026-2239
PHO-003784,PHO-004798,EDGE-0000666,EV-CONTRACT-2026-3260
PHO-000487,PHO-002475,EDGE-0000667,EV-CONTRACT-2026-7056
PHO-003997,PHO-004849,EDGE-0000668,EV-CONTRACT-2026-6270
PHO-003089,PHO-000476,EDGE-0000669,EV-CONTRACT-2026-6736
PHO-001371,PHO-001047,EDGE-0000670,EV-CONTRACT-2026-4858
PHO-000819,PHO-003599,EDGE-0000671,EV-CONTRACT-2026-4546
PHO-002991,PHO-003066,EDGE-0000672,EV-CONTRACT-2026-5554
PHO-003693,PHO-002529,EDGE-0000673,EV-CONTRACT-2026-4437
PHO-003883,PHO-003597,EDGE-0000674,EV-CONTRACT-2026-7664
PHO-000012,PHO-004126,EDGE-0000675,EV-CONTRACT-2026-7186
PHO-002659,PHO-000758,EDGE-0000676,EV-CONTRACT-2026-5958
PHO-004632,PHO-001368,EDGE-0000677,EV-CONTRACT-2026-6849
PHO-000119,PHO-002518,EDGE-0000678,EV-CONTRACT-2026-3854
PHO-001022,PHO-003426,EDGE-0000679,EV-CONTRACT-2026-2603
PHO-003873,PHO-002138,EDGE-0000680,EV-CONTRACT-2026-2284
PHO-002593,PHO-002326,EDGE-0000681,EV-CONTRACT-2026-9444
PHO-000533,PHO-004397,EDGE-0000682,EV-CONTRACT-2026-4116
PHO-002196,PHO-002785,EDGE-0000683,EV-CONTRACT-2026-5004
PHO-001381,PHO-000023,EDGE-0000684,EV-CONTRACT-2026-8627
PHO-001662,PHO-001431,EDGE-0000685,EV-CONTRACT-2026-8639
PHO-004488,PHO-001898,EDGE-0000686,EV-CONTRACT-2026-7347
PHO-002784,PHO-002494,EDGE-0000687,EV-CONTRACT-2026-3692
PHO-001583,PHO-002148,EDGE-0000688,EV-CONTRACT-2026-2905
PHO-004669,PHO-001279,EDGE-0000689,EV-CONTRACT-2026-2897
PHO-001890,PHO-002562,EDGE-0000690,EV-CONTRACT-2026-2416
PHO-000328,PHO-004221,EDGE-0000691,EV-CONTRACT-2026-7029
PHO-002259,PHO-001868,EDGE-0000692,EV-CONTRACT-2026-5564
PHO-000199,PHO-004760,EDGE-0000693,EV-CONTRACT-2026-1455
PHO-001445,PHO-003029,EDGE-0000694,EV-CONTRACT-2026-8058
PHO-001338,PHO-002165,EDGE-0000695,EV-CONTRACT-2026-4363
PHO-001121,PHO-004686,EDGE-0000696,EV-CONTRACT-2026-3931
PHO-004809,PHO-003437,EDGE-0000697,EV-CONTRACT-2026-3920
PHO-003882,PHO-001836,EDGE-0000698,EV-CONTRACT-2026-4610
PHO-001328,PHO-004278,EDGE-0000699,EV-CONTRACT-2026-3306
PHO-002500,PHO-003189,EDGE-0000700,EV-CONTRACT-2026-3736
PHO-004773,PHO-000574,EDGE-0000701,EV-CONTRACT-2026-5807
PHO-002740,PHO-001606,EDGE-0000702,EV-CONTRACT-2026-7869
PHO-004763,PHO-004750,EDGE-0000703,EV-CONTRACT-2026-7634
PHO-003862,PHO-002362,EDGE-0000704,EV-CONTRACT-2026-6425
PHO-000303,PHO-001169,EDGE-0000705,EV-CONTRACT-2026-2703
PHO-002346,PHO-000437,EDGE-0000706,EV-CONTRACT-2026-4458
PHO-003698,PHO-002871,EDGE-0000707,EV-CONTRACT-2026-1479
PHO-001169,PHO-003639,EDGE-0000708,EV-CONTRACT-2026-6237
PHO-003633,PHO-000060,EDGE-0000709,EV-CONTRACT-2026-5399
PHO-002034,PHO-003785,EDGE-0000710,EV-CONTRACT-2026-3065
PHO-000056,PHO-001129,EDGE-0000711,EV-CONTRACT-2026-2842
PHO-003544,PHO-002948,EDGE-0000712,EV-CONTRACT-2026-2560
PHO-003129,PHO-004170,EDGE-0000713,EV-CONTRACT-2026-4672
PHO-001762,PHO-004069,EDGE-0000714,EV-CONTRACT-2026-1760
PHO-003528,PHO-002286,EDGE-0000715,EV-CONTRACT-2026-4539
PHO-002882,PHO-000499,EDGE-0000716,EV-CONTRACT-2026-9878
PHO-002357,PHO-000553,EDGE-0000717,EV-CONTRACT-2026-6479
PHO-000588,PHO-001628,EDGE-0000718,EV-CONTRACT-2026-6779
PHO-001210,PHO-001571,EDGE-0000719,EV-CONTRACT-2026-3669
PHO-002152,PHO-003006,EDGE-0000720,EV-CONTRACT-2026-2569
PHO-000815,PHO-002623,EDGE-0000721,EV-CONTRACT-2026-3036
PHO-002758,PHO-001821,EDGE-0000722,EV-CONTRACT-2026-6390
PHO-002070,PHO-003669,EDGE-0000723,EV-CONTRACT-2026-9794
PHO-001063,PHO-003136,EDGE-0000724,EV-CONTRACT-2026-3239
PHO-003446,PHO-004595,EDGE-0000725,EV-CONTRACT-2026-9089
PHO-000404,PHO-001497,EDGE-0000726,EV-CONTRACT-2026-5330
PHO-002101,PHO-003229,EDGE-0000727,EV-CONTRACT-2026-1558
PHO-001063,PHO-001744,EDGE-0000728,EV-CONTRACT-2026-9275
PHO-001964,PHO-002411,EDGE-0000729,EV-CONTRACT-2026-6114
PHO-002648,PHO-003092,EDGE-0000730,EV-CONTRACT-2026-1367
PHO-001645,PHO-001755,EDGE-0000731,EV-CONTRACT-2026-5618
PHO-002863,PHO-001620,EDGE-0000732,EV-CONTRACT-2026-9435
PHO-000317,PHO-000198,EDGE-0000733,EV-CONTRACT-2026-8300
PHO-000463,PHO-002924,EDGE-0000734,EV-CONTRACT-2026-1539
PHO-004662,PHO-004890,EDGE-0000735,EV-CONTRACT-2026-5514
PHO-004497,PHO-002387,EDGE-0000736,EV-CONTRACT-2026-7304
PHO-001760,PHO-001316,EDGE-0000737,EV-CONTRACT-2026-7829
PHO-004142,PHO-003552,EDGE-0000738,EV-CONTRACT-2026-7186
PHO-001099,PHO-000864,EDGE-0000739,EV-CONTRACT-2026-3613
PHO-002642,PHO-001002,EDGE-0000740,EV-CONTRACT-2026-4611
PHO-003873,PHO-000171,EDGE-0000741,EV-CONTRACT-2026-5945
PHO-000248,PHO-004540,EDGE-0000742,EV-CONTRACT-2026-4442
PHO-001496,PHO-004223,EDGE-0000743,EV-CONTRACT-2026-1053
PHO-002688,PHO-003906,EDGE-0000744,EV-CONTRACT-2026-8144
PHO-000766,PHO-000949,EDGE-0000745,EV-CONTRACT-2026-8965
PHO-003358,PHO-003492,EDGE-0000746,EV-CONTRACT-2026-5671
PHO-001339,PHO-002221,EDGE-0000747,EV-CONTRACT-2026-2534
PHO-001186,PHO-000374,EDGE-0000748,EV-CONTRACT-2026-3828
PHO-000963,PHO-000510,EDGE-0000749,EV-CONTRACT-2026-9004
PHO-004951,PHO-004074,EDGE-0000750,EV-CONTRACT-2026-4992
PHO-004482,PHO-002528,EDGE-0000751,EV-CONTRACT-2026-2580
PHO-000459,PHO-000825,EDGE-0000752,EV-CONTRACT-2026-3824
PHO-000768,PHO-003541,EDGE-0000753,EV-CONTRACT-2026-1649
PHO-003746,PHO-004884,EDGE-0000754,EV-CONTRACT-2026-5171
PHO-000649,PHO-002641,EDGE-0000755,EV-CONTRACT-2026-4616
PHO-000070,PHO-003011,EDGE-0000756,EV-CONTRACT-2026-1831
PHO-001895,PHO-003789,EDGE-0000757,EV-CONTRACT-2026-4836
PHO-000509,PHO-003314,EDGE-0000758,EV-CONTRACT-2026-8737
PHO-002342,PHO-004340,EDGE-0000759,EV-CONTRACT-2026-6093
PHO-002550,PHO-003683,EDGE-0000760,EV-CONTRACT-2026-6027
PHO-001350,PHO-000716,EDGE-0000761,EV-CONTRACT-2026-5955
PHO-000883,PHO-002776,EDGE-0000762,EV-CONTRACT-2026-5217
PHO-001182,PHO-004590,EDGE-0000763,EV-CONTRACT-2026-8214
PHO-000162,PHO-000177,EDGE-0000764,EV-CONTRACT-2026-6388
PHO-003989,PHO-003621,EDGE-0000765,EV-CONTRACT-2026-7409
PHO-004290,PHO-004201,EDGE-0000766,EV-CONTRACT-2026-7176
PHO-003829,PHO-004260,EDGE-0000767,EV-CONTRACT-2026-3202
PHO-000353,PHO-004630,EDGE-0000768,EV-CONTRACT-2026-1684
PHO-002346,PHO-000007,EDGE-0000769,EV-CONTRACT-2026-7230
PHO-002832,PHO-002136,EDGE-0000770,EV-CONTRACT-2026-4806
PHO-003438,PHO-000334,EDGE-0000771,EV-CONTRACT-2026-3026
PHO-002171,PHO-002415,EDGE-0000772,EV-CONTRACT-2026-3500
PHO-003153,PHO-004533,EDGE-0000773,EV-CONTRACT-2026-9732
PHO-002933,PHO-004624,EDGE-0000774,EV-CONTRACT-2026-4789
PHO-003503,PHO-000121,EDGE-0000775,EV-CONTRACT-2026-2982
PHO-001531,PHO-000974,EDGE-0000776,EV-CONTRACT-2026-3453
PHO-000520,PHO-002503,EDGE-0000777,EV-CONTRACT-2026-8273
PHO-001346,PHO-004518,EDGE-0000778,EV-CONTRACT-2026-8857
PHO-004594,PHO-001635,EDGE-0000779,EV-CONTRACT-2026-3253
PHO-000271,PHO-002973,EDGE-0000780,EV-CONTRACT-2026-3401
PHO-004491,PHO-003965,EDGE-0000781,EV-CONTRACT-2026-3431
PHO-003480,PHO-003894,EDGE-0000782,EV-CONTRACT-2026-7767
PHO-001503,PHO-003610,EDGE-0000783,EV-CONTRACT-2026-7335
PHO-004399,PHO-000421,EDGE-0000784,EV-CONTRACT-2026-3084
PHO-000891,PHO-003486,EDGE-0000785,EV-CONTRACT-2026-5758
PHO-002832,PHO-003969,EDGE-0000786,EV-CONTRACT-2026-9548
PHO-004874,PHO-003842,EDGE-0000787,EV-CONTRACT-2026-3401
PHO-000378,PHO-001776,EDGE-0000788,EV-CONTRACT-2026-6297
PHO-003827,PHO-004649,EDGE-0000789,EV-CONTRACT-2026-9954
PHO-002780,PHO-002167,EDGE-0000790,EV-CONTRACT-2026-5736
PHO-000173,PHO-002986,EDGE-0000791,EV-CONTRACT-2026-8393
PHO-002285,PHO-004543,EDGE-0000792,EV-CONTRACT-2026-4611
PHO-000613,PHO-004236,EDGE-0000793,EV-CONTRACT-2026-9649
PHO-000297,PHO-004828,EDGE-0000794,EV-CONTRACT-2026-3252
PHO-000089,PHO-002893,EDGE-0000795,EV-CONTRACT-2026-2983
PHO-004420,PHO-003809,EDGE-0000796,EV-CONTRACT-2026-9208
PHO-001991,PHO-001959,EDGE-0000797,EV-CONTRACT-2026-1022
PHO-004847,PHO-002157,EDGE-0000798,EV-CONTRACT-2026-1927
PHO-002704,PHO-000584,EDGE-0000799,EV-CONTRACT-2026-6988
PHO-003868,PHO-003799,EDGE-0000800,EV-CONTRACT-2026-6166
PHO-000970,PHO-003356,EDGE-0000801,EV-CONTRACT-2026-8438
PHO-004327,PHO-004288,EDGE-0000802,EV-CONTRACT-2026-1645
PHO-000814,PHO-002051,EDGE-0000803,EV-CONTRACT-2026-6784
PHO-002269,PHO-004045,EDGE-0000804,EV-CONTRACT-2026-5086
PHO-003388,PHO-000664,EDGE-0000805,EV-CONTRACT-2026-6114
PHO-001109,PHO-000647,EDGE-0000806,EV-CONTRACT-2026-2963
PHO-000786,PHO-000857,EDGE-0000807,EV-CONTRACT-2026-4099
PHO-004561,PHO-004310,EDGE-0000808,EV-CONTRACT-2026-7932
PHO-003740,PHO-002068,EDGE-0000809,EV-CONTRACT-2026-6141
PHO-004107,PHO-002416,EDGE-0000810,EV-CONTRACT-2026-2496
PHO-000727,PHO-002129,EDGE-0000811,EV-CONTRACT-2026-6119
PHO-003769,PHO-000368,EDGE-0000812,EV-CONTRACT-2026-8373
PHO-000154,PHO-000578,EDGE-0000813,EV-CONTRACT-2026-6383
PHO-002841,PHO-001497,EDGE-0000814,EV-CONTRACT-2026-3370
PHO-003313,PHO-004056,EDGE-0000815,EV-CONTRACT-2026-6039
PHO-004331,PHO-000725,EDGE-0000816,EV-CONTRACT-2026-2898
PHO-001399,PHO-000681,EDGE-0000817,EV-CONTRACT-2026-9009
PHO-000811,PHO-001614,EDGE-0000818,EV-CONTRACT-2026-2649
PHO-002099,PHO-003188,EDGE-0000819,EV-CONTRACT-2026-9086
PHO-004047,PHO-002670,EDGE-0000820,EV-CONTRACT-2026-4745
PHO-003851,PHO-001170,EDGE-0000821,EV-CONTRACT-2026-7011
PHO-000916,PHO-000385,EDGE-0000822,EV-CONTRACT-2026-5463
PHO-001492,PHO-002677,EDGE-0000823,EV-CONTRACT-2026-1196
PHO-004487,PHO-002224,EDGE-0000824,EV-CONTRACT-2026-6596
PHO-002337,PHO-003918,EDGE-0000825,EV-CONTRACT-2026-8423
PHO-004290,PHO-004464,EDGE-0000826,EV-CONTRACT-2026-4925
PHO-001021,PHO-000129,EDGE-0000827,EV-CONTRACT-2026-5219
PHO-003465,PHO-001171,EDGE-0000828,EV-CONTRACT-2026-9267
PHO-004461,PHO-003767,EDGE-0000829,EV-CONTRACT-2026-5762
PHO-001825,PHO-001388,EDGE-0000830,EV-CONTRACT-2026-9303
PHO-002119,PHO-003926,EDGE-0000831,EV-CONTRACT-2026-7588
PHO-002506,PHO-000960,EDGE-0000832,EV-CONTRACT-2026-9730
PHO-004029,PHO-001157,EDGE-0000833,EV-CONTRACT-2026-5931
PHO-002634,PHO-001006,EDGE-0000834,EV-CONTRACT-2026-8086
PHO-002765,PHO-004934,EDGE-0000835,EV-CONTRACT-2026-4073
PHO-001802,PHO-001726,EDGE-0000836,EV-CONTRACT-2026-7019
PHO-000490,PHO-004868,EDGE-0000837,EV-CONTRACT-2026-6934
PHO-002835,PHO-000223,EDGE-0000838,EV-CONTRACT-2026-7086
PHO-003570,PHO-003675,EDGE-0000839,EV-CONTRACT-2026-4579
PHO-003780,PHO-001752,EDGE-0000840,EV-CONTRACT-2026-6734
PHO-003289,PHO-001091,EDGE-0000841,EV-CONTRACT-2026-3477
PHO-002428,PHO-001566,EDGE-0000842,EV-CONTRACT-2026-8565
PHO-002573,PHO-004724,EDGE-0000843,EV-CONTRACT-2026-6316
PHO-002235,PHO-003184,EDGE-0000844,EV-CONTRACT-2026-5780
PHO-000513,PHO-002002,EDGE-0000845,EV-CONTRACT-2026-6822
PHO-000219,PHO-004526,EDGE-0000846,EV-CONTRACT-2026-9568
PHO-001710,PHO-003724,EDGE-0000847,EV-CONTRACT-2026-9282
PHO-002016,PHO-001170,EDGE-0000848,EV-CONTRACT-2026-5618
PHO-003492,PHO-001760,EDGE-0000849,EV-CONTRACT-2026-4587
PHO-000277,PHO-004034,EDGE-0000850,EV-CONTRACT-2026-8647
PHO-000071,PHO-004262,EDGE-0000851,EV-CONTRACT-2026-3135
PHO-000870,PHO-004073,EDGE-0000852,EV-CONTRACT-2026-6382
PHO-000748,PHO-004911,EDGE-0000853,EV-CONTRACT-2026-9447
PHO-003616,PHO-003896,EDGE-0000854,EV-CONTRACT-2026-9651
PHO-003976,PHO-003766,EDGE-0000855,EV-CONTRACT-2026-7152
PHO-002773,PHO-002030,EDGE-0000856,EV-CONTRACT-2026-1889
PHO-001854,PHO-004601,EDGE-0000857,EV-CONTRACT-2026-3259
PHO-002773,PHO-004791,EDGE-0000858,EV-CONTRACT-2026-9289
PHO-003880,PHO-003422,EDGE-0000859,EV-CONTRACT-2026-1379
PHO-003789,PHO-000966,EDGE-0000860,EV-CONTRACT-2026-4269
PHO-002952,PHO-003334,EDGE-0000861,EV-CONTRACT-2026-5940
PHO-002802,PHO-004173,EDGE-0000862,EV-CONTRACT-2026-1815
PHO-004677,PHO-000296,EDGE-0000863,EV-CONTRACT-2026-9869
PHO-002260,PHO-001419,EDGE-0000864,EV-CONTRACT-2026-4874
PHO-000727,PHO-002939,EDGE-0000865,EV-CONTRACT-2026-7317
PHO-003559,PHO-003098,EDGE-0000866,EV-CONTRACT-2026-8862
PHO-000562,PHO-001348,EDGE-0000867,EV-CONTRACT-2026-3251
PHO-002593,PHO-001061,EDGE-0000868,EV-CONTRACT-2026-1140
PHO-002579,PHO-001912,EDGE-0000869,EV-CONTRACT-2026-5943
PHO-004790,PHO-001132,EDGE-0000870,EV-CONTRACT-2026-2039
PHO-001645,PHO-001213,EDGE-0000871,EV-CONTRACT-2026-3927
PHO-004364,PHO-000391,EDGE-0000872,EV-CONTRACT-2026-4396
PHO-004903,PHO-003341,EDGE-0000873,EV-CONTRACT-2026-4658
PHO-004854,PHO-000453,EDGE-0000874,EV-CONTRACT-2026-5347
PHO-001866,PHO-001275,EDGE-0000875,EV-CONTRACT-2026-1906
PHO-002824,PHO-001441,EDGE-0000876,EV-CONTRACT-2026-2886
PHO-003410,PHO-003447,EDGE-0000877,EV-CONTRACT-2026-4271
PHO-000018,PHO-004739,EDGE-0000878,EV-CONTRACT-2026-6645
PHO-003919,PHO-003945,EDGE-0000879,EV-CONTRACT-2026-3024
PHO-003630,PHO-004774,EDGE-0000880,EV-CONTRACT-2026-4450
PHO-000578,PHO-002146,EDGE-0000881,EV-CONTRACT-2026-6985
PHO-003368,PHO-004692,EDGE-0000882,EV-CONTRACT-2026-8093
PHO-003264,PHO-004904,EDGE-0000883,EV-CONTRACT-2026-9505
PHO-003194,PHO-004796,EDGE-0000884,EV-CONTRACT-2026-1910
PHO-000283,PHO-004077,EDGE-0000885,EV-CONTRACT-2026-2982
PHO-001395,PHO-002157,EDGE-0000886,EV-CONTRACT-2026-4484
PHO-001270,PHO-004396,EDGE-0000887,EV-CONTRACT-2026-5696
PHO-003794,PHO-003397,EDGE-0000888,EV-CONTRACT-2026-8909
PHO-001510,PHO-004338,EDGE-0000889,EV-CONTRACT-2026-1378
PHO-002289,PHO-001550,EDGE-0000890,EV-CONTRACT-2026-8093
PHO-003724,PHO-000029,EDGE-0000891,EV-CONTRACT-2026-3416
PHO-003168,PHO-004894,EDGE-0000892,EV-CONTRACT-2026-1791
PHO-002743,PHO-001150,EDGE-0000893,EV-CONTRACT-2026-7734
PHO-003768,PHO-003108,EDGE-0000894,EV-CONTRACT-2026-8260
PHO-002643,PHO-001637,EDGE-0000895,EV-CONTRACT-2026-6190
PHO-001370,PHO-001554,EDGE-0000896,EV-CONTRACT-2026-8617
PHO-002904,PHO-004069,EDGE-0000897,EV-CONTRACT-2026-4951
PHO-004154,PHO-000120,EDGE-0000898,EV-CONTRACT-2026-8124
PHO-004440,PHO-004608,EDGE-0000899,EV-CONTRACT-2026-7178
PHO-003630,PHO-004889,EDGE-0000900,EV-CONTRACT-2026-9758
PHO-000049,PHO-004658,EDGE-0000901,EV-CONTRACT-2026-4607
PHO-004176,PHO-004993,EDGE-0000902,EV-CONTRACT-2026-1595
PHO-000185,PHO-004645,EDGE-0000903,EV-CONTRACT-2026-8263
PHO-004927,PHO-003071,EDGE-0000904,EV-CONTRACT-2026-5081
PHO-001245,PHO-001054,EDGE-0000905,EV-CONTRACT-2026-3253
PHO-001205,PHO-002504,EDGE-0000906,EV-CONTRACT-2026-6050
PHO-000817,PHO-000643,EDGE-0000907,EV-CONTRACT-2026-5515
PHO-000760,PHO-001051,EDGE-0000908,EV-CONTRACT-2026-2639
PHO-004562,PHO-000122,EDGE-0000909,EV-CONTRACT-2026-7214
PHO-000500,PHO-004603,EDGE-0000910,EV-CONTRACT-2026-2174
PHO-000066,PHO-000061,EDGE-0000911,EV-CONTRACT-2026-1501
PHO-002816,PHO-002651,EDGE-0000912,EV-CONTRACT-2026-2396
PHO-000477,PHO-001517,EDGE-0000913,EV-CONTRACT-2026-2234
PHO-004864,PHO-000340,EDGE-0000914,EV-CONTRACT-2026-1532
PHO-004179,PHO-000111,EDGE-0000915,EV-CONTRACT-2026-5287
PHO-002297,PHO-003928,EDGE-0000916,EV-CONTRACT-2026-7518
PHO-003657,PHO-001968,EDGE-0000917,EV-CONTRACT-2026-6364
PHO-002897,PHO-000138,EDGE-0000918,EV-CONTRACT-2026-4490
PHO-002006,PHO-001592,EDGE-0000919,EV-CONTRACT-2026-5390
PHO-003936,PHO-002457,EDGE-0000920,EV-CONTRACT-2026-5219
PHO-001686,PHO-000077,EDGE-0000921,EV-CONTRACT-2026-8737
PHO-004061,PHO-004476,EDGE-0000922,EV-CONTRACT-2026-6303
PHO-003253,PHO-000043,EDGE-0000923,EV-CONTRACT-2026-7319
PHO-000393,PHO-004000,EDGE-0000924,EV-CONTRACT-2026-2990
PHO-003796,PHO-002802,EDGE-0000925,EV-CONTRACT-2026-3752
PHO-001986,PHO-002130,EDGE-0000926,EV-CONTRACT-2026-7807
PHO-001930,PHO-002069,EDGE-0000927,EV-CONTRACT-2026-1813
PHO-001425,PHO-000803,EDGE-0000928,EV-CONTRACT-2026-9978
PHO-002700,PHO-001668,EDGE-0000929,EV-CONTRACT-2026-4878
PHO-004679,PHO-000900,EDGE-0000930,EV-CONTRACT-2026-8104
PHO-004229,PHO-002841,EDGE-0000931,EV-CONTRACT-2026-3342
PHO-002686,PHO-003547,EDGE-0000932,EV-CONTRACT-2026-4308
PHO-000460,PHO-002441,EDGE-0000933,EV-CONTRACT-2026-5905
PHO-003508,PHO-001880,EDGE-0000934,EV-CONTRACT-2026-2146
PHO-004850,PHO-002875,EDGE-0000935,EV-CONTRACT-2026-9805
PHO-000676,PHO-000956,EDGE-0000936,EV-CONTRACT-2026-1114
PHO-000109,PHO-003311,EDGE-0000937,EV-CONTRACT-2026-6876
PHO-001904,PHO-001399,EDGE-0000938,EV-CONTRACT-2026-2704
PHO-001633,PHO-002305,EDGE-0000939,EV-CONTRACT-2026-5303
PHO-000654,PHO-000928,EDGE-0000940,EV-CONTRACT-2026-8868
PHO-001058,PHO-001636,EDGE-0000941,EV-CONTRACT-2026-1584
PHO-002349,PHO-003906,EDGE-0000942,EV-CONTRACT-2026-1316
PHO-003767,PHO-004102,EDGE-0000943,EV-CONTRACT-2026-7024
PHO-001426,PHO-001616,EDGE-0000944,EV-CONTRACT-2026-2528
PHO-003429,PHO-002557,EDGE-0000945,EV-CONTRACT-2026-7216
PHO-001967,PHO-004383,EDGE-0000946,EV-CONTRACT-2026-1274
PHO-004012,PHO-003917,EDGE-0000947,EV-CONTRACT-2026-4256
PHO-000519,PHO-000774,EDGE-0000948,EV-CONTRACT-2026-3162
PHO-002034,PHO-003709,EDGE-0000949,EV-CONTRACT-2026-6309
PHO-002721,PHO-001478,EDGE-0000950,EV-CONTRACT-2026-7011
PHO-000805,PHO-004330,EDGE-0000951,EV-CONTRACT-2026-2191
PHO-000263,PHO-001274,EDGE-0000952,EV-CONTRACT-2026-4541
PHO-004571,PHO-004699,EDGE-0000953,EV-CONTRACT-2026-7840
PHO-004296,PHO-003095,EDGE-0000954,EV-CONTRACT-2026-1373
PHO-004213,PHO-001907,EDGE-0000955,EV-CONTRACT-2026-8085
PHO-000456,PHO-003727,EDGE-0000956,EV-CONTRACT-2026-9911
PHO-003577,PHO-002828,EDGE-0000957,EV-CONTRACT-2026-5405
PHO-001911,PHO-002530,EDGE-0000958,EV-CONTRACT-2026-9038
PHO-003463,PHO-004495,EDGE-0000959,EV-CONTRACT-2026-4007
PHO-004601,PHO-002390,EDGE-0000960,EV-CONTRACT-2026-4254
PHO-000572,PHO-003079,EDGE-0000961,EV-CONTRACT-2026-5421
PHO-004064,PHO-004553,EDGE-0000962,EV-CONTRACT-2026-2588
PHO-003703,PHO-004896,EDGE-0000963,EV-CONTRACT-2026-3404
PHO-004679,PHO-000763,EDGE-0000964,EV-CONTRACT-2026-5235
PHO-004553,PHO-000730,EDGE-0000965,EV-CONTRACT-2026-5641
PHO-001818,PHO-002573,EDGE-0000966,EV-CONTRACT-2026-2557
PHO-002514,PHO-002133,EDGE-0000967,EV-CONTRACT-2026-2210
PHO-000141,PHO-001658,EDGE-0000968,EV-CONTRACT-2026-3285
PHO-004232,PHO-004673,EDGE-0000969,EV-CONTRACT-2026-3826
PHO-000626,PHO-000573,EDGE-0000970,EV-CONTRACT-2026-2698
PHO-000703,PHO-002695,EDGE-0000971,EV-CONTRACT-2026-8334
PHO-000339,PHO-003112,EDGE-0000972,EV-CONTRACT-2026-1636
PHO-003638,PHO-001395,EDGE-0000973,EV-CONTRACT-2026-6019
PHO-004957,PHO-004821,EDGE-0000974,EV-CONTRACT-2026-8204
PHO-002722,PHO-002680,EDGE-0000975,EV-CONTRACT-2026-1451
PHO-002915,PHO-003888,EDGE-0000976,EV-CONTRACT-2026-5350
PHO-002265,PHO-003984,EDGE-0000977,EV-CONTRACT-2026-6241
PHO-004957,PHO-004347,EDGE-0000978,EV-CONTRACT-2026-9916
PHO-003264,PHO-000596,EDGE-0000979,EV-CONTRACT-2026-6640
PHO-004888,PHO-003763,EDGE-0000980,EV-CONTRACT-2026-2055
PHO-000783,PHO-004245,EDGE-0000981,EV-CONTRACT-2026-9852
PHO-004398,PHO-004736,EDGE-0000982,EV-CONTRACT-2026-7933
PHO-002071,PHO-002128,EDGE-0000983,EV-CONTRACT-2026-6474
PHO-002273,PHO-001410,EDGE-0000984,EV-CONTRACT-2026-2387
PHO-002512,PHO-004477,EDGE-0000985,EV-CONTRACT-2026-6002
PHO-001297,PHO-002237,EDGE-0000986,EV-CONTRACT-2026-5233
PHO-000219,PHO-000513,EDGE-0000987,EV-CONTRACT-2026-3138
PHO-001620,PHO-003771,EDGE-0000988,EV-CONTRACT-2026-6975
PHO-004012,PHO-003317,EDGE-0000989,EV-CONTRACT-2026-9315
PHO-000083,PHO-003619,EDGE-0000990,EV-CONTRACT-2026-6746
PHO-001740,PHO-004481,EDGE-0000991,EV-CONTRACT-2026-2327
PHO-001818,PHO-001752,EDGE-0000992,EV-CONTRACT-2026-3073
PHO-003482,PHO-000056,EDGE-0000993,EV-CONTRACT-2026-9045
PHO-002240,PHO-001972,EDGE-0000994,EV-CONTRACT-2026-4453
PHO-004387,PHO-002595,EDGE-0000995,EV-CONTRACT-2026-8921
PHO-002277,PHO-002179,EDGE-0000996,EV-CONTRACT-2026-2355
PHO-000865,PHO-000766,EDGE-0000997,EV-CONTRACT-2026-3291
PHO-004172,PHO-002475,EDGE-0000998,EV-CONTRACT-2026-9645
PHO-002376,PHO-004022,EDGE-0000999,EV-CONTRACT-2026-3658
PHO-000768,PHO-001600,EDGE-0001000,EV-CONTRACT-2026-5426
PHO-004286,PHO-003549,EDGE-0001001,EV-CONTRACT-2026-1515
PHO-004925,PHO-000957,EDGE-0001002,EV-CONTRACT-2026-3707
PHO-004316,PHO-004933,EDGE-0001003,EV-CONTRACT-2026-9958
PHO-001775,PHO-002595,EDGE-0001004,EV-CONTRACT-2026-2666
PHO-003508,PHO-004486,EDGE-0001005,EV-CONTRACT-2026-5683
PHO-002468,PHO-003429,EDGE-0001006,EV-CONTRACT-2026-8217
PHO-001519,PHO-004803,EDGE-0001007,EV-CONTRACT-2026-5665
PHO-001743,PHO-003312,EDGE-0001008,EV-CONTRACT-2026-2256
PHO-001061,PHO-001496,EDGE-0001009,EV-CONTRACT-2026-8267
PHO-001762,PHO-002506,EDGE-0001010,EV-CONTRACT-2026-5714
PHO-000597,PHO-003579,EDGE-0001011,EV-CONTRACT-2026-2541
PHO-003507,PHO-004019,EDGE-0001012,EV-CONTRACT-2026-4577
PHO-004785,PHO-002945,EDGE-0001013,EV-CONTRACT-2026-9110
PHO-004829,PHO-001422,EDGE-0001014,EV-CONTRACT-2026-8662
PHO-000438,PHO-000217,EDGE-0001015,EV-CONTRACT-2026-4760
PHO-000292,PHO-004064,EDGE-0001016,EV-CONTRACT-2026-3204
PHO-001692,PHO-001209,EDGE-0001017,EV-CONTRACT-2026-8950
PHO-004423,PHO-002372,EDGE-0001018,EV-CONTRACT-2026-6240
PHO-003036,PHO-000890,EDGE-0001019,EV-CONTRACT-2026-9092
PHO-004727,PHO-003541,EDGE-0001020,EV-CONTRACT-2026-9718
PHO-000822,PHO-001823,EDGE-0001021,EV-CONTRACT-2026-5592
PHO-004577,PHO-002341,EDGE-0001022,EV-CONTRACT-2026-7033
PHO-000941,PHO-000040,EDGE-0001023,EV-CONTRACT-2026-1822
PHO-002181,PHO-000817,EDGE-0001024,EV-CONTRACT-2026-4852
PHO-003396,PHO-001647,EDGE-0001025,EV-CONTRACT-2026-2554
PHO-001573,PHO-002306,EDGE-0001026,EV-CONTRACT-2026-9557
PHO-001469,PHO-000835,EDGE-0001027,EV-CONTRACT-2026-7694
PHO-002682,PHO-003861,EDGE-0001028,EV-CONTRACT-2026-9850
PHO-003238,PHO-001745,EDGE-0001029,EV-CONTRACT-2026-4340
PHO-002342,PHO-001745,EDGE-0001030,EV-CONTRACT-2026-9445
PHO-001212,PHO-003289,EDGE-0001031,EV-CONTRACT-2026-6706
PHO-003650,PHO-001517,EDGE-0001032,EV-CONTRACT-2026-5785
PHO-000594,PHO-004272,EDGE-0001033,EV-CONTRACT-2026-6745
PHO-002022,PHO-004391,EDGE-0001034,EV-CONTRACT-2026-5166
PHO-000738,PHO-001625,EDGE-0001035,EV-CONTRACT-2026-9224
PHO-003816,PHO-001227,EDGE-0001036,EV-CONTRACT-2026-3621
PHO-003429,PHO-000708,EDGE-0001037,EV-CONTRACT-2026-7042
PHO-004796,PHO-001052,EDGE-0001038,EV-CONTRACT-2026-5112
PHO-004407,PHO-004768,EDGE-0001039,EV-CONTRACT-2026-5070
PHO-000265,PHO-003531,EDGE-0001040,EV-CONTRACT-2026-2774
PHO-004149,PHO-004542,EDGE-0001041,EV-CONTRACT-2026-5723
PHO-001948,PHO-000259,EDGE-0001042,EV-CONTRACT-2026-3140
PHO-002920,PHO-003011,EDGE-0001043,EV-CONTRACT-2026-3737
PHO-002439,PHO-000043,EDGE-0001044,EV-CONTRACT-2026-2105
PHO-004241,PHO-004123,EDGE-0001045,EV-CONTRACT-2026-8166
PHO-002218,PHO-000366,EDGE-0001046,EV-CONTRACT-2026-3692
PHO-004771,PHO-000889,EDGE-0001047,EV-CONTRACT-2026-9005
PHO-002172,PHO-002420,EDGE-0001048,EV-CONTRACT-2026-9352
PHO-000014,PHO-003512,EDGE-0001049,EV-CONTRACT-2026-7438
PHO-001908,PHO-000003,EDGE-0001050,EV-CONTRACT-2026-3185
PHO-003629,PHO-001513,EDGE-0001051,EV-CONTRACT-2026-9051
PHO-003011,PHO-001461,EDGE-0001052,EV-CONTRACT-2026-7761
PHO-001952,PHO-000542,EDGE-0001053,EV-CONTRACT-2026-9602
PHO-000276,PHO-001445,EDGE-0001054,EV-CONTRACT-2026-3731
PHO-002111,PHO-001754,EDGE-0001055,EV-CONTRACT-2026-3285
PHO-004549,PHO-000674,EDGE-0001056,EV-CONTRACT-2026-9123
PHO-000694,PHO-000492,EDGE-0001057,EV-CONTRACT-2026-2769
PHO-001058,PHO-002318,EDGE-0001058,EV-CONTRACT-2026-9494
PHO-003174,PHO-004971,EDGE-0001059,EV-CONTRACT-2026-8652
PHO-000232,PHO-001992,EDGE-0001060,EV-CONTRACT-2026-4287
PHO-004802,PHO-004652,EDGE-0001061,EV-CONTRACT-2026-2280
PHO-002219,PHO-001628,EDGE-0001062,EV-CONTRACT-2026-7411
PHO-000686,PHO-001212,EDGE-0001063,EV-CONTRACT-2026-2630
PHO-003694,PHO-000315,EDGE-0001064,EV-CONTRACT-2026-1259
PHO-004082,PHO-000628,EDGE-0001065,EV-CONTRACT-2026-8000
PHO-003073,PHO-000886,EDGE-0001066,EV-CONTRACT-2026-6522
PHO-003404,PHO-002103,EDGE-0001067,EV-CONTRACT-2026-3402
PHO-002415,PHO-003144,EDGE-0001068,EV-CONTRACT-2026-1784
PHO-002052,PHO-002807,EDGE-0001069,EV-CONTRACT-2026-8301
PHO-002536,PHO-004863,EDGE-0001070,EV-CONTRACT-2026-9213
PHO-000711,PHO-002509,EDGE-0001071,EV-CONTRACT-2026-8812
PHO-001643,PHO-004291,EDGE-0001072,EV-CONTRACT-2026-1606
PHO-001935,PHO-004817,EDGE-0001073,EV-CONTRACT-2026-3993
PHO-000401,PHO-002101,EDGE-0001074,EV-CONTRACT-2026-5485
PHO-004533,PHO-004592,EDGE-0001075,EV-CONTRACT-2026-1346
PHO-003302,PHO-002329,EDGE-0001076,EV-CONTRACT-2026-5401
PHO-002424,PHO-000835,EDGE-0001077,EV-CONTRACT-2026-1288
PHO-004679,PHO-001842,EDGE-0001078,EV-CONTRACT-2026-9887
PHO-004238,PHO-000899,EDGE-0001079,EV-CONTRACT-2026-6242
PHO-000893,PHO-000693,EDGE-0001080,EV-CONTRACT-2026-9195
PHO-000161,PHO-004988,EDGE-0001081,EV-CONTRACT-2026-9237
PHO-002614,PHO-004795,EDGE-0001082,EV-CONTRACT-2026-7975
PHO-001148,PHO-003005,EDGE-0001083,EV-CONTRACT-2026-6513
PHO-004032,PHO-001761,EDGE-0001084,EV-CONTRACT-2026-6324
PHO-001765,PHO-002678,EDGE-0001085,EV-CONTRACT-2026-6357
PHO-000703,PHO-001578,EDGE-0001086,EV-CONTRACT-2026-2520
PHO-003503,PHO-000744,EDGE-0001087,EV-CONTRACT-2026-6227
PHO-001241,PHO-001227,EDGE-0001088,EV-CONTRACT-2026-3968
PHO-001255,PHO-000661,EDGE-0001089,EV-CONTRACT-2026-8160
PHO-004583,PHO-001792,EDGE-0001090,EV-CONTRACT-2026-4551
PHO-004391,PHO-002376,EDGE-0001091,EV-CONTRACT-2026-7097
PHO-001856,PHO-003958,EDGE-0001092,EV-CONTRACT-2026-3592
PHO-002943,PHO-001109,EDGE-0001093,EV-CONTRACT-2026-6416
PHO-003428,PHO-001066,EDGE-0001094,EV-CONTRACT-2026-3535
PHO-001189,PHO-001059,EDGE-0001095,EV-CONTRACT-2026-4675
PHO-003123,PHO-001515,EDGE-0001096,EV-CONTRACT-2026-2671
PHO-004408,PHO-003715,EDGE-0001097,EV-CONTRACT-2026-9009
PHO-002239,PHO-001300,EDGE-0001098,EV-CONTRACT-2026-5033
PHO-000610,PHO-001742,EDGE-0001099,EV-CONTRACT-2026-3246
PHO-000892,PHO-001858,EDGE-0001100,EV-CONTRACT-2026-3217
PHO-001349,PHO-002848,EDGE-0001101,EV-CONTRACT-2026-8353
PHO-001602,PHO-000512,EDGE-0001102,EV-CONTRACT-2026-6951
PHO-000186,PHO-001546,EDGE-0001103,EV-CONTRACT-2026-8399
PHO-003062,PHO-001768,EDGE-0001104,EV-CONTRACT-2026-1012
PHO-003974,PHO-000893,EDGE-0001105,EV-CONTRACT-2026-1563
PHO-003720,PHO-000060,EDGE-0001106,EV-CONTRACT-2026-7673
PHO-002502,PHO-003175,EDGE-0001107,EV-CONTRACT-2026-9638
PHO-001111,PHO-001985,EDGE-0001108,EV-CONTRACT-2026-1225
PHO-001344,PHO-002891,EDGE-0001109,EV-CONTRACT-2026-2336
PHO-004955,PHO-004788,EDGE-0001110,EV-CONTRACT-2026-7105
PHO-002429,PHO-004766,EDGE-0001111,EV-CONTRACT-2026-1874
PHO-003655,PHO-001502,EDGE-0001112,EV-CONTRACT-2026-3818
PHO-000008,PHO-002263,EDGE-0001113,EV-CONTRACT-2026-9961
PHO-004483,PHO-001528,EDGE-0001114,EV-CONTRACT-2026-1163
PHO-000300,PHO-002684,EDGE-0001115,EV-CONTRACT-2026-9232
PHO-003186,PHO-003365,EDGE-0001116,EV-CONTRACT-2026-4576
PHO-004556,PHO-002737,EDGE-0001117,EV-CONTRACT-2026-4369
PHO-003079,PHO-002779,EDGE-0001118,EV-CONTRACT-2026-3411
PHO-004154,PHO-004885,EDGE-0001119,EV-CONTRACT-2026-8870
PHO-000444,PHO-001769,EDGE-0001120,EV-CONTRACT-2026-5066
PHO-003404,PHO-001974,EDGE-0001121,EV-CONTRACT-2026-7804
PHO-001371,PHO-003447,EDGE-0001122,EV-CONTRACT-2026-3881
PHO-002794,PHO-002958,EDGE-0001123,EV-CONTRACT-2026-2784
PHO-004276,PHO-001922,EDGE-0001124,EV-CONTRACT-2026-7284
PHO-001423,PHO-000003,EDGE-0001125,EV-CONTRACT-2026-4227
PHO-002806,PHO-000551,EDGE-0001126,EV-CONTRACT-2026-4045
PHO-003940,PHO-002894,EDGE-0001127,EV-CONTRACT-2026-4821
PHO-002706,PHO-000969,EDGE-0001128,EV-CONTRACT-2026-6629
PHO-001928,PHO-003580,EDGE-0001129,EV-CONTRACT-2026-6044
PHO-001706,PHO-004832,EDGE-0001130,EV-CONTRACT-2026-8669
PHO-002880,PHO-001186,EDGE-0001131,EV-CONTRACT-2026-6876
PHO-002913,PHO-000788,EDGE-0001132,EV-CONTRACT-2026-6319
PHO-002324,PHO-003785,EDGE-0001133,EV-CONTRACT-2026-2156
PHO-003114,PHO-004876,EDGE-0001134,EV-CONTRACT-2026-2027
PHO-002603,PHO-004914,EDGE-0001135,EV-CONTRACT-2026-6823
PHO-001859,PHO-002443,EDGE-0001136,EV-CONTRACT-2026-5113
PHO-002112,PHO-002967,EDGE-0001137,EV-CONTRACT-2026-3080
PHO-003361,PHO-003861,EDGE-0001138,EV-CONTRACT-2026-3293
PHO-001815,PHO-001280,EDGE-0001139,EV-CONTRACT-2026-2800
PHO-004823,PHO-001672,EDGE-0001140,EV-CONTRACT-2026-6732
PHO-004824,PHO-004838,EDGE-0001141,EV-CONTRACT-2026-2225
PHO-004420,PHO-002227,EDGE-0001142,EV-CONTRACT-2026-5837
PHO-002333,PHO-004240,EDGE-0001143,EV-CONTRACT-2026-2265
PHO-004345,PHO-002814,EDGE-0001144,EV-CONTRACT-2026-4223
PHO-001942,PHO-003501,EDGE-0001145,EV-CONTRACT-2026-6167
PHO-000419,PHO-001128,EDGE-0001146,EV-CONTRACT-2026-5929
PHO-001237,PHO-001857,EDGE-0001147,EV-CONTRACT-2026-5402
PHO-001710,PHO-001923,EDGE-0001148,EV-CONTRACT-2026-9007
PHO-003478,PHO-004226,EDGE-0001149,EV-CONTRACT-2026-1489
PHO-003583,PHO-001859,EDGE-0001150,EV-CONTRACT-2026-7584
PHO-001854,PHO-000712,EDGE-0001151,EV-CONTRACT-2026-4065
PHO-002141,PHO-001653,EDGE-0001152,EV-CONTRACT-2026-6361
PHO-000887,PHO-002697,EDGE-0001153,EV-CONTRACT-2026-4806
PHO-001563,PHO-002630,EDGE-0001154,EV-CONTRACT-2026-7556
PHO-003451,PHO-003983,EDGE-0001155,EV-CONTRACT-2026-6245
PHO-001972,PHO-000410,EDGE-0001156,EV-CONTRACT-2026-5461
PHO-003849,PHO-004500,EDGE-0001157,EV-CONTRACT-2026-9381
PHO-002378,PHO-000155,EDGE-0001158,EV-CONTRACT-2026-2216
PHO-002209,PHO-002419,EDGE-0001159,EV-CONTRACT-2026-8146
PHO-003499,PHO-000995,EDGE-0001160,EV-CONTRACT-2026-2986
PHO-002012,PHO-001098,EDGE-0001161,EV-CONTRACT-2026-7298
PHO-004916,PHO-000549,EDGE-0001162,EV-CONTRACT-2026-6239
PHO-003072,PHO-000918,EDGE-0001163,EV-CONTRACT-2026-4387
PHO-004744,PHO-002473,EDGE-0001164,EV-CONTRACT-2026-9681
PHO-001852,PHO-003113,EDGE-0001165,EV-CONTRACT-2026-1321
PHO-001482,PHO-000536,EDGE-0001166,EV-CONTRACT-2026-1786
PHO-003390,PHO-002936,EDGE-0001167,EV-CONTRACT-2026-6618
PHO-003904,PHO-000511,EDGE-0001168,EV-CONTRACT-2026-9031
PHO-003734,PHO-003644,EDGE-0001169,EV-CONTRACT-2026-4643
PHO-003571,PHO-001174,EDGE-0001170,EV-CONTRACT-2026-5876
PHO-000009,PHO-004764,EDGE-0001171,EV-CONTRACT-2026-8488
PHO-001368,PHO-000898,EDGE-0001172,EV-CONTRACT-2026-8968
PHO-002421,PHO-004291,EDGE-0001173,EV-CONTRACT-2026-6023
PHO-001728,PHO-004680,EDGE-0001174,EV-CONTRACT-2026-6224
PHO-002476,PHO-000464,EDGE-0001175,EV-CONTRACT-2026-5411
PHO-002581,PHO-001692,EDGE-0001176,EV-CONTRACT-2026-6083
PHO-000767,PHO-004017,EDGE-0001177,EV-CONTRACT-2026-6445
PHO-000011,PHO-001718,EDGE-0001178,EV-CONTRACT-2026-4074
PHO-001447,PHO-000485,EDGE-0001179,EV-CONTRACT-2026-8588
PHO-000831,PHO-002368,EDGE-0001180,EV-CONTRACT-2026-5475
PHO-002711,PHO-001326,EDGE-0001181,EV-CONTRACT-2026-8463
PHO-003140,PHO-004344,EDGE-0001182,EV-CONTRACT-2026-7105
PHO-000365,PHO-000274,EDGE-0001183,EV-CONTRACT-2026-6141
PHO-002713,PHO-002223,EDGE-0001184,EV-CONTRACT-2026-6377
PHO-001888,PHO-004200,EDGE-0001185,EV-CONTRACT-2026-3582
PHO-001095,PHO-004045,EDGE-0001186,EV-CONTRACT-2026-6786
PHO-003572,PHO-000177,EDGE-0001187,EV-CONTRACT-2026-9013
PHO-001224,PHO-003100,EDGE-0001188,EV-CONTRACT-2026-4099
PHO-004061,PHO-000770,EDGE-0001189,EV-CONTRACT-2026-1488
PHO-002056,PHO-002408,EDGE-0001190,EV-CONTRACT-2026-9119
PHO-001532,PHO-004217,EDGE-0001191,EV-CONTRACT-2026-1595
PHO-001632,PHO-001225,EDGE-0001192,EV-CONTRACT-2026-3424
PHO-002103,PHO-000255,EDGE-0001193,EV-CONTRACT-2026-8607
PHO-002047,PHO-001549,EDGE-0001194,EV-CONTRACT-2026-2438
PHO-003526,PHO-003612,EDGE-0001195,EV-CONTRACT-2026-1245
PHO-000960,PHO-000057,EDGE-0001196,EV-CONTRACT-2026-1912
PHO-003988,PHO-001888,EDGE-0001197,EV-CONTRACT-2026-8973
PHO-001013,PHO-000513,EDGE-0001198,EV-CONTRACT-2026-2888
PHO-004345,PHO-004090,EDGE-0001199,EV-CONTRACT-2026-3536
PHO-004162,PHO-002608,EDGE-0001200,EV-CONTRACT-2026-1322
PHO-004656,PHO-002363,EDGE-0001201,EV-CONTRACT-2026-6709
PHO-004879,PHO-000556,EDGE-0001202,EV-CONTRACT-2026-4837
PHO-004767,PHO-004048,EDGE-0001203,EV-CONTRACT-2026-1845
PHO-003355,PHO-001665,EDGE-0001204,EV-CONTRACT-2026-4005
PHO-002608,PHO-004843,EDGE-0001205,EV-CONTRACT-2026-6786
PHO-002789,PHO-000025,EDGE-0001206,EV-CONTRACT-2026-8208
PHO-002195,PHO-000707,EDGE-0001207,EV-CONTRACT-2026-3201
PHO-002634,PHO-004958,EDGE-0001208,EV-CONTRACT-2026-6859
PHO-000152,PHO-002147,EDGE-0001209,EV-CONTRACT-2026-9361
PHO-003672,PHO-002859,EDGE-0001210,EV-CONTRACT-2026-2266
PHO-003555,PHO-002676,EDGE-0001211,EV-CONTRACT-2026-9749
PHO-004271,PHO-004245,EDGE-0001212,EV-CONTRACT-2026-9515
PHO-001442,PHO-002947,EDGE-0001213,EV-CONTRACT-2026-9171
PHO-001602,PHO-003707,EDGE-0001214,EV-CONTRACT-2026-3009
PHO-000575,PHO-004927,EDGE-0001215,EV-CONTRACT-2026-3981
PHO-002946,PHO-004056,EDGE-0001216,EV-CONTRACT-2026-2204
PHO-000391,PHO-000454,EDGE-0001217,EV-CONTRACT-2026-8340
PHO-002816,PHO-000877,EDGE-0001218,EV-CONTRACT-2026-5916
PHO-002212,PHO-000240,EDGE-0001219,EV-CONTRACT-2026-7836
PHO-001256,PHO-001317,EDGE-0001220,EV-CONTRACT-2026-8545
PHO-001678,PHO-003096,EDGE-0001221,EV-CONTRACT-2026-3430
PHO-001053,PHO-000847,EDGE-0001222,EV-CONTRACT-2026-6083
PHO-000664,PHO-003902,EDGE-0001223,EV-CONTRACT-2026-8576
PHO-004870,PHO-004506,EDGE-0001224,EV-CONTRACT-2026-1988
PHO-002841,PHO-003301,EDGE-0001225,EV-CONTRACT-2026-6914
PHO-004162,PHO-003402,EDGE-0001226,EV-CONTRACT-2026-5804
PHO-004308,PHO-002889,EDGE-0001227,EV-CONTRACT-2026-4328
PHO-002041,PHO-001153,EDGE-0001228,EV-CONTRACT-2026-5369
PHO-004915,PHO-002606,EDGE-0001229,EV-CONTRACT-2026-8834
PHO-002444,PHO-001608,EDGE-0001230,EV-CONTRACT-2026-1934
PHO-001333,PHO-004636,EDGE-0001231,EV-CONTRACT-2026-3227
PHO-004340,PHO-000955,EDGE-0001232,EV-CONTRACT-2026-3994
PHO-003908,PHO-003015,EDGE-0001233,EV-CONTRACT-2026-7972
PHO-002512,PHO-003135,EDGE-0001234,EV-CONTRACT-2026-1637
PHO-004582,PHO-003630,EDGE-0001235,EV-CONTRACT-2026-4192
PHO-002482,PHO-002995,EDGE-0001236,EV-CONTRACT-2026-4149
PHO-000779,PHO-004169,EDGE-0001237,EV-CONTRACT-2026-7100
PHO-003940,PHO-002119,EDGE-0001238,EV-CONTRACT-2026-3382
PHO-001182,PHO-000398,EDGE-0001239,EV-CONTRACT-2026-6396
PHO-000964,PHO-001964,EDGE-0001240,EV-CONTRACT-2026-1289
PHO-002316,PHO-004059,EDGE-0001241,EV-CONTRACT-2026-8529
PHO-004619,PHO-001391,EDGE-0001242,EV-CONTRACT-2026-4506
PHO-000191,PHO-002241,EDGE-0001243,EV-CONTRACT-2026-4505
PHO-001301,PHO-001724,EDGE-0001244,EV-CONTRACT-2026-2152
PHO-004175,PHO-000903,EDGE-0001245,EV-CONTRACT-2026-7879
PHO-001602,PHO-000572,EDGE-0001246,EV-CONTRACT-2026-6342
PHO-000821,PHO-004649,EDGE-0001247,EV-CONTRACT-2026-8278
PHO-000588,PHO-004549,EDGE-0001248,EV-CONTRACT-2026-6399
PHO-004105,PHO-005000,EDGE-0001249,EV-CONTRACT-2026-1176
PHO-001909,PHO-002165,EDGE-0001250,EV-CONTRACT-2026-1556
PHO-003439,PHO-001596,EDGE-0001251,EV-CONTRACT-2026-3112
PHO-004677,PHO-004687,EDGE-0001252,EV-CONTRACT-2026-8923
PHO-000507,PHO-003858,EDGE-0001253,EV-CONTRACT-2026-8467
PHO-004037,PHO-000316,EDGE-0001254,EV-CONTRACT-2026-4875
PHO-001994,PHO-004784,EDGE-0001255,EV-CONTRACT-2026-4159
PHO-001901,PHO-001786,EDGE-0001256,EV-CONTRACT-2026-5309
PHO-000669,PHO-004181,EDGE-0001257,EV-CONTRACT-2026-3590
PHO-003141,PHO-001687,EDGE-0001258,EV-CONTRACT-2026-7732
PHO-001597,PHO-003998,EDGE-0001259,EV-CONTRACT-2026-5021
PHO-004613,PHO-003054,EDGE-0001260,EV-CONTRACT-2026-6682
PHO-001363,PHO-001645,EDGE-0001261,EV-CONTRACT-2026-8769
PHO-001771,PHO-002767,EDGE-0001262,EV-CONTRACT-2026-8167
PHO-004741,PHO-004649,EDGE-0001263,EV-CONTRACT-2026-2514
PHO-002161,PHO-002826,EDGE-0001264,EV-CONTRACT-2026-9241
PHO-000404,PHO-004204,EDGE-0001265,EV-CONTRACT-2026-1190
PHO-001252,PHO-003921,EDGE-0001266,EV-CONTRACT-2026-8307
PHO-001341,PHO-002457,EDGE-0001267,EV-CONTRACT-2026-5767
PHO-000842,PHO-003153,EDGE-0001268,EV-CONTRACT-2026-7668
PHO-002360,PHO-001693,EDGE-0001269,EV-CONTRACT-2026-2790
PHO-000595,PHO-000022,EDGE-0001270,EV-CONTRACT-2026-5096
PHO-002142,PHO-003743,EDGE-0001271,EV-CONTRACT-2026-8540
PHO-001872,PHO-004398,EDGE-0001272,EV-CONTRACT-2026-2487
PHO-000484,PHO-002670,EDGE-0001273,EV-CONTRACT-2026-9152
PHO-001068,PHO-000659,EDGE-0001274,EV-CONTRACT-2026-3577
PHO-000239,PHO-001671,EDGE-0001275,EV-CONTRACT-2026-2768
PHO-002130,PHO-004391,EDGE-0001276,EV-CONTRACT-2026-4949
PHO-003860,PHO-003116,EDGE-0001277,EV-CONTRACT-2026-6288
PHO-000004,PHO-002339,EDGE-0001278,EV-CONTRACT-2026-4671
PHO-004540,PHO-004128,EDGE-0001279,EV-CONTRACT-2026-9499
PHO-004887,PHO-002473,EDGE-0001280,EV-CONTRACT-2026-9238
PHO-003210,PHO-003910,EDGE-0001281,EV-CONTRACT-2026-6487
PHO-000206,PHO-002116,EDGE-0001282,EV-CONTRACT-2026-1810
PHO-000436,PHO-003679,EDGE-0001283,EV-CONTRACT-2026-7353
PHO-004768,PHO-000302,EDGE-0001284,EV-CONTRACT-2026-8042
PHO-000665,PHO-003730,EDGE-0001285,EV-CONTRACT-2026-7271
PHO-003337,PHO-004974,EDGE-0001286,EV-CONTRACT-2026-7052
PHO-002145,PHO-001329,EDGE-0001287,EV-CONTRACT-2026-7710
PHO-001855,PHO-003002,EDGE-0001288,EV-CONTRACT-2026-5892
PHO-000951,PHO-002687,EDGE-0001289,EV-CONTRACT-2026-1188
PHO-000347,PHO-000110,EDGE-0001290,EV-CONTRACT-2026-7514
PHO-004368,PHO-004221,EDGE-0001291,EV-CONTRACT-2026-8011
PHO-003483,PHO-001933,EDGE-0001292,EV-CONTRACT-2026-9507
PHO-004680,PHO-000616,EDGE-0001293,EV-CONTRACT-2026-6987
PHO-002583,PHO-002453,EDGE-0001294,EV-CONTRACT-2026-7325
PHO-003741,PHO-001026,EDGE-0001295,EV-CONTRACT-2026-3169
PHO-000856,PHO-000967,EDGE-0001296,EV-CONTRACT-2026-1564
PHO-003856,PHO-001173,EDGE-0001297,EV-CONTRACT-2026-2980
PHO-002346,PHO-004976,EDGE-0001298,EV-CONTRACT-2026-9852
PHO-000678,PHO-000196,EDGE-0001299,EV-CONTRACT-2026-6699
PHO-001301,PHO-002574,EDGE-0001300,EV-CONTRACT-2026-7564
PHO-004517,PHO-003019,EDGE-0001301,EV-CONTRACT-2026-2369
PHO-001759,PHO-002295,EDGE-0001302,EV-CONTRACT-2026-2539
PHO-002329,PHO-002184,EDGE-0001303,EV-CONTRACT-2026-6366
PHO-001439,PHO-000274,EDGE-0001304,EV-CONTRACT-2026-2060
PHO-004407,PHO-004495,EDGE-0001305,EV-CONTRACT-2026-8426
PHO-003762,PHO-000826,EDGE-0001306,EV-CONTRACT-2026-3692
PHO-004066,PHO-002332,EDGE-0001307,EV-CONTRACT-2026-5008
PHO-002356,PHO-001703,EDGE-0001308,EV-CONTRACT-2026-4693
PHO-000402,PHO-001357,EDGE-0001309,EV-CONTRACT-2026-2146
PHO-004099,PHO-003802,EDGE-0001310,EV-CONTRACT-2026-8699
PHO-004181,PHO-003012,EDGE-0001311,EV-CONTRACT-2026-4707
PHO-002206,PHO-002201,EDGE-0001312,EV-CONTRACT-2026-2107
PHO-003384,PHO-000488,EDGE-0001313,EV-CONTRACT-2026-5925
PHO-003209,PHO-004556,EDGE-0001314,EV-CONTRACT-2026-9586
PHO-003259,PHO-001339,EDGE-0001315,EV-CONTRACT-2026-5096
PHO-002534,PHO-003621,EDGE-0001316,EV-CONTRACT-2026-6983
PHO-000178,PHO-004493,EDGE-0001317,EV-CONTRACT-2026-4059
PHO-003098,PHO-001083,EDGE-0001318,EV-CONTRACT-2026-2324
PHO-004818,PHO-001806,EDGE-0001319,EV-CONTRACT-2026-6231
PHO-002586,PHO-002345,EDGE-0001320,EV-CONTRACT-2026-8801
PHO-004111,PHO-000345,EDGE-0001321,EV-CONTRACT-2026-5384
PHO-001582,PHO-004146,EDGE-0001322,EV-CONTRACT-2026-1599
PHO-004446,PHO-000528,EDGE-0001323,EV-CONTRACT-2026-9320
PHO-004032,PHO-001611,EDGE-0001324,EV-CONTRACT-2026-1698
PHO-001703,PHO-001747,EDGE-0001325,EV-CONTRACT-2026-3498
PHO-004749,PHO-003775,EDGE-0001326,EV-CONTRACT-2026-1351
PHO-001074,PHO-003936,EDGE-0001327,EV-CONTRACT-2026-7608
PHO-002698,PHO-004496,EDGE-0001328,EV-CONTRACT-2026-4267
PHO-004516,PHO-000231,EDGE-0001329,EV-CONTRACT-2026-8418
PHO-004706,PHO-004828,EDGE-0001330,EV-CONTRACT-2026-3448
PHO-000810,PHO-002814,EDGE-0001331,EV-CONTRACT-2026-8489
PHO-004438,PHO-003123,EDGE-0001332,EV-CONTRACT-2026-4401
PHO-004479,PHO-001638,EDGE-0001333,EV-CONTRACT-2026-7630
PHO-002623,PHO-000162,EDGE-0001334,EV-CONTRACT-2026-3181
PHO-004597,PHO-001774,EDGE-0001335,EV-CONTRACT-2026-5834
PHO-000103,PHO-000569,EDGE-0001336,EV-CONTRACT-2026-5339
PHO-000348,PHO-003568,EDGE-0001337,EV-CONTRACT-2026-4250
PHO-004122,PHO-001344,EDGE-0001338,EV-CONTRACT-2026-1988
PHO-003951,PHO-002201,EDGE-0001339,EV-CONTRACT-2026-3611
PHO-000689,PHO-004504,EDGE-0001340,EV-CONTRACT-2026-5564
PHO-000674,PHO-002588,EDGE-0001341,EV-CONTRACT-2026-8098
PHO-004693,PHO-001114,EDGE-0001342,EV-CONTRACT-2026-3971
PHO-001995,PHO-001079,EDGE-0001343,EV-CONTRACT-2026-1752
PHO-000552,PHO-004826,EDGE-0001344,EV-CONTRACT-2026-3973
PHO-001261,PHO-003625,EDGE-0001345,EV-CONTRACT-2026-6837
PHO-003214,PHO-001920,EDGE-0001346,EV-CONTRACT-2026-9027
PHO-003396,PHO-003448,EDGE-0001347,EV-CONTRACT-2026-1015
PHO-003997,PHO-000320,EDGE-0001348,EV-CONTRACT-2026-8571
PHO-000191,PHO-003586,EDGE-0001349,EV-CONTRACT-2026-8958
PHO-000955,PHO-004549,EDGE-0001350,EV-CONTRACT-2026-5775
PHO-001693,PHO-004973,EDGE-0001351,EV-CONTRACT-2026-5918
PHO-001287,PHO-002636,EDGE-0001352,EV-CONTRACT-2026-1584
PHO-002661,PHO-000231,EDGE-0001353,EV-CONTRACT-2026-7532
PHO-004390,PHO-001623,EDGE-0001354,EV-CONTRACT-2026-5064
PHO-002590,PHO-003148,EDGE-0001355,EV-CONTRACT-2026-5107
PHO-004872,PHO-001863,EDGE-0001356,EV-CONTRACT-2026-8673
PHO-003585,PHO-003993,EDGE-0001357,EV-CONTRACT-2026-5420
PHO-000887,PHO-004450,EDGE-0001358,EV-CONTRACT-2026-4928
PHO-001996,PHO-001379,EDGE-0001359,EV-CONTRACT-2026-2690
PHO-000237,PHO-003340,EDGE-0001360,EV-CONTRACT-2026-9888
PHO-000010,PHO-004618,EDGE-0001361,EV-CONTRACT-2026-7143
PHO-004918,PHO-002063,EDGE-0001362,EV-CONTRACT-2026-8052
PHO-001861,PHO-004545,EDGE-0001363,EV-CONTRACT-2026-2810
PHO-000159,PHO-004787,EDGE-0001364,EV-CONTRACT-2026-4921
PHO-002406,PHO-003433,EDGE-0001365,EV-CONTRACT-2026-7016
PHO-000444,PHO-004240,EDGE-0001366,EV-CONTRACT-2026-3582
PHO-002413,PHO-002769,EDGE-0001367,EV-CONTRACT-2026-2850
PHO-004869,PHO-004204,EDGE-0001368,EV-CONTRACT-2026-9395
PHO-002091,PHO-002828,EDGE-0001369,EV-CONTRACT-2026-2598
PHO-004869,PHO-004391,EDGE-0001370,EV-CONTRACT-2026-5347
PHO-000424,PHO-000059,EDGE-0001371,EV-CONTRACT-2026-1891
PHO-004729,PHO-001996,EDGE-0001372,EV-CONTRACT-2026-6137
PHO-004317,PHO-001866,EDGE-0001373,EV-CONTRACT-2026-1327
PHO-004407,PHO-002270,EDGE-0001374,EV-CONTRACT-2026-7368
PHO-004877,PHO-000330,EDGE-0001375,EV-CONTRACT-2026-3329
PHO-002323,PHO-001038,EDGE-0001376,EV-CONTRACT-2026-5728
PHO-001625,PHO-000389,EDGE-0001377,EV-CONTRACT-2026-8237
PHO-004514,PHO-001420,EDGE-0001378,EV-CONTRACT-2026-4821
PHO-002607,PHO-000994,EDGE-0001379,EV-CONTRACT-2026-2435
PHO-001652,PHO-002933,EDGE-0001380,EV-CONTRACT-2026-1013
PHO-001267,PHO-001586,EDGE-0001381,EV-CONTRACT-2026-6542
PHO-004152,PHO-000596,EDGE-0001382,EV-CONTRACT-2026-1144
PHO-004359,PHO-003042,EDGE-0001383,EV-CONTRACT-2026-8341
PHO-004095,PHO-003840,EDGE-0001384,EV-CONTRACT-2026-4563
PHO-004333,PHO-003969,EDGE-0001385,EV-CONTRACT-2026-3709
PHO-003367,PHO-002971,EDGE-0001386,EV-CONTRACT-2026-9446
PHO-000946,PHO-000355,EDGE-0001387,EV-CONTRACT-2026-7847
PHO-000385,PHO-001719,EDGE-0001388,EV-CONTRACT-2026-1411
PHO-001679,PHO-003263,EDGE-0001389,EV-CONTRACT-2026-3793
PHO-000376,PHO-003652,EDGE-0001390,EV-CONTRACT-2026-4784
PHO-003505,PHO-000138,EDGE-0001391,EV-CONTRACT-2026-5949
PHO-001478,PHO-003467,EDGE-0001392,EV-CONTRACT-2026-5120
PHO-000596,PHO-003190,EDGE-0001393,EV-CONTRACT-2026-4469
PHO-000936,PHO-003904,EDGE-0001394,EV-CONTRACT-2026-8903
PHO-002337,PHO-001747,EDGE-0001395,EV-CONTRACT-2026-6839
PHO-003856,PHO-002162,EDGE-0001396,EV-CONTRACT-2026-2134
PHO-004089,PHO-003491,EDGE-0001397,EV-CONTRACT-2026-1335
PHO-003529,PHO-002642,EDGE-0001398,EV-CONTRACT-2026-3689
PHO-003108,PHO-000794,EDGE-0001399,EV-CONTRACT-2026-9484
PHO-000953,PHO-002566,EDGE-0001400,EV-CONTRACT-2026-6573
PHO-002283,PHO-004431,EDGE-0001401,EV-CONTRACT-2026-5078
PHO-002462,PHO-000604,EDGE-0001402,EV-CONTRACT-2026-7321
PHO-003703,PHO-003331,EDGE-0001403,EV-CONTRACT-2026-5283
PHO-004276,PHO-003902,EDGE-0001404,EV-CONTRACT-2026-8956
PHO-001976,PHO-000077,EDGE-0001405,EV-CONTRACT-2026-9152
PHO-001623,PHO-000387,EDGE-0001406,EV-CONTRACT-2026-9859
PHO-002871,PHO-002150,EDGE-0001407,EV-CONTRACT-2026-1955
PHO-004200,PHO-002075,EDGE-0001408,EV-CONTRACT-2026-4512
PHO-002712,PHO-000803,EDGE-0001409,EV-CONTRACT-2026-8230
PHO-004667,PHO-001722,EDGE-0001410,EV-CONTRACT-2026-1620
PHO-001733,PHO-003794,EDGE-0001411,EV-CONTRACT-2026-6866
PHO-000521,PHO-004224,EDGE-0001412,EV-CONTRACT-2026-6911
PHO-003505,PHO-002368,EDGE-0001413,EV-CONTRACT-2026-4722
PHO-002478,PHO-002349,EDGE-0001414,EV-CONTRACT-2026-8483
PHO-000823,PHO-000561,EDGE-0001415,EV-CONTRACT-2026-4481
PHO-004476,PHO-004227,EDGE-0001416,EV-CONTRACT-2026-2626
PHO-003246,PHO-003936,EDGE-0001417,EV-CONTRACT-2026-1465
PHO-003343,PHO-000259,EDGE-0001418,EV-CONTRACT-2026-7969
PHO-001630,PHO-001274,EDGE-0001419,EV-CONTRACT-2026-7506
PHO-002669,PHO-003550,EDGE-0001420,EV-CONTRACT-2026-1987
PHO-002294,PHO-002034,EDGE-0001421,EV-CONTRACT-2026-4470
PHO-001000,PHO-002946,EDGE-0001422,EV-CONTRACT-2026-2437
PHO-004331,PHO-002543,EDGE-0001423,EV-CONTRACT-2026-2767
PHO-002710,PHO-001911,EDGE-0001424,EV-CONTRACT-2026-5045
PHO-003677,PHO-001826,EDGE-0001425,EV-CONTRACT-2026-9641
PHO-000450,PHO-002875,EDGE-0001426,EV-CONTRACT-2026-3712
PHO-000762,PHO-002384,EDGE-0001427,EV-CONTRACT-2026-3811
PHO-004270,PHO-000008,EDGE-0001428,EV-CONTRACT-2026-5012
PHO-002608,PHO-001354,EDGE-0001429,EV-CONTRACT-2026-8689
PHO-004715,PHO-002659,EDGE-0001430,EV-CONTRACT-2026-1764
PHO-000290,PHO-001280,EDGE-0001431,EV-CONTRACT-2026-6723
PHO-003191,PHO-002440,EDGE-0001432,EV-CONTRACT-2026-6804
PHO-003563,PHO-001317,EDGE-0001433,EV-CONTRACT-2026-6817
PHO-003682,PHO-003508,EDGE-0001434,EV-CONTRACT-2026-3488
PHO-003032,PHO-003329,EDGE-0001435,EV-CONTRACT-2026-5869
PHO-003572,PHO-002818,EDGE-0001436,EV-CONTRACT-2026-3290
PHO-000447,PHO-003240,EDGE-0001437,EV-CONTRACT-2026-7408
PHO-000001,PHO-003056,EDGE-0001438,EV-CONTRACT-2026-4908
PHO-003924,PHO-000500,EDGE-0001439,EV-CONTRACT-2026-7705
PHO-001878,PHO-000547,EDGE-0001440,EV-CONTRACT-2026-4898
PHO-000738,PHO-001516,EDGE-0001441,EV-CONTRACT-2026-7593
PHO-004126,PHO-002358,EDGE-0001442,EV-CONTRACT-2026-5122
PHO-002192,PHO-001564,EDGE-0001443,EV-CONTRACT-2026-1693
PHO-004265,PHO-003839,EDGE-0001444,EV-CONTRACT-2026-5661
PHO-004143,PHO-004861,EDGE-0001445,EV-CONTRACT-2026-9418
PHO-002119,PHO-001313,EDGE-0001446,EV-CONTRACT-2026-7317
PHO-004020,PHO-004089,EDGE-0001447,EV-CONTRACT-2026-4024
PHO-003051,PHO-004613,EDGE-0001448,EV-CONTRACT-2026-9214
PHO-000522,PHO-001249,EDGE-0001449,EV-CONTRACT-2026-9534
PHO-003844,PHO-004339,EDGE-0001450,EV-CONTRACT-2026-6080
PHO-000258,PHO-004724,EDGE-0001451,EV-CONTRACT-2026-8159
PHO-000365,PHO-000071,EDGE-0001452,EV-CONTRACT-2026-2843
PHO-002803,PHO-000988,EDGE-0001453,EV-CONTRACT-2026-2963
PHO-001375,PHO-004039,EDGE-0001454,EV-CONTRACT-2026-9973
PHO-004997,PHO-002235,EDGE-0001455,EV-CONTRACT-2026-9887
PHO-000712,PHO-000605,EDGE-0001456,EV-CONTRACT-2026-8419
PHO-001576,PHO-003349,EDGE-0001457,EV-CONTRACT-2026-8987
PHO-001140,PHO-001684,EDGE-0001458,EV-CONTRACT-2026-1469
PHO-004598,PHO-000635,EDGE-0001459,EV-CONTRACT-2026-2081
PHO-004584,PHO-003527,EDGE-0001460,EV-CONTRACT-2026-9170
PHO-002076,PHO-001070,EDGE-0001461,EV-CONTRACT-2026-3369
PHO-003141,PHO-004177,EDGE-0001462,EV-CONTRACT-2026-8787
PHO-004648,PHO-004353,EDGE-0001463,EV-CONTRACT-2026-4908
PHO-002997,PHO-002022,EDGE-0001464,EV-CONTRACT-2026-8019
PHO-002129,PHO-004639,EDGE-0001465,EV-CONTRACT-2026-3428
PHO-002486,PHO-002694,EDGE-0001466,EV-CONTRACT-2026-2529
PHO-001948,PHO-003457,EDGE-0001467,EV-CONTRACT-2026-6538
PHO-001657,PHO-000027,EDGE-0001468,EV-CONTRACT-2026-1445
PHO-004820,PHO-004556,EDGE-0001469,EV-CONTRACT-2026-8788
PHO-003656,PHO-000680,EDGE-0001470,EV-CONTRACT-2026-6630
PHO-001056,PHO-002848,EDGE-0001471,EV-CONTRACT-2026-6098
PHO-003898,PHO-001388,EDGE-0001472,EV-CONTRACT-2026-1152
PHO-000535,PHO-001781,EDGE-0001473,EV-CONTRACT-2026-5062
PHO-000381,PHO-002309,EDGE-0001474,EV-CONTRACT-2026-5432
PHO-004553,PHO-001713,EDGE-0001475,EV-CONTRACT-2026-1537
PHO-002192,PHO-003255,EDGE-0001476,EV-CONTRACT-2026-4580
PHO-001359,PHO-003348,EDGE-0001477,EV-CONTRACT-2026-1595
PHO-002170,PHO-002431,EDGE-0001478,EV-CONTRACT-2026-6684
PHO-001576,PHO-003077,EDGE-0001479,EV-CONTRACT-2026-8794
PHO-003849,PHO-004544,EDGE-0001480,EV-CONTRACT-2026-3636
PHO-002782,PHO-004380,EDGE-0001481,EV-CONTRACT-2026-2892
PHO-002631,PHO-004204,EDGE-0001482,EV-CONTRACT-2026-5916
PHO-003430,PHO-002555,EDGE-0001483,EV-CONTRACT-2026-5319
PHO-000874,PHO-002962,EDGE-0001484,EV-CONTRACT-2026-1915
PHO-004607,PHO-003592,EDGE-0001485,EV-CONTRACT-2026-4115
PHO-001187,PHO-004127,EDGE-0001486,EV-CONTRACT-2026-5323
PHO-001794,PHO-002157,EDGE-0001487,EV-CONTRACT-2026-6023
PHO-004161,PHO-001658,EDGE-0001488,EV-CONTRACT-2026-4663
PHO-001609,PHO-001901,EDGE-0001489,EV-CONTRACT-2026-8812
PHO-001365,PHO-000423,EDGE-0001490,EV-CONTRACT-2026-1241
PHO-002032,PHO-002539,EDGE-0001491,EV-CONTRACT-2026-5615
PHO-002170,PHO-002371,EDGE-0001492,EV-CONTRACT-2026-6143
PHO-002325,PHO-003845,EDGE-0001493,EV-CONTRACT-2026-5164
PHO-004230,PHO-000956,EDGE-0001494,EV-CONTRACT-2026-2741
PHO-001719,PHO-000583,EDGE-0001495,EV-CONTRACT-2026-6683
PHO-002607,PHO-000991,EDGE-0001496,EV-CONTRACT-2026-1090
PHO-004480,PHO-001231,EDGE-0001497,EV-CONTRACT-2026-7308
PHO-003897,PHO-004770,EDGE-0001498,EV-CONTRACT-2026-5310
PHO-002378,PHO-003118,EDGE-0001499,EV-CONTRACT-2026-4887
PHO-004575,PHO-002506,EDGE-0001500,EV-CONTRACT-2026-6828
PHO-003252,PHO-001891,EDGE-0001501,EV-CONTRACT-2026-6987
PHO-002759,PHO-003537,EDGE-0001502,EV-CONTRACT-2026-8212
PHO-001070,PHO-003796,EDGE-0001503,EV-CONTRACT-2026-1728
PHO-003673,PHO-004905,EDGE-0001504,EV-CONTRACT-2026-8767
PHO-004219,PHO-004735,EDGE-0001505,EV-CONTRACT-2026-2539
PHO-003174,PHO-003764,EDGE-0001506,EV-CONTRACT-2026-4260
PHO-001236,PHO-000293,EDGE-0001507,EV-CONTRACT-2026-4170
PHO-004620,PHO-003113,EDGE-0001508,EV-CONTRACT-2026-7796
PHO-004847,PHO-004615,EDGE-0001509,EV-CONTRACT-2026-4748
PHO-001254,PHO-000159,EDGE-0001510,EV-CONTRACT-2026-7030
PHO-000896,PHO-004275,EDGE-0001511,EV-CONTRACT-2026-4072
PHO-002855,PHO-004571,EDGE-0001512,EV-CONTRACT-2026-3488
PHO-001136,PHO-003173,EDGE-0001513,EV-CONTRACT-2026-5050
PHO-002440,PHO-000172,EDGE-0001514,EV-CONTRACT-2026-1077
PHO-003164,PHO-003341,EDGE-0001515,EV-CONTRACT-2026-4262
PHO-002306,PHO-000024,EDGE-0001516,EV-CONTRACT-2026-3167
PHO-001212,PHO-002787,EDGE-0001517,EV-CONTRACT-2026-4079
PHO-003574,PHO-000414,EDGE-0001518,EV-CONTRACT-2026-7537
PHO-004432,PHO-004544,EDGE-0001519,EV-CONTRACT-2026-3042
PHO-001370,PHO-004773,EDGE-0001520,EV-CONTRACT-2026-4681
PHO-001183,PHO-004683,EDGE-0001521,EV-CONTRACT-2026-7331
PHO-004728,PHO-003076,EDGE-0001522,EV-CONTRACT-2026-2774
PHO-001232,PHO-004154,EDGE-0001523,EV-CONTRACT-2026-7584
PHO-001661,PHO-002378,EDGE-0001524,EV-CONTRACT-2026-5996
PHO-002318,PHO-001872,EDGE-0001525,EV-CONTRACT-2026-5531
PHO-001962,PHO-004762,EDGE-0001526,EV-CONTRACT-2026-9256
PHO-004308,PHO-003859,EDGE-0001527,EV-CONTRACT-2026-6006
PHO-001592,PHO-001008,EDGE-0001528,EV-CONTRACT-2026-9804
PHO-001228,PHO-003718,EDGE-0001529,EV-CONTRACT-2026-7550
PHO-003045,PHO-001550,EDGE-0001530,EV-CONTRACT-2026-7619
PHO-003972,PHO-001104,EDGE-0001531,EV-CONTRACT-2026-1023
PHO-001327,PHO-004684,EDGE-0001532,EV-CONTRACT-2026-6508
PHO-003446,PHO-003665,EDGE-0001533,EV-CONTRACT-2026-6015
PHO-002927,PHO-002001,EDGE-0001534,EV-CONTRACT-2026-6388
PHO-004612,PHO-003182,EDGE-0001535,EV-CONTRACT-2026-5850
PHO-001787,PHO-001570,EDGE-0001536,EV-CONTRACT-2026-2003
PHO-001986,PHO-000333,EDGE-0001537,EV-CONTRACT-2026-3848
PHO-002134,PHO-002003,EDGE-0001538,EV-CONTRACT-2026-5771
PHO-002915,PHO-000161,EDGE-0001539,EV-CONTRACT-2026-6510
PHO-003742,PHO-001670,EDGE-0001540,EV-CONTRACT-2026-1833
PHO-002417,PHO-001024,EDGE-0001541,EV-CONTRACT-2026-9422
PHO-000763,PHO-003766,EDGE-0001542,EV-CONTRACT-2026-3132
PHO-000729,PHO-001372,EDGE-0001543,EV-CONTRACT-2026-2468
PHO-004259,PHO-002958,EDGE-0001544,EV-CONTRACT-2026-2347
PHO-004950,PHO-003958,EDGE-0001545,EV-CONTRACT-2026-6882
PHO-002605,PHO-001619,EDGE-0001546,EV-CONTRACT-2026-6855
PHO-002522,PHO-002606,EDGE-0001547,EV-CONTRACT-2026-4808
PHO-001227,PHO-004427,EDGE-0001548,EV-CONTRACT-2026-8444
PHO-000998,PHO-001421,EDGE-0001549,EV-CONTRACT-2026-8791
PHO-002869,PHO-001639,EDGE-0001550,EV-CONTRACT-2026-1162
PHO-000081,PHO-001672,EDGE-0001551,EV-CONTRACT-2026-7600
PHO-004680,PHO-004159,EDGE-0001552,EV-CONTRACT-2026-3536
PHO-001665,PHO-001439,EDGE-0001553,EV-CONTRACT-2026-8916
PHO-001451,PHO-000139,EDGE-0001554,EV-CONTRACT-2026-1113
PHO-001762,PHO-003474,EDGE-0001555,EV-CONTRACT-2026-9039
PHO-000153,PHO-002985,EDGE-0001556,EV-CONTRACT-2026-8798
PHO-003293,PHO-002933,EDGE-0001557,EV-CONTRACT-2026-2246
PHO-004872,PHO-002882,EDGE-0001558,EV-CONTRACT-2026-9532
PHO-004347,PHO-001254,EDGE-0001559,EV-CONTRACT-2026-9894
PHO-000329,PHO-000908,EDGE-0001560,EV-CONTRACT-2026-8749
PHO-002388,PHO-001078,EDGE-0001561,EV-CONTRACT-2026-3460
PHO-004986,PHO-001941,EDGE-0001562,EV-CONTRACT-2026-3935
PHO-002339,PHO-001977,EDGE-0001563,EV-CONTRACT-2026-5815
PHO-003981,PHO-001013,EDGE-0001564,EV-CONTRACT-2026-6294
PHO-004538,PHO-004613,EDGE-0001565,EV-CONTRACT-2026-8475
PHO-001190,PHO-004839,EDGE-0001566,EV-CONTRACT-2026-4249
PHO-004891,PHO-002550,EDGE-0001567,EV-CONTRACT-2026-6973
PHO-000112,PHO-000681,EDGE-0001568,EV-CONTRACT-2026-5303
PHO-001432,PHO-001230,EDGE-0001569,EV-CONTRACT-2026-8210
PHO-003474,PHO-000578,EDGE-0001570,EV-CONTRACT-2026-6874
PHO-002482,PHO-003191,EDGE-0001571,EV-CONTRACT-2026-2833
PHO-004361,PHO-003991,EDGE-0001572,EV-CONTRACT-2026-4933
PHO-003521,PHO-003644,EDGE-0001573,EV-CONTRACT-2026-9066
PHO-000066,PHO-001872,EDGE-0001574,EV-CONTRACT-2026-6964
PHO-004318,PHO-003359,EDGE-0001575,EV-CONTRACT-2026-6990
PHO-001839,PHO-003217,EDGE-0001576,EV-CONTRACT-2026-7424
PHO-000512,PHO-001227,EDGE-0001577,EV-CONTRACT-2026-3685
PHO-003380,PHO-000810,EDGE-0001578,EV-CONTRACT-2026-2388
PHO-001769,PHO-002997,EDGE-0001579,EV-CONTRACT-2026-7966
PHO-004883,PHO-003457,EDGE-0001580,EV-CONTRACT-2026-5842
PHO-002927,PHO-000402,EDGE-0001581,EV-CONTRACT-2026-6932
PHO-002692,PHO-002691,EDGE-0001582,EV-CONTRACT-2026-5367
PHO-004040,PHO-004905,EDGE-0001583,EV-CONTRACT-2026-7782
PHO-004715,PHO-000151,EDGE-0001584,EV-CONTRACT-2026-2698
PHO-003870,PHO-000751,EDGE-0001585,EV-CONTRACT-2026-9683
PHO-003270,PHO-002930,EDGE-0001586,EV-CONTRACT-2026-2733
PHO-000128,PHO-003073,EDGE-0001587,EV-CONTRACT-2026-9349
PHO-001702,PHO-002659,EDGE-0001588,EV-CONTRACT-2026-5467
PHO-002400,PHO-001442,EDGE-0001589,EV-CONTRACT-2026-3554
PHO-002982,PHO-004346,EDGE-0001590,EV-CONTRACT-2026-6696
PHO-002051,PHO-004051,EDGE-0001591,EV-CONTRACT-2026-4985
PHO-003513,PHO-001905,EDGE-0001592,EV-CONTRACT-2026-7478
PHO-004821,PHO-002457,EDGE-0001593,EV-CONTRACT-2026-1486
PHO-001180,PHO-001200,EDGE-0001594,EV-CONTRACT-2026-9416
PHO-002065,PHO-003082,EDGE-0001595,EV-CONTRACT-2026-5377
PHO-004064,PHO-002845,EDGE-0001596,EV-CONTRACT-2026-1505
PHO-002031,PHO-003235,EDGE-0001597,EV-CONTRACT-2026-8019
PHO-001788,PHO-001945,EDGE-0001598,EV-CONTRACT-2026-4729
PHO-001096,PHO-004526,EDGE-0001599,EV-CONTRACT-2026-7372
PHO-002719,PHO-001039,EDGE-0001600,EV-CONTRACT-2026-7683
PHO-003895,PHO-000169,EDGE-0001601,EV-CONTRACT-2026-5213
PHO-004652,PHO-004814,EDGE-0001602,EV-CONTRACT-2026-9611
PHO-003313,PHO-000135,EDGE-0001603,EV-CONTRACT-2026-9172
PHO-001267,PHO-004390,EDGE-0001604,EV-CONTRACT-2026-3541
PHO-000120,PHO-000067,EDGE-0001605,EV-CONTRACT-2026-9031
PHO-004746,PHO-002957,EDGE-0001606,EV-CONTRACT-2026-6148
PHO-000138,PHO-004231,EDGE-0001607,EV-CONTRACT-2026-2460
PHO-001886,PHO-001792,EDGE-0001608,EV-CONTRACT-2026-9783
PHO-001427,PHO-003362,EDGE-0001609,EV-CONTRACT-2026-4458
PHO-004736,PHO-001179,EDGE-0001610,EV-CONTRACT-2026-1163
PHO-000837,PHO-004905,EDGE-0001611,EV-CONTRACT-2026-2289
PHO-000860,PHO-002589,EDGE-0001612,EV-CONTRACT-2026-9703
PHO-001474,PHO-004565,EDGE-0001613,EV-CONTRACT-2026-1962
PHO-003087,PHO-004324,EDGE-0001614,EV-CONTRACT-2026-8743
PHO-003043,PHO-000825,EDGE-0001615,EV-CONTRACT-2026-1665
PHO-004553,PHO-003960,EDGE-0001616,EV-CONTRACT-2026-1104
PHO-000683,PHO-001589,EDGE-0001617,EV-CONTRACT-2026-1145
PHO-002938,PHO-000620,EDGE-0001618,EV-CONTRACT-2026-2765
PHO-003567,PHO-003238,EDGE-0001619,EV-CONTRACT-2026-5206
PHO-000179,PHO-004859,EDGE-0001620,EV-CONTRACT-2026-4804
PHO-001900,PHO-001946,EDGE-0001621,EV-CONTRACT-2026-7397
PHO-002218,PHO-002744,EDGE-0001622,EV-CONTRACT-2026-6997
PHO-004251,PHO-000716,EDGE-0001623,EV-CONTRACT-2026-9826
PHO-001256,PHO-001905,EDGE-0001624,EV-CONTRACT-2026-4564
PHO-002006,PHO-000447,EDGE-0001625,EV-CONTRACT-2026-6763
PHO-004154,PHO-004151,EDGE-0001626,EV-CONTRACT-2026-4851
PHO-000509,PHO-004724,EDGE-0001627,EV-CONTRACT-2026-6381
PHO-001479,PHO-004872,EDGE-0001628,EV-CONTRACT-2026-1468
PHO-001783,PHO-004956,EDGE-0001629,EV-CONTRACT-2026-7222
PHO-000710,PHO-004813,EDGE-0001630,EV-CONTRACT-2026-2934
PHO-001732,PHO-001275,EDGE-0001631,EV-CONTRACT-2026-1071
PHO-001994,PHO-000593,EDGE-0001632,EV-CONTRACT-2026-2373
PHO-004303,PHO-001816,EDGE-0001633,EV-CONTRACT-2026-4535
PHO-001411,PHO-002718,EDGE-0001634,EV-CONTRACT-2026-4219
PHO-003148,PHO-004426,EDGE-0001635,EV-CONTRACT-2026-6946
PHO-002665,PHO-001521,EDGE-0001636,EV-CONTRACT-2026-1562
PHO-002081,PHO-004448,EDGE-0001637,EV-CONTRACT-2026-5653
PHO-001504,PHO-003193,EDGE-0001638,EV-CONTRACT-2026-1304
PHO-002131,PHO-000199,EDGE-0001639,EV-CONTRACT-2026-8242
PHO-000144,PHO-001399,EDGE-0001640,EV-CONTRACT-2026-1016
PHO-000378,PHO-003882,EDGE-0001641,EV-CONTRACT-2026-7365
PHO-002226,PHO-002643,EDGE-0001642,EV-CONTRACT-2026-2693
PHO-002398,PHO-000160,EDGE-0001643,EV-CONTRACT-2026-8496
PHO-002713,PHO-004850,EDGE-0001644,EV-CONTRACT-2026-9867
PHO-003371,PHO-001943,EDGE-0001645,EV-CONTRACT-2026-7455
PHO-001014,PHO-002935,EDGE-0001646,EV-CONTRACT-2026-7902
PHO-001698,PHO-003262,EDGE-0001647,EV-CONTRACT-2026-2930
PHO-003817,PHO-003428,EDGE-0001648,EV-CONTRACT-2026-7067
PHO-004684,PHO-002264,EDGE-0001649,EV-CONTRACT-2026-2803
PHO-000512,PHO-004513,EDGE-0001650,EV-CONTRACT-2026-2736
PHO-004708,PHO-000263,EDGE-0001651,EV-CONTRACT-2026-1190
PHO-002330,PHO-000148,EDGE-0001652,EV-CONTRACT-2026-6766
PHO-002608,PHO-001303,EDGE-0001653,EV-CONTRACT-2026-2356
PHO-000795,PHO-004558,EDGE-0001654,EV-CONTRACT-2026-3864
PHO-002469,PHO-003451,EDGE-0001655,EV-CONTRACT-2026-6118
PHO-002039,PHO-001232,EDGE-0001656,EV-CONTRACT-2026-5345
PHO-002769,PHO-001476,EDGE-0001657,EV-CONTRACT-2026-2823
PHO-001436,PHO-002870,EDGE-0001658,EV-CONTRACT-2026-3823
PHO-004194,PHO-001028,EDGE-0001659,EV-CONTRACT-2026-3577
PHO-000040,PHO-002519,EDGE-0001660,EV-CONTRACT-2026-7365
PHO-004842,PHO-000172,EDGE-0001661,EV-CONTRACT-2026-4162
PHO-003420,PHO-004125,EDGE-0001662,EV-CONTRACT-2026-7463
PHO-001608,PHO-004419,EDGE-0001663,EV-CONTRACT-2026-2492
PHO-001307,PHO-001187,EDGE-0001664,EV-CONTRACT-2026-3650
PHO-000876,PHO-002201,EDGE-0001665,EV-CONTRACT-2026-9695
PHO-000156,PHO-003083,EDGE-0001666,EV-CONTRACT-2026-6488
PHO-004889,PHO-004126,EDGE-0001667,EV-CONTRACT-2026-7338
PHO-002007,PHO-002573,EDGE-0001668,EV-CONTRACT-2026-5624
PHO-000450,PHO-002979,EDGE-0001669,EV-CONTRACT-2026-8427
PHO-001760,PHO-003834,EDGE-0001670,EV-CONTRACT-2026-9767
PHO-003479,PHO-001481,EDGE-0001671,EV-CONTRACT-2026-6314
PHO-001208,PHO-001867,EDGE-0001672,EV-CONTRACT-2026-7714
PHO-000876,PHO-004859,EDGE-0001673,EV-CONTRACT-2026-8039
PHO-003717,PHO-000125,EDGE-0001674,EV-CONTRACT-2026-9307
PHO-000827,PHO-003003,EDGE-0001675,EV-CONTRACT-2026-1922
PHO-004550,PHO-000928,EDGE-0001676,EV-CONTRACT-2026-8566
PHO-000082,PHO-003765,EDGE-0001677,EV-CONTRACT-2026-1473
PHO-004255,PHO-002419,EDGE-0001678,EV-CONTRACT-2026-8380
PHO-004762,PHO-003307,EDGE-0001679,EV-CONTRACT-2026-5250
PHO-004069,PHO-002802,EDGE-0001680,EV-CONTRACT-2026-5791
PHO-002578,PHO-002115,EDGE-0001681,EV-CONTRACT-2026-2112
PHO-003287,PHO-004059,EDGE-0001682,EV-CONTRACT-2026-6176
PHO-000735,PHO-001342,EDGE-0001683,EV-CONTRACT-2026-3563
PHO-000060,PHO-004978,EDGE-0001684,EV-CONTRACT-2026-8162
PHO-004911,PHO-002890,EDGE-0001685,EV-CONTRACT-2026-7302
PHO-004130,PHO-001266,EDGE-0001686,EV-CONTRACT-2026-7310
PHO-001239,PHO-003027,EDGE-0001687,EV-CONTRACT-2026-9927
PHO-000369,PHO-001348,EDGE-0001688,EV-CONTRACT-2026-2467
PHO-004250,PHO-000388,EDGE-0001689,EV-CONTRACT-2026-1671
PHO-001224,PHO-000906,EDGE-0001690,EV-CONTRACT-2026-6723
PHO-003426,PHO-000022,EDGE-0001691,EV-CONTRACT-2026-6053
PHO-003705,PHO-001519,EDGE-0001692,EV-CONTRACT-2026-4376
PHO-001647,PHO-002385,EDGE-0001693,EV-CONTRACT-2026-5909
PHO-003614,PHO-002888,EDGE-0001694,EV-CONTRACT-2026-5037
PHO-003323,PHO-003122,EDGE-0001695,EV-CONTRACT-2026-1586
PHO-004934,PHO-002565,EDGE-0001696,EV-CONTRACT-2026-3614
PHO-004776,PHO-000563,EDGE-0001697,EV-CONTRACT-2026-1076
PHO-003669,PHO-000439,EDGE-0001698,EV-CONTRACT-2026-2107
PHO-001387,PHO-004304,EDGE-0001699,EV-CONTRACT-2026-7779
PHO-000597,PHO-004968,EDGE-0001700,EV-CONTRACT-2026-7356
PHO-002758,PHO-001687,EDGE-0001701,EV-CONTRACT-2026-3481
PHO-003920,PHO-002868,EDGE-0001702,EV-CONTRACT-2026-4364
PHO-000389,PHO-003139,EDGE-0001703,EV-CONTRACT-2026-1170
PHO-003798,PHO-003344,EDGE-0001704,EV-CONTRACT-2026-1059
PHO-002335,PHO-002633,EDGE-0001705,EV-CONTRACT-2026-2632
PHO-003366,PHO-001836,EDGE-0001706,EV-CONTRACT-2026-6615
PHO-001117,PHO-002386,EDGE-0001707,EV-CONTRACT-2026-6896
PHO-004382,PHO-000804,EDGE-0001708,EV-CONTRACT-2026-1670
PHO-003466,PHO-002042,EDGE-0001709,EV-CONTRACT-2026-9628
PHO-002655,PHO-004514,EDGE-0001710,EV-CONTRACT-2026-6903
PHO-000075,PHO-002056,EDGE-0001711,EV-CONTRACT-2026-5194
PHO-001166,PHO-000487,EDGE-0001712,EV-CONTRACT-2026-9820
PHO-000415,PHO-001661,EDGE-0001713,EV-CONTRACT-2026-3749
PHO-003219,PHO-003004,EDGE-0001714,EV-CONTRACT-2026-3397
PHO-004574,PHO-001312,EDGE-0001715,EV-CONTRACT-2026-1334
PHO-000180,PHO-003073,EDGE-0001716,EV-CONTRACT-2026-9085
PHO-003364,PHO-003260,EDGE-0001717,EV-CONTRACT-2026-4320
PHO-001777,PHO-001472,EDGE-0001718,EV-CONTRACT-2026-7522
PHO-001914,PHO-000325,EDGE-0001719,EV-CONTRACT-2026-3494
PHO-002332,PHO-004515,EDGE-0001720,EV-CONTRACT-2026-6979
PHO-001983,PHO-004734,EDGE-0001721,EV-CONTRACT-2026-3182
PHO-001733,PHO-002431,EDGE-0001722,EV-CONTRACT-2026-6860
PHO-000119,PHO-003340,EDGE-0001723,EV-CONTRACT-2026-7577
PHO-004656,PHO-003491,EDGE-0001724,EV-CONTRACT-2026-7378
PHO-004765,PHO-001748,EDGE-0001725,EV-CONTRACT-2026-7298
PHO-001860,PHO-001007,EDGE-0001726,EV-CONTRACT-2026-8313
PHO-000633,PHO-003300,EDGE-0001727,EV-CONTRACT-2026-1148
PHO-003973,PHO-003963,EDGE-0001728,EV-CONTRACT-2026-3454
PHO-002939,PHO-003795,EDGE-0001729,EV-CONTRACT-2026-8765
PHO-004784,PHO-004667,EDGE-0001730,EV-CONTRACT-2026-9238
PHO-002501,PHO-003097,EDGE-0001731,EV-CONTRACT-2026-2698
PHO-004615,PHO-003144,EDGE-0001732,EV-CONTRACT-2026-5729
PHO-002085,PHO-004597,EDGE-0001733,EV-CONTRACT-2026-4246
PHO-003993,PHO-002709,EDGE-0001734,EV-CONTRACT-2026-6513
PHO-001984,PHO-003983,EDGE-0001735,EV-CONTRACT-2026-2739
PHO-002528,PHO-002993,EDGE-0001736,EV-CONTRACT-2026-3559
PHO-001498,PHO-004679,EDGE-0001737,EV-CONTRACT-2026-2521
PHO-001420,PHO-002454,EDGE-0001738,EV-CONTRACT-2026-1690
PHO-001430,PHO-001456,EDGE-0001739,EV-CONTRACT-2026-9833
PHO-002559,PHO-000902,EDGE-0001740,EV-CONTRACT-2026-3590
PHO-001130,PHO-003873,EDGE-0001741,EV-CONTRACT-2026-4374
PHO-001782,PHO-004163,EDGE-0001742,EV-CONTRACT-2026-5386
PHO-000944,PHO-002390,EDGE-0001743,EV-CONTRACT-2026-4252
PHO-004727,PHO-003941,EDGE-0001744,EV-CONTRACT-2026-1659
PHO-004698,PHO-004816,EDGE-0001745,EV-CONTRACT-2026-6538
PHO-003819,PHO-001551,EDGE-0001746,EV-CONTRACT-2026-5480
PHO-002179,PHO-000759,EDGE-0001747,EV-CONTRACT-2026-5765
PHO-004442,PHO-003618,EDGE-0001748,EV-CONTRACT-2026-8139
PHO-001613,PHO-000791,EDGE-0001749,EV-CONTRACT-2026-3375
PHO-003297,PHO-004242,EDGE-0001750,EV-CONTRACT-2026-4352
PHO-001219,PHO-003772,EDGE-0001751,EV-CONTRACT-2026-9348
PHO-003903,PHO-002927,EDGE-0001752,EV-CONTRACT-2026-5876
PHO-004770,PHO-002796,EDGE-0001753,EV-CONTRACT-2026-6251
PHO-001162,PHO-003818,EDGE-0001754,EV-CONTRACT-2026-6992
PHO-000086,PHO-003454,EDGE-0001755,EV-CONTRACT-2026-5949
PHO-000479,PHO-004234,EDGE-0001756,EV-CONTRACT-2026-2687
PHO-003897,PHO-002845,EDGE-0001757,EV-CONTRACT-2026-1415
PHO-003961,PHO-003092,EDGE-0001758,EV-CONTRACT-2026-6522
PHO-003029,PHO-002338,EDGE-0001759,EV-CONTRACT-2026-5995
PHO-001235,PHO-004380,EDGE-0001760,EV-CONTRACT-2026-7646
PHO-002559,PHO-001396,EDGE-0001761,EV-CONTRACT-2026-1156
PHO-003839,PHO-003664,EDGE-0001762,EV-CONTRACT-2026-8589
PHO-001370,PHO-002113,EDGE-0001763,EV-CONTRACT-2026-1546
PHO-000717,PHO-000407,EDGE-0001764,EV-CONTRACT-2026-6609
PHO-004436,PHO-001389,EDGE-0001765,EV-CONTRACT-2026-5828
PHO-001532,PHO-001947,EDGE-0001766,EV-CONTRACT-2026-6573
PHO-003960,PHO-001987,EDGE-0001767,EV-CONTRACT-2026-4919
PHO-003396,PHO-003604,EDGE-0001768,EV-CONTRACT-2026-4880
PHO-002021,PHO-002283,EDGE-0001769,EV-CONTRACT-2026-1859
PHO-001935,PHO-001254,EDGE-0001770,EV-CONTRACT-2026-4857
PHO-002188,PHO-003004,EDGE-0001771,EV-CONTRACT-2026-2632
PHO-001016,PHO-002735,EDGE-0001772,EV-CONTRACT-2026-1472
PHO-002052,PHO-004577,EDGE-0001773,EV-CONTRACT-2026-8971
PHO-000398,PHO-000995,EDGE-0001774,EV-CONTRACT-2026-9598
PHO-004708,PHO-001583,EDGE-0001775,EV-CONTRACT-2026-5695
PHO-004214,PHO-001765,EDGE-0001776,EV-CONTRACT-2026-7661
PHO-001491,PHO-004332,EDGE-0001777,EV-CONTRACT-2026-5197
PHO-001285,PHO-004586,EDGE-0001778,EV-CONTRACT-2026-7920
PHO-001254,PHO-001408,EDGE-0001779,EV-CONTRACT-2026-6963
PHO-002938,PHO-004556,EDGE-0001780,EV-CONTRACT-2026-2601
PHO-000315,PHO-001884,EDGE-0001781,EV-CONTRACT-2026-6915
PHO-000429,PHO-001315,EDGE-0001782,EV-CONTRACT-2026-8215
PHO-000048,PHO-003550,EDGE-0001783,EV-CONTRACT-2026-1433
PHO-000009,PHO-001389,EDGE-0001784,EV-CONTRACT-2026-6962
PHO-002478,PHO-000260,EDGE-0001785,EV-CONTRACT-2026-6355
PHO-001161,PHO-003473,EDGE-0001786,EV-CONTRACT-2026-2122
PHO-000748,PHO-004371,EDGE-0001787,EV-CONTRACT-2026-5670
PHO-001986,PHO-000807,EDGE-0001788,EV-CONTRACT-2026-4214
PHO-000797,PHO-003884,EDGE-0001789,EV-CONTRACT-2026-7157
PHO-000576,PHO-002226,EDGE-0001790,EV-CONTRACT-2026-4470
PHO-000722,PHO-001480,EDGE-0001791,EV-CONTRACT-2026-3102
PHO-003204,PHO-001017,EDGE-0001792,EV-CONTRACT-2026-8310
PHO-001470,PHO-000339,EDGE-0001793,EV-CONTRACT-2026-9642
PHO-000639,PHO-002442,EDGE-0001794,EV-CONTRACT-2026-3768
PHO-002297,PHO-000519,EDGE-0001795,EV-CONTRACT-2026-2481
PHO-004437,PHO-001094,EDGE-0001796,EV-CONTRACT-2026-7235
PHO-000522,PHO-003785,EDGE-0001797,EV-CONTRACT-2026-5315
PHO-003448,PHO-001685,EDGE-0001798,EV-CONTRACT-2026-4269
PHO-003798,PHO-001762,EDGE-0001799,EV-CONTRACT-2026-8782
PHO-000515,PHO-004456,EDGE-0001800,EV-CONTRACT-2026-7907
PHO-001174,PHO-002539,EDGE-0001801,EV-CONTRACT-2026-7386
PHO-003485,PHO-001571,EDGE-0001802,EV-CONTRACT-2026-7001
PHO-001118,PHO-000675,EDGE-0001803,EV-CONTRACT-2026-1655
PHO-000254,PHO-001040,EDGE-0001804,EV-CONTRACT-2026-2526
PHO-000401,PHO-004983,EDGE-0001805,EV-CONTRACT-2026-9043
PHO-001926,PHO-002330,EDGE-0001806,EV-CONTRACT-2026-8324
PHO-004500,PHO-001221,EDGE-0001807,EV-CONTRACT-2026-9641
PHO-001067,PHO-004360,EDGE-0001808,EV-CONTRACT-2026-5709
PHO-001922,PHO-002169,EDGE-0001809,EV-CONTRACT-2026-6595
PHO-001627,PHO-002131,EDGE-0001810,EV-CONTRACT-2026-7401
PHO-001266,PHO-003934,EDGE-0001811,EV-CONTRACT-2026-9010
PHO-004888,PHO-001625,EDGE-0001812,EV-CONTRACT-2026-9058
PHO-001205,PHO-002047,EDGE-0001813,EV-CONTRACT-2026-3774
PHO-003552,PHO-001714,EDGE-0001814,EV-CONTRACT-2026-2911
PHO-001897,PHO-004669,EDGE-0001815,EV-CONTRACT-2026-1868
PHO-003579,PHO-004651,EDGE-0001816,EV-CONTRACT-2026-1329
PHO-004246,PHO-004861,EDGE-0001817,EV-CONTRACT-2026-7250
PHO-002284,PHO-001347,EDGE-0001818,EV-CONTRACT-2026-4685
PHO-004206,PHO-004909,EDGE-0001819,EV-CONTRACT-2026-1968
PHO-001482,PHO-003084,EDGE-0001820,EV-CONTRACT-2026-7211
PHO-003300,PHO-003885,EDGE-0001821,EV-CONTRACT-2026-2517
PHO-001533,PHO-004832,EDGE-0001822,EV-CONTRACT-2026-7421
PHO-001666,PHO-002845,EDGE-0001823,EV-CONTRACT-2026-7827
PHO-001436,PHO-004415,EDGE-0001824,EV-CONTRACT-2026-3815
PHO-002256,PHO-000564,EDGE-0001825,EV-CONTRACT-2026-4829
PHO-002022,PHO-002681,EDGE-0001826,EV-CONTRACT-2026-9553
PHO-002496,PHO-002166,EDGE-0001827,EV-CONTRACT-2026-3742
PHO-004292,PHO-000911,EDGE-0001828,EV-CONTRACT-2026-7600
PHO-000360,PHO-003913,EDGE-0001829,EV-CONTRACT-2026-1951
PHO-004520,PHO-001322,EDGE-0001830,EV-CONTRACT-2026-6886
PHO-000829,PHO-004742,EDGE-0001831,EV-CONTRACT-2026-3674
PHO-004639,PHO-003698,EDGE-0001832,EV-CONTRACT-2026-3579
PHO-000960,PHO-000334,EDGE-0001833,EV-CONTRACT-2026-4425
PHO-003386,PHO-000488,EDGE-0001834,EV-CONTRACT-2026-4084
PHO-003576,PHO-003903,EDGE-0001835,EV-CONTRACT-2026-9184
PHO-003639,PHO-003320,EDGE-0001836,EV-CONTRACT-2026-5734
PHO-000308,PHO-001211,EDGE-0001837,EV-CONTRACT-2026-4946
PHO-003077,PHO-004367,EDGE-0001838,EV-CONTRACT-2026-1791
PHO-003661,PHO-002751,EDGE-0001839,EV-CONTRACT-2026-4380
PHO-000752,PHO-003103,EDGE-0001840,EV-CONTRACT-2026-5665
PHO-001382,PHO-002412,EDGE-0001841,EV-CONTRACT-2026-8674
PHO-002707,PHO-001186,EDGE-0001842,EV-CONTRACT-2026-5842
PHO-000578,PHO-003053,EDGE-0001843,EV-CONTRACT-2026-9882
PHO-001055,PHO-000502,EDGE-0001844,EV-CONTRACT-2026-3894
PHO-000563,PHO-001339,EDGE-0001845,EV-CONTRACT-2026-5897
PHO-001789,PHO-003102,EDGE-0001846,EV-CONTRACT-2026-3411
PHO-004209,PHO-003669,EDGE-0001847,EV-CONTRACT-2026-3001
PHO-002321,PHO-000614,EDGE-0001848,EV-CONTRACT-2026-5738
PHO-003820,PHO-003955,EDGE-0001849,EV-CONTRACT-2026-7580
PHO-000759,PHO-004845,EDGE-0001850,EV-CONTRACT-2026-9638
PHO-003457,PHO-001005,EDGE-0001851,EV-CONTRACT-2026-2704
PHO-000377,PHO-002567,EDGE-0001852,EV-CONTRACT-2026-2367
PHO-000822,PHO-001689,EDGE-0001853,EV-CONTRACT-2026-5463
PHO-003679,PHO-004202,EDGE-0001854,EV-CONTRACT-2026-1362
PHO-002425,PHO-004611,EDGE-0001855,EV-CONTRACT-2026-2974
PHO-002867,PHO-004753,EDGE-0001856,EV-CONTRACT-2026-2846
PHO-001510,PHO-002743,EDGE-0001857,EV-CONTRACT-2026-7784
PHO-000041,PHO-001647,EDGE-0001858,EV-CONTRACT-2026-4297
PHO-002944,PHO-000833,EDGE-0001859,EV-CONTRACT-2026-9891
PHO-003735,PHO-002854,EDGE-0001860,EV-CONTRACT-2026-9510
PHO-002961,PHO-001357,EDGE-0001861,EV-CONTRACT-2026-8412
PHO-001997,PHO-000364,EDGE-0001862,EV-CONTRACT-2026-7207
PHO-003041,PHO-002961,EDGE-0001863,EV-CONTRACT-2026-1802
PHO-001225,PHO-001916,EDGE-0001864,EV-CONTRACT-2026-3583
PHO-002558,PHO-004055,EDGE-0001865,EV-CONTRACT-2026-6334
PHO-002199,PHO-001762,EDGE-0001866,EV-CONTRACT-2026-3873
PHO-001442,PHO-004164,EDGE-0001867,EV-CONTRACT-2026-9442
PHO-004736,PHO-004520,EDGE-0001868,EV-CONTRACT-2026-4093
PHO-001383,PHO-001630,EDGE-0001869,EV-CONTRACT-2026-6097
PHO-002161,PHO-003019,EDGE-0001870,EV-CONTRACT-2026-1987
PHO-001719,PHO-001868,EDGE-0001871,EV-CONTRACT-2026-3648
PHO-000909,PHO-000781,EDGE-0001872,EV-CONTRACT-2026-4811
PHO-000001,PHO-001464,EDGE-0001873,EV-CONTRACT-2026-5149
PHO-000106,PHO-002690,EDGE-0001874,EV-CONTRACT-2026-8760
PHO-001896,PHO-000969,EDGE-0001875,EV-CONTRACT-2026-1860
PHO-003819,PHO-003814,EDGE-0001876,EV-CONTRACT-2026-3609
PHO-002839,PHO-004778,EDGE-0001877,EV-CONTRACT-2026-2514
PHO-000832,PHO-002009,EDGE-0001878,EV-CONTRACT-2026-1622
PHO-000795,PHO-004695,EDGE-0001879,EV-CONTRACT-2026-1618
PHO-002395,PHO-004184,EDGE-0001880,EV-CONTRACT-2026-2704
PHO-004285,PHO-001887,EDGE-0001881,EV-CONTRACT-2026-8018
PHO-001818,PHO-003466,EDGE-0001882,EV-CONTRACT-2026-5478
PHO-001730,PHO-003542,EDGE-0001883,EV-CONTRACT-2026-6797
PHO-001031,PHO-004770,EDGE-0001884,EV-CONTRACT-2026-8871
PHO-001512,PHO-003760,EDGE-0001885,EV-CONTRACT-2026-6255
PHO-004012,PHO-004715,EDGE-0001886,EV-CONTRACT-2026-5397
PHO-002473,PHO-003802,EDGE-0001887,EV-CONTRACT-2026-6524
PHO-001852,PHO-002918,EDGE-0001888,EV-CONTRACT-2026-3781
PHO-000366,PHO-004320,EDGE-0001889,EV-CONTRACT-2026-4361
PHO-002529,PHO-004572,EDGE-0001890,EV-CONTRACT-2026-3434
PHO-004912,PHO-003376,EDGE-0001891,EV-CONTRACT-2026-1475
PHO-003516,PHO-002617,EDGE-0001892,EV-CONTRACT-2026-9970
PHO-000931,PHO-002831,EDGE-0001893,EV-CONTRACT-2026-9631
PHO-004413,PHO-000791,EDGE-0001894,EV-CONTRACT-2026-8848
PHO-004349,PHO-004041,EDGE-0001895,EV-CONTRACT-2026-8534
PHO-004001,PHO-003360,EDGE-0001896,EV-CONTRACT-2026-2448
PHO-003552,PHO-000155,EDGE-0001897,EV-CONTRACT-2026-9726
PHO-003150,PHO-003969,EDGE-0001898,EV-CONTRACT-2026-3539
PHO-002404,PHO-000959,EDGE-0001899,EV-CONTRACT-2026-5660
PHO-003777,PHO-004860,EDGE-0001900,EV-CONTRACT-2026-1626
PHO-002597,PHO-004162,EDGE-0001901,EV-CONTRACT-2026-4124
PHO-001514,PHO-004913,EDGE-0001902,EV-CONTRACT-2026-3213
PHO-003191,PHO-002652,EDGE-0001903,EV-CONTRACT-2026-2628
PHO-001919,PHO-004002,EDGE-0001904,EV-CONTRACT-2026-7515
PHO-002045,PHO-003315,EDGE-0001905,EV-CONTRACT-2026-5603
PHO-003401,PHO-004428,EDGE-0001906,EV-CONTRACT-2026-4434
PHO-000843,PHO-000664,EDGE-0001907,EV-CONTRACT-2026-8719
PHO-004505,PHO-002172,EDGE-0001908,EV-CONTRACT-2026-9236
PHO-000741,PHO-004682,EDGE-0001909,EV-CONTRACT-2026-6774
PHO-002906,PHO-003134,EDGE-0001910,EV-CONTRACT-2026-8420
PHO-001802,PHO-001754,EDGE-0001911,EV-CONTRACT-2026-2212
PHO-004573,PHO-002668,EDGE-0001912,EV-CONTRACT-2026-9726
PHO-003604,PHO-002956,EDGE-0001913,EV-CONTRACT-2026-8828
PHO-002312,PHO-004212,EDGE-0001914,EV-CONTRACT-2026-9109
PHO-003062,PHO-003577,EDGE-0001915,EV-CONTRACT-2026-8667
PHO-000768,PHO-000358,EDGE-0001916,EV-CONTRACT-2026-9860
PHO-000261,PHO-001030,EDGE-0001917,EV-CONTRACT-2026-4550
PHO-003920,PHO-002977,EDGE-0001918,EV-CONTRACT-2026-8144
PHO-000526,PHO-001335,EDGE-0001919,EV-CONTRACT-2026-4153
PHO-002682,PHO-001823,EDGE-0001920,EV-CONTRACT-2026-9083
PHO-001722,PHO-000744,EDGE-0001921,EV-CONTRACT-2026-4747
PHO-004148,PHO-002047,EDGE-0001922,EV-CONTRACT-2026-1753
PHO-002550,PHO-002049,EDGE-0001923,EV-CONTRACT-2026-5206
PHO-004782,PHO-000299,EDGE-0001924,EV-CONTRACT-2026-2153
PHO-003702,PHO-003561,EDGE-0001925,EV-CONTRACT-2026-2426
PHO-003513,PHO-005000,EDGE-0001926,EV-CONTRACT-2026-1641
PHO-001587,PHO-001733,EDGE-0001927,EV-CONTRACT-2026-9094
PHO-003530,PHO-000255,EDGE-0001928,EV-CONTRACT-2026-3984
PHO-000876,PHO-003473,EDGE-0001929,EV-CONTRACT-2026-1322
PHO-001246,PHO-003323,EDGE-0001930,EV-CONTRACT-2026-4021
PHO-002328,PHO-000392,EDGE-0001931,EV-CONTRACT-2026-5141
PHO-001650,PHO-001131,EDGE-0001932,EV-CONTRACT-2026-5018
PHO-001593,PHO-003631,EDGE-0001933,EV-CONTRACT-2026-7777
PHO-003593,PHO-002079,EDGE-0001934,EV-CONTRACT-2026-9851
PHO-003075,PHO-000598,EDGE-0001935,EV-CONTRACT-2026-2623
PHO-004413,PHO-000035,EDGE-0001936,EV-CONTRACT-2026-7277
PHO-001398,PHO-001462,EDGE-0001937,EV-CONTRACT-2026-2055
PHO-000229,PHO-002475,EDGE-0001938,EV-CONTRACT-2026-5543
PHO-000395,PHO-003737,EDGE-0001939,EV-CONTRACT-2026-6393
PHO-000837,PHO-001816,EDGE-0001940,EV-CONTRACT-2026-6000
PHO-002199,PHO-004584,EDGE-0001941,EV-CONTRACT-2026-1860
PHO-001405,PHO-001721,EDGE-0001942,EV-CONTRACT-2026-6898
PHO-002979,PHO-001776,EDGE-0001943,EV-CONTRACT-2026-9543
PHO-002090,PHO-001894,EDGE-0001944,EV-CONTRACT-2026-3165
PHO-002618,PHO-001336,EDGE-0001945,EV-CONTRACT-2026-8990
PHO-001006,PHO-004877,EDGE-0001946,EV-CONTRACT-2026-6913
PHO-004015,PHO-000594,EDGE-0001947,EV-CONTRACT-2026-9534
PHO-001638,PHO-002974,EDGE-0001948,EV-CONTRACT-2026-5391
PHO-002619,PHO-002662,EDGE-0001949,EV-CONTRACT-2026-1236
PHO-002184,PHO-003857,EDGE-0001950,EV-CONTRACT-2026-8146
PHO-002275,PHO-000316,EDGE-0001951,EV-CONTRACT-2026-3447
PHO-001224,PHO-000027,EDGE-0001952,EV-CONTRACT-2026-4566
PHO-004633,PHO-000239,EDGE-0001953,EV-CONTRACT-2026-3418
PHO-004335,PHO-003948,EDGE-0001954,EV-CONTRACT-2026-7508
PHO-000605,PHO-003265,EDGE-0001955,EV-CONTRACT-2026-5041
PHO-002677,PHO-003754,EDGE-0001956,EV-CONTRACT-2026-8552
PHO-001573,PHO-002121,EDGE-0001957,EV-CONTRACT-2026-8114
PHO-000795,PHO-004974,EDGE-0001958,EV-CONTRACT-2026-5361
PHO-002616,PHO-002383,EDGE-0001959,EV-CONTRACT-2026-7819
PHO-000771,PHO-002004,EDGE-0001960,EV-CONTRACT-2026-9944
PHO-000800,PHO-000599,EDGE-0001961,EV-CONTRACT-2026-7864
PHO-001748,PHO-004369,EDGE-0001962,EV-CONTRACT-2026-4427
PHO-001367,PHO-004504,EDGE-0001963,EV-CONTRACT-2026-1157
PHO-004494,PHO-002740,EDGE-0001964,EV-CONTRACT-2026-6865
PHO-002551,PHO-004116,EDGE-0001965,EV-CONTRACT-2026-8847
PHO-003125,PHO-001026,EDGE-0001966,EV-CONTRACT-2026-7194
PHO-002109,PHO-004804,EDGE-0001967,EV-CONTRACT-2026-6109
PHO-000641,PHO-000444,EDGE-0001968,EV-CONTRACT-2026-1986
PHO-002072,PHO-004213,EDGE-0001969,EV-CONTRACT-2026-3349
PHO-001365,PHO-003676,EDGE-0001970,EV-CONTRACT-2026-6175
PHO-002011,PHO-001767,EDGE-0001971,EV-CONTRACT-2026-9094
PHO-000648,PHO-001990,EDGE-0001972,EV-CONTRACT-2026-1162
PHO-003682,PHO-001430,EDGE-0001973,EV-CONTRACT-2026-2069
PHO-001940,PHO-003910,EDGE-0001974,EV-CONTRACT-2026-6727
PHO-004031,PHO-000302,EDGE-0001975,EV-CONTRACT-2026-5854
PHO-002752,PHO-000256,EDGE-0001976,EV-CONTRACT-2026-1538
PHO-002696,PHO-001951,EDGE-0001977,EV-CONTRACT-2026-7570
PHO-003472,PHO-000925,EDGE-0001978,EV-CONTRACT-2026-9710
PHO-003865,PHO-002689,EDGE-0001979,EV-CONTRACT-2026-6779
PHO-001236,PHO-004552,EDGE-0001980,EV-CONTRACT-2026-1498
PHO-000076,PHO-004862,EDGE-0001981,EV-CONTRACT-2026-4692
PHO-000081,PHO-002161,EDGE-0001982,EV-CONTRACT-2026-3574
PHO-000470,PHO-003961,EDGE-0001983,EV-CONTRACT-2026-7621
PHO-004992,PHO-001182,EDGE-0001984,EV-CONTRACT-2026-7073
PHO-001271,PHO-003887,EDGE-0001985,EV-CONTRACT-2026-9269
PHO-001810,PHO-000319,EDGE-0001986,EV-CONTRACT-2026-5768
PHO-002146,PHO-004233,EDGE-0001987,EV-CONTRACT-2026-1674
PHO-004726,PHO-003235,EDGE-0001988,EV-CONTRACT-2026-2094
PHO-003364,PHO-002244,EDGE-0001989,EV-CONTRACT-2026-7371
PHO-003284,PHO-004244,EDGE-0001990,EV-CONTRACT-2026-5803
PHO-003756,PHO-000336,EDGE-0001991,EV-CONTRACT-2026-8915
PHO-000981,PHO-004955,EDGE-0001992,EV-CONTRACT-2026-3728
PHO-003006,PHO-004192,EDGE-0001993,EV-CONTRACT-2026-5455
PHO-003962,PHO-002751,EDGE-0001994,EV-CONTRACT-2026-3639
PHO-004512,PHO-004206,EDGE-0001995,EV-CONTRACT-2026-8301
PHO-000702,PHO-002393,EDGE-0001996,EV-CONTRACT-2026-3178
PHO-003302,PHO-003743,EDGE-0001997,EV-CONTRACT-2026-4547
PHO-002165,PHO-001531,EDGE-0001998,EV-CONTRACT-2026-9180
PHO-003380,PHO-001437,EDGE-0001999,EV-CONTRACT-2026-2068
PHO-001415,PHO-000152,EDGE-0002000,EV-CONTRACT-2026-5305
PHO-000080,PHO-004133,EDGE-0002001,EV-CONTRACT-2026-9131
PHO-000479,PHO-002938,EDGE-0002002,EV-CONTRACT-2026-2213
PHO-004051,PHO-000618,EDGE-0002003,EV-CONTRACT-2026-4792
PHO-003630,PHO-003619,EDGE-0002004,EV-CONTRACT-2026-3615
PHO-002492,PHO-001550,EDGE-0002005,EV-CONTRACT-2026-1686
PHO-000629,PHO-004711,EDGE-0002006,EV-CONTRACT-2026-6807
PHO-003193,PHO-000704,EDGE-0002007,EV-CONTRACT-2026-8827
PHO-003522,PHO-001307,EDGE-0002008,EV-CONTRACT-2026-8263
PHO-003754,PHO-001779,EDGE-0002009,EV-CONTRACT-2026-3792
PHO-001080,PHO-003263,EDGE-0002010,EV-CONTRACT-2026-8998
PHO-000030,PHO-003593,EDGE-0002011,EV-CONTRACT-2026-5348
PHO-003521,PHO-001155,EDGE-0002012,EV-CONTRACT-2026-1387
PHO-004466,PHO-001561,EDGE-0002013,EV-CONTRACT-2026-6277
PHO-000479,PHO-000601,EDGE-0002014,EV-CONTRACT-2026-4762
PHO-001011,PHO-003666,EDGE-0002015,EV-CONTRACT-2026-9620
PHO-002879,PHO-001107,EDGE-0002016,EV-CONTRACT-2026-3917
PHO-003629,PHO-004768,EDGE-0002017,EV-CONTRACT-2026-1990
PHO-004725,PHO-003692,EDGE-0002018,EV-CONTRACT-2026-9375
PHO-002801,PHO-003990,EDGE-0002019,EV-CONTRACT-2026-1563
PHO-004277,PHO-001244,EDGE-0002020,EV-CONTRACT-2026-9687
PHO-003840,PHO-003679,EDGE-0002021,EV-CONTRACT-2026-2494
PHO-000297,PHO-002028,EDGE-0002022,EV-CONTRACT-2026-8089
PHO-004959,PHO-004967,EDGE-0002023,EV-CONTRACT-2026-8440
PHO-001883,PHO-001323,EDGE-0002024,EV-CONTRACT-2026-2430
PHO-003721,PHO-003043,EDGE-0002025,EV-CONTRACT-2026-5967
PHO-000381,PHO-003527,EDGE-0002026,EV-CONTRACT-2026-4050
PHO-000801,PHO-001590,EDGE-0002027,EV-CONTRACT-2026-1734
PHO-002263,PHO-000186,EDGE-0002028,EV-CONTRACT-2026-3282
PHO-002308,PHO-004301,EDGE-0002029,EV-CONTRACT-2026-8936
PHO-001401,PHO-004787,EDGE-0002030,EV-CONTRACT-2026-2586
PHO-001426,PHO-002495,EDGE-0002031,EV-CONTRACT-2026-1216
PHO-001791,PHO-001138,EDGE-0002032,EV-CONTRACT-2026-5770
PHO-003579,PHO-003237,EDGE-0002033,EV-CONTRACT-2026-5287
PHO-004309,PHO-001562,EDGE-0002034,EV-CONTRACT-2026-2364
PHO-002972,PHO-002963,EDGE-0002035,EV-CONTRACT-2026-3542
PHO-000960,PHO-002270,EDGE-0002036,EV-CONTRACT-2026-4728
PHO-002275,PHO-003014,EDGE-0002037,EV-CONTRACT-2026-6755
PHO-002761,PHO-001088,EDGE-0002038,EV-CONTRACT-2026-4368
PHO-003314,PHO-001084,EDGE-0002039,EV-CONTRACT-2026-9421
PHO-003821,PHO-001281,EDGE-0002040,EV-CONTRACT-2026-8225
PHO-004173,PHO-000757,EDGE-0002041,EV-CONTRACT-2026-2494
PHO-002015,PHO-004939,EDGE-0002042,EV-CONTRACT-2026-7026
PHO-000599,PHO-000414,EDGE-0002043,EV-CONTRACT-2026-7898
PHO-002064,PHO-002966,EDGE-0002044,EV-CONTRACT-2026-4111
PHO-004714,PHO-003859,EDGE-0002045,EV-CONTRACT-2026-8915
PHO-001101,PHO-001653,EDGE-0002046,EV-CONTRACT-2026-7903
PHO-002265,PHO-000175,EDGE-0002047,EV-CONTRACT-2026-5018
PHO-002920,PHO-003256,EDGE-0002048,EV-CONTRACT-2026-2194
PHO-004141,PHO-000324,EDGE-0002049,EV-CONTRACT-2026-6071
PHO-000412,PHO-000224,EDGE-0002050,EV-CONTRACT-2026-2592
PHO-004836,PHO-000649,EDGE-0002051,EV-CONTRACT-2026-3024
PHO-000966,PHO-001213,EDGE-0002052,EV-CONTRACT-2026-8783
PHO-002794,PHO-001991,EDGE-0002053,EV-CONTRACT-2026-7123
PHO-002631,PHO-003323,EDGE-0002054,EV-CONTRACT-2026-3323
PHO-002368,PHO-001742,EDGE-0002055,EV-CONTRACT-2026-4752
PHO-004545,PHO-002769,EDGE-0002056,EV-CONTRACT-2026-5968
PHO-002665,PHO-002485,EDGE-0002057,EV-CONTRACT-2026-1527
PHO-000528,PHO-003960,EDGE-0002058,EV-CONTRACT-2026-3594
PHO-004182,PHO-003274,EDGE-0002059,EV-CONTRACT-2026-9839
PHO-000579,PHO-000099,EDGE-0002060,EV-CONTRACT-2026-3693
PHO-001505,PHO-000020,EDGE-0002061,EV-CONTRACT-2026-7929
PHO-003922,PHO-000610,EDGE-0002062,EV-CONTRACT-2026-1884
PHO-004881,PHO-004855,EDGE-0002063,EV-CONTRACT-2026-1885
PHO-000070,PHO-003541,EDGE-0002064,EV-CONTRACT-2026-4044
PHO-002090,PHO-002193,EDGE-0002065,EV-CONTRACT-2026-6127
PHO-000970,PHO-001899,EDGE-0002066,EV-CONTRACT-2026-4993
PHO-000063,PHO-001180,EDGE-0002067,EV-CONTRACT-2026-1599
PHO-002125,PHO-000058,EDGE-0002068,EV-CONTRACT-2026-8453
PHO-001314,PHO-001989,EDGE-0002069,EV-CONTRACT-2026-3851
PHO-001697,PHO-004276,EDGE-0002070,EV-CONTRACT-2026-1323
PHO-004102,PHO-003629,EDGE-0002071,EV-CONTRACT-2026-7860
PHO-002845,PHO-000336,EDGE-0002072,EV-CONTRACT-2026-6125
PHO-001343,PHO-001531,EDGE-0002073,EV-CONTRACT-2026-4311
PHO-003989,PHO-000017,EDGE-0002074,EV-CONTRACT-2026-1330
PHO-000213,PHO-003314,EDGE-0002075,EV-CONTRACT-2026-4576
PHO-002554,PHO-001636,EDGE-0002076,EV-CONTRACT-2026-8512
PHO-002920,PHO-001934,EDGE-0002077,EV-CONTRACT-2026-4010
PHO-003634,PHO-000078,EDGE-0002078,EV-CONTRACT-2026-7062
PHO-001796,PHO-004238,EDGE-0002079,EV-CONTRACT-2026-5360
PHO-003080,PHO-004830,EDGE-0002080,EV-CONTRACT-2026-7824
PHO-003477,PHO-003695,EDGE-0002081,EV-CONTRACT-2026-9746
PHO-000691,PHO-000628,EDGE-0002082,EV-CONTRACT-2026-7128
PHO-001112,PHO-001822,EDGE-0002083,EV-CONTRACT-2026-8269
PHO-004809,PHO-003453,EDGE-0002084,EV-CONTRACT-2026-6262
PHO-002124,PHO-001888,EDGE-0002085,EV-CONTRACT-2026-5062
PHO-004920,PHO-004670,EDGE-0002086,EV-CONTRACT-2026-7043
PHO-002479,PHO-001223,EDGE-0002087,EV-CONTRACT-2026-7270
PHO-001842,PHO-003980,EDGE-0002088,EV-CONTRACT-2026-7471
PHO-001354,PHO-002117,EDGE-0002089,EV-CONTRACT-2026-8475
PHO-003954,PHO-003450,EDGE-0002090,EV-CONTRACT-2026-8447
PHO-001759,PHO-003187,EDGE-0002091,EV-CONTRACT-2026-3549
PHO-001302,PHO-004056,EDGE-0002092,EV-CONTRACT-2026-9909
PHO-002395,PHO-000025,EDGE-0002093,EV-CONTRACT-2026-5556
PHO-004489,PHO-001572,EDGE-0002094,EV-CONTRACT-2026-5371
PHO-004968,PHO-002813,EDGE-0002095,EV-CONTRACT-2026-9692
PHO-003288,PHO-003966,EDGE-0002096,EV-CONTRACT-2026-9582
PHO-003683,PHO-000819,EDGE-0002097,EV-CONTRACT-2026-6986
PHO-004900,PHO-000370,EDGE-0002098,EV-CONTRACT-2026-1957
PHO-000541,PHO-004984,EDGE-0002099,EV-CONTRACT-2026-8138
PHO-004761,PHO-002099,EDGE-0002100,EV-CONTRACT-2026-2782
PHO-003009,PHO-001204,EDGE-0002101,EV-CONTRACT-2026-1136
PHO-000931,PHO-003961,EDGE-0002102,EV-CONTRACT-2026-6220
PHO-003525,PHO-000202,EDGE-0002103,EV-CONTRACT-2026-9754
PHO-000092,PHO-001700,EDGE-0002104,EV-CONTRACT-2026-9361
PHO-001793,PHO-004066,EDGE-0002105,EV-CONTRACT-2026-7640
PHO-001567,PHO-001821,EDGE-0002106,EV-CONTRACT-2026-5547
PHO-000189,PHO-003725,EDGE-0002107,EV-CONTRACT-2026-9763
PHO-001220,PHO-002463,EDGE-0002108,EV-CONTRACT-2026-5772
PHO-003451,PHO-000553,EDGE-0002109,EV-CONTRACT-2026-6654
PHO-004439,PHO-002760,EDGE-0002110,EV-CONTRACT-2026-1664
PHO-001022,PHO-001253,EDGE-0002111,EV-CONTRACT-2026-7587
PHO-003191,PHO-002864,EDGE-0002112,EV-CONTRACT-2026-2031
PHO-001658,PHO-003830,EDGE-0002113,EV-CONTRACT-2026-9862
PHO-003110,PHO-002946,EDGE-0002114,EV-CONTRACT-2026-9769
PHO-002265,PHO-002675,EDGE-0002115,EV-CONTRACT-2026-9310
PHO-002600,PHO-004235,EDGE-0002116,EV-CONTRACT-2026-5954
PHO-000922,PHO-003444,EDGE-0002117,EV-CONTRACT-2026-8957
PHO-002689,PHO-000103,EDGE-0002118,EV-CONTRACT-2026-3100
PHO-003007,PHO-002995,EDGE-0002119,EV-CONTRACT-2026-1266
PHO-001421,PHO-003919,EDGE-0002120,EV-CONTRACT-2026-3181
PHO-000780,PHO-000886,EDGE-0002121,EV-CONTRACT-2026-1786
PHO-002494,PHO-002185,EDGE-0002122,EV-CONTRACT-2026-6553
PHO-003218,PHO-002075,EDGE-0002123,EV-CONTRACT-2026-7368
PHO-001714,PHO-000786,EDGE-0002124,EV-CONTRACT-2026-1336
PHO-004025,PHO-000715,EDGE-0002125,EV-CONTRACT-2026-1269
PHO-003191,PHO-001664,EDGE-0002126,EV-CONTRACT-2026-6945
PHO-002254,PHO-001999,EDGE-0002127,EV-CONTRACT-2026-6293
PHO-003436,PHO-003523,EDGE-0002128,EV-CONTRACT-2026-5463
PHO-000851,PHO-002658,EDGE-0002129,EV-CONTRACT-2026-7067
PHO-004123,PHO-004656,EDGE-0002130,EV-CONTRACT-2026-3832
PHO-001326,PHO-001213,EDGE-0002131,EV-CONTRACT-2026-8636
PHO-003573,PHO-003472,EDGE-0002132,EV-CONTRACT-2026-9489
PHO-001435,PHO-000954,EDGE-0002133,EV-CONTRACT-2026-6431
PHO-002978,PHO-002951,EDGE-0002134,EV-CONTRACT-2026-3118
PHO-004445,PHO-004589,EDGE-0002135,EV-CONTRACT-2026-8050
PHO-004242,PHO-003765,EDGE-0002136,EV-CONTRACT-2026-6843
PHO-001871,PHO-001677,EDGE-0002137,EV-CONTRACT-2026-2806
PHO-004661,PHO-003038,EDGE-0002138,EV-CONTRACT-2026-3621
PHO-003188,PHO-002870,EDGE-0002139,EV-CONTRACT-2026-5203
PHO-002464,PHO-004659,EDGE-0002140,EV-CONTRACT-2026-5737
PHO-003835,PHO-001002,EDGE-0002141,EV-CONTRACT-2026-4046
PHO-004273,PHO-001231,EDGE-0002142,EV-CONTRACT-2026-9838
PHO-003815,PHO-000401,EDGE-0002143,EV-CONTRACT-2026-3749
PHO-002961,PHO-002575,EDGE-0002144,EV-CONTRACT-2026-2926
PHO-003748,PHO-004019,EDGE-0002145,EV-CONTRACT-2026-3374
PHO-004751,PHO-000463,EDGE-0002146,EV-CONTRACT-2026-6802
PHO-000715,PHO-001244,EDGE-0002147,EV-CONTRACT-2026-3718
PHO-001509,PHO-001760,EDGE-0002148,EV-CONTRACT-2026-6827
PHO-001583,PHO-002989,EDGE-0002149,EV-CONTRACT-2026-3453
PHO-001187,PHO-000569,EDGE-0002150,EV-CONTRACT-2026-1937
PHO-001246,PHO-002567,EDGE-0002151,EV-CONTRACT-2026-9275
PHO-004670,PHO-004364,EDGE-0002152,EV-CONTRACT-2026-2295
PHO-000522,PHO-000450,EDGE-0002153,EV-CONTRACT-2026-3735
PHO-002196,PHO-002459,EDGE-0002154,EV-CONTRACT-2026-7638
PHO-000214,PHO-004855,EDGE-0002155,EV-CONTRACT-2026-3299
PHO-000338,PHO-003827,EDGE-0002156,EV-CONTRACT-2026-5216
PHO-004143,PHO-003636,EDGE-0002157,EV-CONTRACT-2026-9664
PHO-002978,PHO-001925,EDGE-0002158,EV-CONTRACT-2026-4336
PHO-000637,PHO-002304,EDGE-0002159,EV-CONTRACT-2026-3711
PHO-004794,PHO-001547,EDGE-0002160,EV-CONTRACT-2026-4858
PHO-003724,PHO-003214,EDGE-0002161,EV-CONTRACT-2026-7234
PHO-001896,PHO-002561,EDGE-0002162,EV-CONTRACT-2026-6003
PHO-003118,PHO-000200,EDGE-0002163,EV-CONTRACT-2026-2328
PHO-003626,PHO-002019,EDGE-0002164,EV-CONTRACT-2026-7540
PHO-004813,PHO-002488,EDGE-0002165,EV-CONTRACT-2026-5929
PHO-004418,PHO-001165,EDGE-0002166,EV-CONTRACT-2026-2382
PHO-000176,PHO-004692,EDGE-0002167,EV-CONTRACT-2026-3344
PHO-004021,PHO-001729,EDGE-0002168,EV-CONTRACT-2026-7406
PHO-004722,PHO-004667,EDGE-0002169,EV-CONTRACT-2026-5198
PHO-002936,PHO-000935,EDGE-0002170,EV-CONTRACT-2026-6772
PHO-000344,PHO-000032,EDGE-0002171,EV-CONTRACT-2026-5530
PHO-002534,PHO-001642,EDGE-0002172,EV-CONTRACT-2026-2493
PHO-000147,PHO-000657,EDGE-0002173,EV-CONTRACT-2026-9327
PHO-002372,PHO-000686,EDGE-0002174,EV-CONTRACT-2026-2298
PHO-003125,PHO-000098,EDGE-0002175,EV-CONTRACT-2026-3825
PHO-003831,PHO-003151,EDGE-0002176,EV-CONTRACT-2026-7867
PHO-004341,PHO-001294,EDGE-0002177,EV-CONTRACT-2026-1111
PHO-001880,PHO-003771,EDGE-0002178,EV-CONTRACT-2026-6015
PHO-004275,PHO-002281,EDGE-0002179,EV-CONTRACT-2026-2641
PHO-004126,PHO-001885,EDGE-0002180,EV-CONTRACT-2026-7255
PHO-003868,PHO-000199,EDGE-0002181,EV-CONTRACT-2026-9525
PHO-000052,PHO-004363,EDGE-0002182,EV-CONTRACT-2026-6961
PHO-002372,PHO-004490,EDGE-0002183,EV-CONTRACT-2026-2907
PHO-004149,PHO-001953,EDGE-0002184,EV-CONTRACT-2026-6188
PHO-002276,PHO-003398,EDGE-0002185,EV-CONTRACT-2026-7757
PHO-001996,PHO-001506,EDGE-0002186,EV-CONTRACT-2026-6294
PHO-000683,PHO-004016,EDGE-0002187,EV-CONTRACT-2026-6454
PHO-001855,PHO-000821,EDGE-0002188,EV-CONTRACT-2026-4382
PHO-000951,PHO-001557,EDGE-0002189,EV-CONTRACT-2026-8771
PHO-000662,PHO-003626,EDGE-0002190,EV-CONTRACT-2026-1028
PHO-000290,PHO-004760,EDGE-0002191,EV-CONTRACT-2026-8667
PHO-000883,PHO-000869,EDGE-0002192,EV-CONTRACT-2026-4134
PHO-000817,PHO-002746,EDGE-0002193,EV-CONTRACT-2026-6864
PHO-004739,PHO-004980,EDGE-0002194,EV-CONTRACT-2026-4594
PHO-004962,PHO-004377,EDGE-0002195,EV-CONTRACT-2026-9758
PHO-002874,PHO-002103,EDGE-0002196,EV-CONTRACT-2026-4478
PHO-000310,PHO-002878,EDGE-0002197,EV-CONTRACT-2026-9870
PHO-002352,PHO-004210,EDGE-0002198,EV-CONTRACT-2026-4715
PHO-001263,PHO-004069,EDGE-0002199,EV-CONTRACT-2026-6892
PHO-002959,PHO-002027,EDGE-0002200,EV-CONTRACT-2026-1644
PHO-004131,PHO-001511,EDGE-0002201,EV-CONTRACT-2026-4380
PHO-004761,PHO-001132,EDGE-0002202,EV-CONTRACT-2026-1368
PHO-001761,PHO-003347,EDGE-0002203,EV-CONTRACT-2026-3645
PHO-002342,PHO-002389,EDGE-0002204,EV-CONTRACT-2026-7123
PHO-003778,PHO-003989,EDGE-0002205,EV-CONTRACT-2026-2013
PHO-000973,PHO-001671,EDGE-0002206,EV-CONTRACT-2026-8115
PHO-004798,PHO-000009,EDGE-0002207,EV-CONTRACT-2026-1745
PHO-000075,PHO-003615,EDGE-0002208,EV-CONTRACT-2026-6611
PHO-003894,PHO-001352,EDGE-0002209,EV-CONTRACT-2026-9987
PHO-003588,PHO-003815,EDGE-0002210,EV-CONTRACT-2026-9714
PHO-000736,PHO-004766,EDGE-0002211,EV-CONTRACT-2026-3109
PHO-003925,PHO-000098,EDGE-0002212,EV-CONTRACT-2026-4694
PHO-003675,PHO-002699,EDGE-0002213,EV-CONTRACT-2026-4109
PHO-001135,PHO-003380,EDGE-0002214,EV-CONTRACT-2026-7940
PHO-002258,PHO-003211,EDGE-0002215,EV-CONTRACT-2026-6592
PHO-002465,PHO-004187,EDGE-0002216,EV-CONTRACT-2026-2156
PHO-000074,PHO-004814,EDGE-0002217,EV-CONTRACT-2026-7389
PHO-003582,PHO-000690,EDGE-0002218,EV-CONTRACT-2026-9224
PHO-004756,PHO-002596,EDGE-0002219,EV-CONTRACT-2026-9175
PHO-003944,PHO-002637,EDGE-0002220,EV-CONTRACT-2026-7232
PHO-000841,PHO-001370,EDGE-0002221,EV-CONTRACT-2026-8107
PHO-001620,PHO-003621,EDGE-0002222,EV-CONTRACT-2026-1525
PHO-002225,PHO-003016,EDGE-0002223,EV-CONTRACT-2026-2748
PHO-003802,PHO-000220,EDGE-0002224,EV-CONTRACT-2026-4372
PHO-001295,PHO-003508,EDGE-0002225,EV-CONTRACT-2026-2724
PHO-002689,PHO-000206,EDGE-0002226,EV-CONTRACT-2026-2944
PHO-003368,PHO-000952,EDGE-0002227,EV-CONTRACT-2026-9316
PHO-001291,PHO-001600,EDGE-0002228,EV-CONTRACT-2026-1242
PHO-000548,PHO-003091,EDGE-0002229,EV-CONTRACT-2026-3072
PHO-002226,PHO-000282,EDGE-0002230,EV-CONTRACT-2026-8891
PHO-002776,PHO-003323,EDGE-0002231,EV-CONTRACT-2026-6229
PHO-002784,PHO-001103,EDGE-0002232,EV-CONTRACT-2026-6337
PHO-004341,PHO-003679,EDGE-0002233,EV-CONTRACT-2026-5981
PHO-004373,PHO-000354,EDGE-0002234,EV-CONTRACT-2026-1260
PHO-004335,PHO-000131,EDGE-0002235,EV-CONTRACT-2026-7167
PHO-002802,PHO-004855,EDGE-0002236,EV-CONTRACT-2026-4356
PHO-001121,PHO-001872,EDGE-0002237,EV-CONTRACT-2026-8062
PHO-001488,PHO-001224,EDGE-0002238,EV-CONTRACT-2026-8902
PHO-002339,PHO-001168,EDGE-0002239,EV-CONTRACT-2026-9509
PHO-000368,PHO-000544,EDGE-0002240,EV-CONTRACT-2026-5504
PHO-002516,PHO-001552,EDGE-0002241,EV-CONTRACT-2026-8160
PHO-001905,PHO-001482,EDGE-0002242,EV-CONTRACT-2026-3536
PHO-001377,PHO-004301,EDGE-0002243,EV-CONTRACT-2026-9879
PHO-000309,PHO-004483,EDGE-0002244,EV-CONTRACT-2026-2657
PHO-001912,PHO-001951,EDGE-0002245,EV-CONTRACT-2026-6609
PHO-001562,PHO-002076,EDGE-0002246,EV-CONTRACT-2026-6357
PHO-003392,PHO-001190,EDGE-0002247,EV-CONTRACT-2026-7528
PHO-002498,PHO-004376,EDGE-0002248,EV-CONTRACT-2026-2403
PHO-002347,PHO-003065,EDGE-0002249,EV-CONTRACT-2026-2597
PHO-004439,PHO-002195,EDGE-0002250,EV-CONTRACT-2026-1603
PHO-003818,PHO-001001,EDGE-0002251,EV-CONTRACT-2026-3482
PHO-003105,PHO-001602,EDGE-0002252,EV-CONTRACT-2026-1861
PHO-000958,PHO-004993,EDGE-0002253,EV-CONTRACT-2026-7548
PHO-002385,PHO-001455,EDGE-0002254,EV-CONTRACT-2026-7869
PHO-002932,PHO-004690,EDGE-0002255,EV-CONTRACT-2026-1638
PHO-004127,PHO-004533,EDGE-0002256,EV-CONTRACT-2026-8338
PHO-003955,PHO-000456,EDGE-0002257,EV-CONTRACT-2026-8281
PHO-004558,PHO-002805,EDGE-0002258,EV-CONTRACT-2026-1501
PHO-001832,PHO-000899,EDGE-0002259,EV-CONTRACT-2026-7179
PHO-004470,PHO-001567,EDGE-0002260,EV-CONTRACT-2026-7339
PHO-002131,PHO-000561,EDGE-0002261,EV-CONTRACT-2026-4286
PHO-003169,PHO-003139,EDGE-0002262,EV-CONTRACT-2026-3425
PHO-001426,PHO-000783,EDGE-0002263,EV-CONTRACT-2026-9271
PHO-000203,PHO-004376,EDGE-0002264,EV-CONTRACT-2026-6150
PHO-002505,PHO-002535,EDGE-0002265,EV-CONTRACT-2026-5554
PHO-000551,PHO-001716,EDGE-0002266,EV-CONTRACT-2026-9732
PHO-002610,PHO-000018,EDGE-0002267,EV-CONTRACT-2026-2335
PHO-004527,PHO-001986,EDGE-0002268,EV-CONTRACT-2026-2589
PHO-004999,PHO-001456,EDGE-0002269,EV-CONTRACT-2026-8868
PHO-004699,PHO-002753,EDGE-0002270,EV-CONTRACT-2026-8006
PHO-000525,PHO-001526,EDGE-0002271,EV-CONTRACT-2026-2788
PHO-000491,PHO-001517,EDGE-0002272,EV-CONTRACT-2026-7900
PHO-002770,PHO-004070,EDGE-0002273,EV-CONTRACT-2026-7495
PHO-001655,PHO-004349,EDGE-0002274,EV-CONTRACT-2026-8517
PHO-001538,PHO-004201,EDGE-0002275,EV-CONTRACT-2026-7904
PHO-001700,PHO-003338,EDGE-0002276,EV-CONTRACT-2026-9757
PHO-000081,PHO-001156,EDGE-0002277,EV-CONTRACT-2026-9118
PHO-004065,PHO-002198,EDGE-0002278,EV-CONTRACT-2026-6502
PHO-003151,PHO-002705,EDGE-0002279,EV-CONTRACT-2026-2526
PHO-000797,PHO-002012,EDGE-0002280,EV-CONTRACT-2026-9866
PHO-003372,PHO-001280,EDGE-0002281,EV-CONTRACT-2026-1090
PHO-001707,PHO-004558,EDGE-0002282,EV-CONTRACT-2026-1284
PHO-004899,PHO-002103,EDGE-0002283,EV-CONTRACT-2026-1188
PHO-001579,PHO-001464,EDGE-0002284,EV-CONTRACT-2026-5779
PHO-001529,PHO-003928,EDGE-0002285,EV-CONTRACT-2026-7796
PHO-004036,PHO-003739,EDGE-0002286,EV-CONTRACT-2026-4372
PHO-000852,PHO-000938,EDGE-0002287,EV-CONTRACT-2026-8527
PHO-000500,PHO-004676,EDGE-0002288,EV-CONTRACT-2026-3102
PHO-003077,PHO-002780,EDGE-0002289,EV-CONTRACT-2026-7561
PHO-002119,PHO-002789,EDGE-0002290,EV-CONTRACT-2026-4975
PHO-004071,PHO-004297,EDGE-0002291,EV-CONTRACT-2026-6969
PHO-002486,PHO-000684,EDGE-0002292,EV-CONTRACT-2026-1786
PHO-000522,PHO-004799,EDGE-0002293,EV-CONTRACT-2026-9243
PHO-002295,PHO-004424,EDGE-0002294,EV-CONTRACT-2026-5531
PHO-000081,PHO-002794,EDGE-0002295,EV-CONTRACT-2026-6550
PHO-001734,PHO-004385,EDGE-0002296,EV-CONTRACT-2026-8359
PHO-002741,PHO-002086,EDGE-0002297,EV-CONTRACT-2026-7819
PHO-001924,PHO-003705,EDGE-0002298,EV-CONTRACT-2026-8560
PHO-003755,PHO-000822,EDGE-0002299,EV-CONTRACT-2026-7221
PHO-003962,PHO-003584,EDGE-0002300,EV-CONTRACT-2026-5861
PHO-000500,PHO-001149,EDGE-0002301,EV-CONTRACT-2026-6657
PHO-003585,PHO-002432,EDGE-0002302,EV-CONTRACT-2026-4817
PHO-001096,PHO-004816,EDGE-0002303,EV-CONTRACT-2026-5281
PHO-002681,PHO-004251,EDGE-0002304,EV-CONTRACT-2026-5141
PHO-002612,PHO-004631,EDGE-0002305,EV-CONTRACT-2026-2758
PHO-000369,PHO-001296,EDGE-0002306,EV-CONTRACT-2026-9683
PHO-003278,PHO-003208,EDGE-0002307,EV-CONTRACT-2026-5544
PHO-000997,PHO-001759,EDGE-0002308,EV-CONTRACT-2026-4100
PHO-001900,PHO-000353,EDGE-0002309,EV-CONTRACT-2026-5459
PHO-000951,PHO-002604,EDGE-0002310,EV-CONTRACT-2026-2838
PHO-004511,PHO-000713,EDGE-0002311,EV-CONTRACT-2026-4535
PHO-004785,PHO-002553,EDGE-0002312,EV-CONTRACT-2026-2441
PHO-000494,PHO-002269,EDGE-0002313,EV-CONTRACT-2026-3930
PHO-001362,PHO-001286,EDGE-0002314,EV-CONTRACT-2026-7528
PHO-004761,PHO-000668,EDGE-0002315,EV-CONTRACT-2026-4014
PHO-000553,PHO-000467,EDGE-0002316,EV-CONTRACT-2026-4395
PHO-004870,PHO-004219,EDGE-0002317,EV-CONTRACT-2026-2835
PHO-002654,PHO-001043,EDGE-0002318,EV-CONTRACT-2026-8518
PHO-001158,PHO-004594,EDGE-0002319,EV-CONTRACT-2026-2693
PHO-004973,PHO-003496,EDGE-0002320,EV-CONTRACT-2026-8623
PHO-001781,PHO-000459,EDGE-0002321,EV-CONTRACT-2026-3699
PHO-001529,PHO-002444,EDGE-0002322,EV-CONTRACT-2026-2280
PHO-001920,PHO-000821,EDGE-0002323,EV-CONTRACT-2026-3063
PHO-003543,PHO-003355,EDGE-0002324,EV-CONTRACT-2026-2224
PHO-003605,PHO-002272,EDGE-0002325,EV-CONTRACT-2026-1167
PHO-002473,PHO-000951,EDGE-0002326,EV-CONTRACT-2026-1822
PHO-000630,PHO-002588,EDGE-0002327,EV-CONTRACT-2026-5544
PHO-002197,PHO-001355,EDGE-0002328,EV-CONTRACT-2026-2840
PHO-002899,PHO-001972,EDGE-0002329,EV-CONTRACT-2026-3568
PHO-004697,PHO-001265,EDGE-0002330,EV-CONTRACT-2026-8423
PHO-001440,PHO-001946,EDGE-0002331,EV-CONTRACT-2026-8735
PHO-002738,PHO-004002,EDGE-0002332,EV-CONTRACT-2026-6902
PHO-003868,PHO-002944,EDGE-0002333,EV-CONTRACT-2026-9459
PHO-003859,PHO-002959,EDGE-0002334,EV-CONTRACT-2026-3682
PHO-002336,PHO-000125,EDGE-0002335,EV-CONTRACT-2026-5531
PHO-004391,PHO-004813,EDGE-0002336,EV-CONTRACT-2026-7858
PHO-000573,PHO-001289,EDGE-0002337,EV-CONTRACT-2026-7381
PHO-003528,PHO-000092,EDGE-0002338,EV-CONTRACT-2026-3725
PHO-003848,PHO-004202,EDGE-0002339,EV-CONTRACT-2026-5116
PHO-004659,PHO-000220,EDGE-0002340,EV-CONTRACT-2026-1590
PHO-002394,PHO-001653,EDGE-0002341,EV-CONTRACT-2026-8068
PHO-004818,PHO-002315,EDGE-0002342,EV-CONTRACT-2026-3306
PHO-000925,PHO-001813,EDGE-0002343,EV-CONTRACT-2026-1523
PHO-000346,PHO-002176,EDGE-0002344,EV-CONTRACT-2026-3163
PHO-001773,PHO-003855,EDGE-0002345,EV-CONTRACT-2026-4398
PHO-003680,PHO-000763,EDGE-0002346,EV-CONTRACT-2026-2044
PHO-004553,PHO-004093,EDGE-0002347,EV-CONTRACT-2026-8156
PHO-001734,PHO-002858,EDGE-0002348,EV-CONTRACT-2026-6173
PHO-003487,PHO-004733,EDGE-0002349,EV-CONTRACT-2026-5105
PHO-003518,PHO-003761,EDGE-0002350,EV-CONTRACT-2026-8982
PHO-001452,PHO-003921,EDGE-0002351,EV-CONTRACT-2026-7897
PHO-004568,PHO-000292,EDGE-0002352,EV-CONTRACT-2026-2014
PHO-004517,PHO-004108,EDGE-0002353,EV-CONTRACT-2026-6841
PHO-001800,PHO-003253,EDGE-0002354,EV-CONTRACT-2026-1119
PHO-003637,PHO-002508,EDGE-0002355,EV-CONTRACT-2026-9567
PHO-001737,PHO-003799,EDGE-0002356,EV-CONTRACT-2026-4041
PHO-003583,PHO-000702,EDGE-0002357,EV-CONTRACT-2026-9669
PHO-004959,PHO-002419,EDGE-0002358,EV-CONTRACT-2026-5651
PHO-000832,PHO-001093,EDGE-0002359,EV-CONTRACT-2026-8678
PHO-002037,PHO-002730,EDGE-0002360,EV-CONTRACT-2026-7338
PHO-002986,PHO-001857,EDGE-0002361,EV-CONTRACT-2026-5338
PHO-004328,PHO-004553,EDGE-0002362,EV-CONTRACT-2026-9645
PHO-000845,PHO-002004,EDGE-0002363,EV-CONTRACT-2026-5377
PHO-003424,PHO-000108,EDGE-0002364,EV-CONTRACT-2026-7692
PHO-004590,PHO-003361,EDGE-0002365,EV-CONTRACT-2026-5198
PHO-003868,PHO-004887,EDGE-0002366,EV-CONTRACT-2026-7262
PHO-004454,PHO-002473,EDGE-0002367,EV-CONTRACT-2026-8272
PHO-002086,PHO-001221,EDGE-0002368,EV-CONTRACT-2026-8560
PHO-003617,PHO-004763,EDGE-0002369,EV-CONTRACT-2026-4548
PHO-001246,PHO-003307,EDGE-0002370,EV-CONTRACT-2026-2267
PHO-004235,PHO-000951,EDGE-0002371,EV-CONTRACT-2026-9835
PHO-001379,PHO-003563,EDGE-0002372,EV-CONTRACT-2026-5259
PHO-002036,PHO-003106,EDGE-0002373,EV-CONTRACT-2026-5363
PHO-000316,PHO-000331,EDGE-0002374,EV-CONTRACT-2026-9052
PHO-003228,PHO-002813,EDGE-0002375,EV-CONTRACT-2026-4461
PHO-001324,PHO-003603,EDGE-0002376,EV-CONTRACT-2026-3040
PHO-000843,PHO-003166,EDGE-0002377,EV-CONTRACT-2026-8513
PHO-004235,PHO-001196,EDGE-0002378,EV-CONTRACT-2026-9364
PHO-000719,PHO-002369,EDGE-0002379,EV-CONTRACT-2026-8188
PHO-003343,PHO-002086,EDGE-0002380,EV-CONTRACT-2026-6476
PHO-001448,PHO-001731,EDGE-0002381,EV-CONTRACT-2026-7595
PHO-000224,PHO-000933,EDGE-0002382,EV-CONTRACT-2026-1754
PHO-004706,PHO-002692,EDGE-0002383,EV-CONTRACT-2026-5349
PHO-004882,PHO-002810,EDGE-0002384,EV-CONTRACT-2026-2040
PHO-000639,PHO-003637,EDGE-0002385,EV-CONTRACT-2026-4673
PHO-004168,PHO-003540,EDGE-0002386,EV-CONTRACT-2026-9135
PHO-004469,PHO-002427,EDGE-0002387,EV-CONTRACT-2026-3079
PHO-004777,PHO-004198,EDGE-0002388,EV-CONTRACT-2026-6128
PHO-000978,PHO-001175,EDGE-0002389,EV-CONTRACT-2026-8160
PHO-000541,PHO-001781,EDGE-0002390,EV-CONTRACT-2026-6860
PHO-000297,PHO-002136,EDGE-0002391,EV-CONTRACT-2026-7228
PHO-004452,PHO-001648,EDGE-0002392,EV-CONTRACT-2026-7099
PHO-002185,PHO-004288,EDGE-0002393,EV-CONTRACT-2026-2967
PHO-000815,PHO-003852,EDGE-0002394,EV-CONTRACT-2026-4408
PHO-003910,PHO-000981,EDGE-0002395,EV-CONTRACT-2026-4671
PHO-000832,PHO-001894,EDGE-0002396,EV-CONTRACT-2026-7500
PHO-004033,PHO-002950,EDGE-0002397,EV-CONTRACT-2026-9160
PHO-000558,PHO-003047,EDGE-0002398,EV-CONTRACT-2026-6041
PHO-000868,PHO-000235,EDGE-0002399,EV-CONTRACT-2026-4437
PHO-001974,PHO-001818,EDGE-0002400,EV-CONTRACT-2026-9536
PHO-003099,PHO-002368,EDGE-0002401,EV-CONTRACT-2026-2475
PHO-004317,PHO-003144,EDGE-0002402,EV-CONTRACT-2026-9802
PHO-000277,PHO-000527,EDGE-0002403,EV-CONTRACT-2026-6156
PHO-001842,PHO-003009,EDGE-0002404,EV-CONTRACT-2026-8025
PHO-000254,PHO-000654,EDGE-0002405,EV-CONTRACT-2026-7040
PHO-003446,PHO-003351,EDGE-0002406,EV-CONTRACT-2026-1086
PHO-000369,PHO-003189,EDGE-0002407,EV-CONTRACT-2026-5618
PHO-001808,PHO-001789,EDGE-0002408,EV-CONTRACT-2026-5711
PHO-002018,PHO-003789,EDGE-0002409,EV-CONTRACT-2026-3731
PHO-004075,PHO-000718,EDGE-0002410,EV-CONTRACT-2026-3990
PHO-000455,PHO-000129,EDGE-0002411,EV-CONTRACT-2026-3827
PHO-000956,PHO-002888,EDGE-0002412,EV-CONTRACT-2026-2907
PHO-001822,PHO-004928,EDGE-0002413,EV-CONTRACT-2026-4232
PHO-002346,PHO-000660,EDGE-0002414,EV-CONTRACT-2026-5169
PHO-004026,PHO-004265,EDGE-0002415,EV-CONTRACT-2026-1579
PHO-003304,PHO-003715,EDGE-0002416,EV-CONTRACT-2026-4612
PHO-004029,PHO-001401,EDGE-0002417,EV-CONTRACT-2026-8401
PHO-001697,PHO-000512,EDGE-0002418,EV-CONTRACT-2026-8919
PHO-004225,PHO-000382,EDGE-0002419,EV-CONTRACT-2026-2802
PHO-003444,PHO-000039,EDGE-0002420,EV-CONTRACT-2026-5310
PHO-004730,PHO-000771,EDGE-0002421,EV-CONTRACT-2026-6605
PHO-004785,PHO-003442,EDGE-0002422,EV-CONTRACT-2026-2312
PHO-004577,PHO-003584,EDGE-0002423,EV-CONTRACT-2026-2569
PHO-003890,PHO-000317,EDGE-0002424,EV-CONTRACT-2026-8163
PHO-000675,PHO-004945,EDGE-0002425,EV-CONTRACT-2026-4639
PHO-003981,PHO-000535,EDGE-0002426,EV-CONTRACT-2026-3465
PHO-002978,PHO-004063,EDGE-0002427,EV-CONTRACT-2026-8013
PHO-003282,PHO-002203,EDGE-0002428,EV-CONTRACT-2026-8380
PHO-004774,PHO-000551,EDGE-0002429,EV-CONTRACT-2026-9797
PHO-003566,PHO-004790,EDGE-0002430,EV-CONTRACT-2026-1341
PHO-004892,PHO-004183,EDGE-0002431,EV-CONTRACT-2026-6910
PHO-004915,PHO-000622,EDGE-0002432,EV-CONTRACT-2026-4455
PHO-004953,PHO-001494,EDGE-0002433,EV-CONTRACT-2026-6764
PHO-004925,PHO-002771,EDGE-0002434,EV-CONTRACT-2026-2800
PHO-004171,PHO-001075,EDGE-0002435,EV-CONTRACT-2026-8902
PHO-002916,PHO-002682,EDGE-0002436,EV-CONTRACT-2026-7965
PHO-000835,PHO-004534,EDGE-0002437,EV-CONTRACT-2026-3119
PHO-001027,PHO-004189,EDGE-0002438,EV-CONTRACT-2026-7412
PHO-001853,PHO-003983,EDGE-0002439,EV-CONTRACT-2026-5193
PHO-002883,PHO-000208,EDGE-0002440,EV-CONTRACT-2026-7702
PHO-002465,PHO-002628,EDGE-0002441,EV-CONTRACT-2026-9695
PHO-003712,PHO-002336,EDGE-0002442,EV-CONTRACT-2026-7989
PHO-000896,PHO-000233,EDGE-0002443,EV-CONTRACT-2026-6078
PHO-001808,PHO-002577,EDGE-0002444,EV-CONTRACT-2026-9734
PHO-000415,PHO-004564,EDGE-0002445,EV-CONTRACT-2026-1279
PHO-002865,PHO-004716,EDGE-0002446,EV-CONTRACT-2026-7322
PHO-000116,PHO-000593,EDGE-0002447,EV-CONTRACT-2026-3976
PHO-003946,PHO-001047,EDGE-0002448,EV-CONTRACT-2026-5616
PHO-001810,PHO-000935,EDGE-0002449,EV-CONTRACT-2026-9500
PHO-002342,PHO-001949,EDGE-0002450,EV-CONTRACT-2026-4483
PHO-002611,PHO-003620,EDGE-0002451,EV-CONTRACT-2026-3601
PHO-002409,PHO-000204,EDGE-0002452,EV-CONTRACT-2026-1782
PHO-000565,PHO-002749,EDGE-0002453,EV-CONTRACT-2026-8486
PHO-003868,PHO-001369,EDGE-0002454,EV-CONTRACT-2026-7869
PHO-001660,PHO-001095,EDGE-0002455,EV-CONTRACT-2026-3179
PHO-002914,PHO-003496,EDGE-0002456,EV-CONTRACT-2026-3558
PHO-000539,PHO-002676,EDGE-0002457,EV-CONTRACT-2026-4805
PHO-003900,PHO-003266,EDGE-0002458,EV-CONTRACT-2026-5868
PHO-004389,PHO-002134,EDGE-0002459,EV-CONTRACT-2026-4957
PHO-004975,PHO-001204,EDGE-0002460,EV-CONTRACT-2026-9482
PHO-001229,PHO-002959,EDGE-0002461,EV-CONTRACT-2026-6287
PHO-002883,PHO-000235,EDGE-0002462,EV-CONTRACT-2026-3887
PHO-002850,PHO-001288,EDGE-0002463,EV-CONTRACT-2026-7328
PHO-004611,PHO-002629,EDGE-0002464,EV-CONTRACT-2026-9904
PHO-004461,PHO-001714,EDGE-0002465,EV-CONTRACT-2026-8093
PHO-001329,PHO-002951,EDGE-0002466,EV-CONTRACT-2026-9332
PHO-003578,PHO-002571,EDGE-0002467,EV-CONTRACT-2026-4426
PHO-003608,PHO-004331,EDGE-0002468,EV-CONTRACT-2026-1794
PHO-002010,PHO-003778,EDGE-0002469,EV-CONTRACT-2026-9132
PHO-002296,PHO-003741,EDGE-0002470,EV-CONTRACT-2026-9508
PHO-001323,PHO-003681,EDGE-0002471,EV-CONTRACT-2026-8039
PHO-000562,PHO-002209,EDGE-0002472,EV-CONTRACT-2026-2591
PHO-000925,PHO-000026,EDGE-0002473,EV-CONTRACT-2026-8467
PHO-003114,PHO-004018,EDGE-0002474,EV-CONTRACT-2026-2042
PHO-001747,PHO-001823,EDGE-0002475,EV-CONTRACT-2026-7021
PHO-003816,PHO-002064,EDGE-0002476,EV-CONTRACT-2026-7406
PHO-004722,PHO-002826,EDGE-0002477,EV-CONTRACT-2026-7607
PHO-001917,PHO-001642,EDGE-0002478,EV-CONTRACT-2026-8377
PHO-000486,PHO-002318,EDGE-0002479,EV-CONTRACT-2026-1646
PHO-001667,PHO-002554,EDGE-0002480,EV-CONTRACT-2026-7537
PHO-002572,PHO-004296,EDGE-0002481,EV-CONTRACT-2026-9860
PHO-002848,PHO-002263,EDGE-0002482,EV-CONTRACT-2026-2913
PHO-004954,PHO-000369,EDGE-0002483,EV-CONTRACT-2026-8025
PHO-000916,PHO-000467,EDGE-0002484,EV-CONTRACT-2026-9048
PHO-000005,PHO-000504,EDGE-0002485,EV-CONTRACT-2026-9427
PHO-000035,PHO-003552,EDGE-0002486,EV-CONTRACT-2026-3179
PHO-002657,PHO-001215,EDGE-0002487,EV-CONTRACT-2026-8648
PHO-002251,PHO-002893,EDGE-0002488,EV-CONTRACT-2026-3812
PHO-003522,PHO-000394,EDGE-0002489,EV-CONTRACT-2026-9664
PHO-004649,PHO-003930,EDGE-0002490,EV-CONTRACT-2026-8704
PHO-004118,PHO-001037,EDGE-0002491,EV-CONTRACT-2026-4932
PHO-003490,PHO-001643,EDGE-0002492,EV-CONTRACT-2026-8128
PHO-003605,PHO-001736,EDGE-0002493,EV-CONTRACT-2026-8757
PHO-000759,PHO-001425,EDGE-0002494,EV-CONTRACT-2026-7725
PHO-002521,PHO-004014,EDGE-0002495,EV-CONTRACT-2026-9539
PHO-003876,PHO-004299,EDGE-0002496,EV-CONTRACT-2026-1220
PHO-004595,PHO-003445,EDGE-0002497,EV-CONTRACT-2026-4195
PHO-000416,PHO-003803,EDGE-0002498,EV-CONTRACT-2026-7716
PHO-003097,PHO-001418,EDGE-0002499,EV-CONTRACT-2026-2583
PHO-000584,PHO-001632,EDGE-0002500,EV-CONTRACT-2026-5855
PHO-004976,PHO-002753,EDGE-0002501,EV-CONTRACT-2026-6413
PHO-000715,PHO-001012,EDGE-0002502,EV-CONTRACT-2026-1111
PHO-003997,PHO-000491,EDGE-0002503,EV-CONTRACT-2026-5934
PHO-002589,PHO-003439,EDGE-0002504,EV-CONTRACT-2026-7767
PHO-003848,PHO-001497,EDGE-0002505,EV-CONTRACT-2026-3005
PHO-003165,PHO-000234,EDGE-0002506,EV-CONTRACT-2026-1345
PHO-000400,PHO-004682,EDGE-0002507,EV-CONTRACT-2026-5112
PHO-001054,PHO-002107,EDGE-0002508,EV-CONTRACT-2026-7353
PHO-003310,PHO-002746,EDGE-0002509,EV-CONTRACT-2026-4875
PHO-001415,PHO-002357,EDGE-0002510,EV-CONTRACT-2026-6443
PHO-000166,PHO-001430,EDGE-0002511,EV-CONTRACT-2026-2464
PHO-001764,PHO-001416,EDGE-0002512,EV-CONTRACT-2026-4990
PHO-000233,PHO-004438,EDGE-0002513,EV-CONTRACT-2026-9072
PHO-004574,PHO-002035,EDGE-0002514,EV-CONTRACT-2026-5652
PHO-003426,PHO-003263,EDGE-0002515,EV-CONTRACT-2026-6932
PHO-001164,PHO-002286,EDGE-0002516,EV-CONTRACT-2026-8913
PHO-000331,PHO-004486,EDGE-0002517,EV-CONTRACT-2026-9002
PHO-000164,PHO-000727,EDGE-0002518,EV-CONTRACT-2026-2867
PHO-003385,PHO-002786,EDGE-0002519,EV-CONTRACT-2026-8619
PHO-000019,PHO-001882,EDGE-0002520,EV-CONTRACT-2026-2953
PHO-004299,PHO-004594,EDGE-0002521,EV-CONTRACT-2026-3883
PHO-003459,PHO-002185,EDGE-0002522,EV-CONTRACT-2026-2161
PHO-003555,PHO-003988,EDGE-0002523,EV-CONTRACT-2026-6757
PHO-003878,PHO-001177,EDGE-0002524,EV-CONTRACT-2026-5358
PHO-000495,PHO-001799,EDGE-0002525,EV-CONTRACT-2026-9063
PHO-001974,PHO-002578,EDGE-0002526,EV-CONTRACT-2026-3756
PHO-001927,PHO-004281,EDGE-0002527,EV-CONTRACT-2026-7012
PHO-004481,PHO-001332,EDGE-0002528,EV-CONTRACT-2026-3860
PHO-004957,PHO-003415,EDGE-0002529,EV-CONTRACT-2026-2716
PHO-004869,PHO-003049,EDGE-0002530,EV-CONTRACT-2026-8840
PHO-001736,PHO-004431,EDGE-0002531,EV-CONTRACT-2026-4502
PHO-000124,PHO-004296,EDGE-0002532,EV-CONTRACT-2026-3738
PHO-002875,PHO-003015,EDGE-0002533,EV-CONTRACT-2026-8393
PHO-001979,PHO-003904,EDGE-0002534,EV-CONTRACT-2026-7709
PHO-002519,PHO-001827,EDGE-0002535,EV-CONTRACT-2026-9150
PHO-001635,PHO-004318,EDGE-0002536,EV-CONTRACT-2026-9977
PHO-001945,PHO-001621,EDGE-0002537,EV-CONTRACT-2026-2583
PHO-001579,PHO-002666,EDGE-0002538,EV-CONTRACT-2026-5955
PHO-003298,PHO-003728,EDGE-0002539,EV-CONTRACT-2026-2505
PHO-003380,PHO-004977,EDGE-0002540,EV-CONTRACT-2026-2889
PHO-001037,PHO-003723,EDGE-0002541,EV-CONTRACT-2026-7476
PHO-004467,PHO-004129,EDGE-0002542,EV-CONTRACT-2026-7872
PHO-004376,PHO-001083,EDGE-0002543,EV-CONTRACT-2026-6500
PHO-002177,PHO-004992,EDGE-0002544,EV-CONTRACT-2026-4346
PHO-002728,PHO-000926,EDGE-0002545,EV-CONTRACT-2026-1886
PHO-000352,PHO-004880,EDGE-0002546,EV-CONTRACT-2026-5819
PHO-000571,PHO-002842,EDGE-0002547,EV-CONTRACT-2026-5270
PHO-000899,PHO-002956,EDGE-0002548,EV-CONTRACT-2026-1344
PHO-004159,PHO-000434,EDGE-0002549,EV-CONTRACT-2026-7449
PHO-000493,PHO-004581,EDGE-0002550,EV-CONTRACT-2026-7132
PHO-004464,PHO-003405,EDGE-0002551,EV-CONTRACT-2026-3886
PHO-002457,PHO-001184,EDGE-0002552,EV-CONTRACT-2026-5288
PHO-004000,PHO-001016,EDGE-0002553,EV-CONTRACT-2026-6933
PHO-000801,PHO-001835,EDGE-0002554,EV-CONTRACT-2026-7205
PHO-004156,PHO-004860,EDGE-0002555,EV-CONTRACT-2026-5820
PHO-004002,PHO-003693,EDGE-0002556,EV-CONTRACT-2026-8129
PHO-002382,PHO-001785,EDGE-0002557,EV-CONTRACT-2026-2174
PHO-002537,PHO-000137,EDGE-0002558,EV-CONTRACT-2026-1210
PHO-003406,PHO-003966,EDGE-0002559,EV-CONTRACT-2026-4233
PHO-001949,PHO-002326,EDGE-0002560,EV-CONTRACT-2026-7101
PHO-002769,PHO-003171,EDGE-0002561,EV-CONTRACT-2026-1811
PHO-003434,PHO-002860,EDGE-0002562,EV-CONTRACT-2026-5035
PHO-000325,PHO-004003,EDGE-0002563,EV-CONTRACT-2026-4984
PHO-000337,PHO-000831,EDGE-0002564,EV-CONTRACT-2026-4795
PHO-003838,PHO-000857,EDGE-0002565,EV-CONTRACT-2026-8406
PHO-004870,PHO-003680,EDGE-0002566,EV-CONTRACT-2026-7930
PHO-000862,PHO-000324,EDGE-0002567,EV-CONTRACT-2026-7287
PHO-000932,PHO-004195,EDGE-0002568,EV-CONTRACT-2026-1543
PHO-004105,PHO-004125,EDGE-0002569,EV-CONTRACT-2026-1737
PHO-001918,PHO-001665,EDGE-0002570,EV-CONTRACT-2026-4785
PHO-002576,PHO-000003,EDGE-0002571,EV-CONTRACT-2026-8989
PHO-000533,PHO-000887,EDGE-0002572,EV-CONTRACT-2026-3596
PHO-004156,PHO-004009,EDGE-0002573,EV-CONTRACT-2026-2392
PHO-002371,PHO-004446,EDGE-0002574,EV-CONTRACT-2026-5987
PHO-001887,PHO-002532,EDGE-0002575,EV-CONTRACT-2026-6770
PHO-001341,PHO-000161,EDGE-0002576,EV-CONTRACT-2026-8718
PHO-003244,PHO-000647,EDGE-0002577,EV-CONTRACT-2026-6639
PHO-004796,PHO-000722,EDGE-0002578,EV-CONTRACT-2026-5538
PHO-004900,PHO-001278,EDGE-0002579,EV-CONTRACT-2026-5094
PHO-003779,PHO-003707,EDGE-0002580,EV-CONTRACT-2026-2987
PHO-002201,PHO-003535,EDGE-0002581,EV-CONTRACT-2026-6666
PHO-002687,PHO-000932,EDGE-0002582,EV-CONTRACT-2026-1103
PHO-001879,PHO-002204,EDGE-0002583,EV-CONTRACT-2026-5798
PHO-001865,PHO-001631,EDGE-0002584,EV-CONTRACT-2026-5163
PHO-002869,PHO-003827,EDGE-0002585,EV-CONTRACT-2026-7517
PHO-000612,PHO-000149,EDGE-0002586,EV-CONTRACT-2026-1095
PHO-001925,PHO-000337,EDGE-0002587,EV-CONTRACT-2026-8536
PHO-004839,PHO-002875,EDGE-0002588,EV-CONTRACT-2026-6624
PHO-004073,PHO-004677,EDGE-0002589,EV-CONTRACT-2026-7187
PHO-001642,PHO-004652,EDGE-0002590,EV-CONTRACT-2026-6606
PHO-003041,PHO-003944,EDGE-0002591,EV-CONTRACT-2026-1006
PHO-004216,PHO-002389,EDGE-0002592,EV-CONTRACT-2026-5013
PHO-003155,PHO-003713,EDGE-0002593,EV-CONTRACT-2026-5427
PHO-000244,PHO-001882,EDGE-0002594,EV-CONTRACT-2026-5447
PHO-003979,PHO-002081,EDGE-0002595,EV-CONTRACT-2026-4593
PHO-000089,PHO-004419,EDGE-0002596,EV-CONTRACT-2026-7306
PHO-000917,PHO-002826,EDGE-0002597,EV-CONTRACT-2026-7103
PHO-002315,PHO-003838,EDGE-0002598,EV-CONTRACT-2026-3074
PHO-003073,PHO-004153,EDGE-0002599,EV-CONTRACT-2026-7693
PHO-002716,PHO-002792,EDGE-0002600,EV-CONTRACT-2026-9050
PHO-000573,PHO-003530,EDGE-0002601,EV-CONTRACT-2026-4098
PHO-000083,PHO-004721,EDGE-0002602,EV-CONTRACT-2026-5443
PHO-000315,PHO-000459,EDGE-0002603,EV-CONTRACT-2026-3239
PHO-000978,PHO-002534,EDGE-0002604,EV-CONTRACT-2026-3483
PHO-004009,PHO-004044,EDGE-0002605,EV-CONTRACT-2026-1979
PHO-002863,PHO-001883,EDGE-0002606,EV-CONTRACT-2026-7103
PHO-000817,PHO-001306,EDGE-0002607,EV-CONTRACT-2026-9524
PHO-001583,PHO-000468,EDGE-0002608,EV-CONTRACT-2026-4175
PHO-004366,PHO-004606,EDGE-0002609,EV-CONTRACT-2026-6189
PHO-000992,PHO-000467,EDGE-0002610,EV-CONTRACT-2026-9933
PHO-001762,PHO-001787,EDGE-0002611,EV-CONTRACT-2026-1610
PHO-004724,PHO-001707,EDGE-0002612,EV-CONTRACT-2026-9007
PHO-002305,PHO-000624,EDGE-0002613,EV-CONTRACT-2026-2262
PHO-000309,PHO-001290,EDGE-0002614,EV-CONTRACT-2026-3994
PHO-002122,PHO-000916,EDGE-0002615,EV-CONTRACT-2026-1831
PHO-002212,PHO-001628,EDGE-0002616,EV-CONTRACT-2026-1713
PHO-004236,PHO-001241,EDGE-0002617,EV-CONTRACT-2026-6045
PHO-000670,PHO-004219,EDGE-0002618,EV-CONTRACT-2026-5325
PHO-000019,PHO-000269,EDGE-0002619,EV-CONTRACT-2026-8415
PHO-001581,PHO-000859,EDGE-0002620,EV-CONTRACT-2026-6044
PHO-002362,PHO-001004,EDGE-0002621,EV-CONTRACT-2026-9278
PHO-004976,PHO-002201,EDGE-0002622,EV-CONTRACT-2026-6962
PHO-000127,PHO-004057,EDGE-0002623,EV-CONTRACT-2026-3820
PHO-001709,PHO-002120,EDGE-0002624,EV-CONTRACT-2026-3793
PHO-004934,PHO-003405,EDGE-0002625,EV-CONTRACT-2026-2403
PHO-002957,PHO-004455,EDGE-0002626,EV-CONTRACT-2026-1790
PHO-003342,PHO-002021,EDGE-0002627,EV-CONTRACT-2026-1159
PHO-002816,PHO-002851,EDGE-0002628,EV-CONTRACT-2026-6651
PHO-001201,PHO-001838,EDGE-0002629,EV-CONTRACT-2026-3641
PHO-000467,PHO-001634,EDGE-0002630,EV-CONTRACT-2026-2429
PHO-002212,PHO-000881,EDGE-0002631,EV-CONTRACT-2026-6666
PHO-003123,PHO-000807,EDGE-0002632,EV-CONTRACT-2026-1626
PHO-004575,PHO-001196,EDGE-0002633,EV-CONTRACT-2026-3739
PHO-000209,PHO-002058,EDGE-0002634,EV-CONTRACT-2026-1694
PHO-001080,PHO-004123,EDGE-0002635,EV-CONTRACT-2026-2203
PHO-000505,PHO-003108,EDGE-0002636,EV-CONTRACT-2026-8999
PHO-003004,PHO-000455,EDGE-0002637,EV-CONTRACT-2026-7878
PHO-002844,PHO-004074,EDGE-0002638,EV-CONTRACT-2026-2991
PHO-001079,PHO-003404,EDGE-0002639,EV-CONTRACT-2026-8221
PHO-003188,PHO-003132,EDGE-0002640,EV-CONTRACT-2026-6567
PHO-003881,PHO-004217,EDGE-0002641,EV-CONTRACT-2026-2438
PHO-001690,PHO-002942,EDGE-0002642,EV-CONTRACT-2026-9702
PHO-000809,PHO-001503,EDGE-0002643,EV-CONTRACT-2026-7190
PHO-003914,PHO-003005,EDGE-0002644,EV-CONTRACT-2026-8616
PHO-002270,PHO-000517,EDGE-0002645,EV-CONTRACT-2026-4994
PHO-003644,PHO-004041,EDGE-0002646,EV-CONTRACT-2026-8205
PHO-001841,PHO-000043,EDGE-0002647,EV-CONTRACT-2026-1592
PHO-000304,PHO-000235,EDGE-0002648,EV-CONTRACT-2026-2258
PHO-004889,PHO-001447,EDGE-0002649,EV-CONTRACT-2026-9482
PHO-003278,PHO-002224,EDGE-0002650,EV-CONTRACT-2026-1098
PHO-002433,PHO-001142,EDGE-0002651,EV-CONTRACT-2026-6436
PHO-000291,PHO-003938,EDGE-0002652,EV-CONTRACT-2026-1998
PHO-002264,PHO-001725,EDGE-0002653,EV-CONTRACT-2026-2820
PHO-000069,PHO-004590,EDGE-0002654,EV-CONTRACT-2026-1934
PHO-002478,PHO-000948,EDGE-0002655,EV-CONTRACT-2026-9980
PHO-003193,PHO-002819,EDGE-0002656,EV-CONTRACT-2026-6432
PHO-004898,PHO-002316,EDGE-0002657,EV-CONTRACT-2026-7492
PHO-000367,PHO-001692,EDGE-0002658,EV-CONTRACT-2026-5020
PHO-002442,PHO-000127,EDGE-0002659,EV-CONTRACT-2026-8148
PHO-004501,PHO-003020,EDGE-0002660,EV-CONTRACT-2026-4151
PHO-002103,PHO-000759,EDGE-0002661,EV-CONTRACT-2026-7664
PHO-004399,PHO-004466,EDGE-0002662,EV-CONTRACT-2026-8900
PHO-004322,PHO-001761,EDGE-0002663,EV-CONTRACT-2026-6722
PHO-003051,PHO-000691,EDGE-0002664,EV-CONTRACT-2026-9064
PHO-003753,PHO-001439,EDGE-0002665,EV-CONTRACT-2026-4520
PHO-003203,PHO-004278,EDGE-0002666,EV-CONTRACT-2026-8001
PHO-001260,PHO-002710,EDGE-0002667,EV-CONTRACT-2026-9051
PHO-003323,PHO-002562,EDGE-0002668,EV-CONTRACT-2026-2739
PHO-001835,PHO-000001,EDGE-0002669,EV-CONTRACT-2026-5055
PHO-001985,PHO-002786,EDGE-0002670,EV-CONTRACT-2026-7351
PHO-001599,PHO-001199,EDGE-0002671,EV-CONTRACT-2026-3208
PHO-000860,PHO-003171,EDGE-0002672,EV-CONTRACT-2026-2812
PHO-004947,PHO-001392,EDGE-0002673,EV-CONTRACT-2026-7737
PHO-004027,PHO-004288,EDGE-0002674,EV-CONTRACT-2026-2437
PHO-003080,PHO-002038,EDGE-0002675,EV-CONTRACT-2026-9162
PHO-004713,PHO-003532,EDGE-0002676,EV-CONTRACT-2026-9728
PHO-001049,PHO-003316,EDGE-0002677,EV-CONTRACT-2026-8619
PHO-004616,PHO-004020,EDGE-0002678,EV-CONTRACT-2026-7774
PHO-000635,PHO-001539,EDGE-0002679,EV-CONTRACT-2026-6671
PHO-001828,PHO-000312,EDGE-0002680,EV-CONTRACT-2026-5854
PHO-001035,PHO-000663,EDGE-0002681,EV-CONTRACT-2026-9952
PHO-004830,PHO-004244,EDGE-0002682,EV-CONTRACT-2026-6326
PHO-002941,PHO-000588,EDGE-0002683,EV-CONTRACT-2026-7015
PHO-002821,PHO-003879,EDGE-0002684,EV-CONTRACT-2026-8290
PHO-003707,PHO-000953,EDGE-0002685,EV-CONTRACT-2026-3490
PHO-004706,PHO-003992,EDGE-0002686,EV-CONTRACT-2026-3190
PHO-004309,PHO-004571,EDGE-0002687,EV-CONTRACT-2026-6490
PHO-001208,PHO-003281,EDGE-0002688,EV-CONTRACT-2026-7410
PHO-002518,PHO-002396,EDGE-0002689,EV-CONTRACT-2026-4036
PHO-003527,PHO-004699,EDGE-0002690,EV-CONTRACT-2026-4408
PHO-001388,PHO-004226,EDGE-0002691,EV-CONTRACT-2026-7504
PHO-000616,PHO-004781,EDGE-0002692,EV-CONTRACT-2026-7178
PHO-003925,PHO-000428,EDGE-0002693,EV-CONTRACT-2026-6796
PHO-003329,PHO-000412,EDGE-0002694,EV-CONTRACT-2026-3932
PHO-004204,PHO-003391,EDGE-0002695,EV-CONTRACT-2026-1152
PHO-004103,PHO-002551,EDGE-0002696,EV-CONTRACT-2026-3071
PHO-004549,PHO-004296,EDGE-0002697,EV-CONTRACT-2026-9586
PHO-001591,PHO-001487,EDGE-0002698,EV-CONTRACT-2026-1797
PHO-002241,PHO-000798,EDGE-0002699,EV-CONTRACT-2026-3225
PHO-003581,PHO-003626,EDGE-0002700,EV-CONTRACT-2026-1345
PHO-004316,PHO-003303,EDGE-0002701,EV-CONTRACT-2026-9642
PHO-000498,PHO-001214,EDGE-0002702,EV-CONTRACT-2026-7189
PHO-002762,PHO-004123,EDGE-0002703,EV-CONTRACT-2026-4419
PHO-001555,PHO-002860,EDGE-0002704,EV-CONTRACT-2026-5631
PHO-000913,PHO-000318,EDGE-0002705,EV-CONTRACT-2026-1056
PHO-001565,PHO-001732,EDGE-0002706,EV-CONTRACT-2026-5424
PHO-000440,PHO-004701,EDGE-0002707,EV-CONTRACT-2026-3472
PHO-000705,PHO-004726,EDGE-0002708,EV-CONTRACT-2026-9613
PHO-000667,PHO-003038,EDGE-0002709,EV-CONTRACT-2026-1805
PHO-002582,PHO-004884,EDGE-0002710,EV-CONTRACT-2026-9766
PHO-000602,PHO-004998,EDGE-0002711,EV-CONTRACT-2026-3127
PHO-003465,PHO-001301,EDGE-0002712,EV-CONTRACT-2026-7695
PHO-002592,PHO-001033,EDGE-0002713,EV-CONTRACT-2026-6224
PHO-000951,PHO-000328,EDGE-0002714,EV-CONTRACT-2026-7705
PHO-000555,PHO-003737,EDGE-0002715,EV-CONTRACT-2026-9393
PHO-000433,PHO-002605,EDGE-0002716,EV-CONTRACT-2026-8836
PHO-000716,PHO-001670,EDGE-0002717,EV-CONTRACT-2026-4797
PHO-001758,PHO-000046,EDGE-0002718,EV-CONTRACT-2026-9371
PHO-001095,PHO-003235,EDGE-0002719,EV-CONTRACT-2026-7037
PHO-000271,PHO-001586,EDGE-0002720,EV-CONTRACT-2026-1032
PHO-003959,PHO-002939,EDGE-0002721,EV-CONTRACT-2026-6047
PHO-003429,PHO-001695,EDGE-0002722,EV-CONTRACT-2026-2690
PHO-001914,PHO-000303,EDGE-0002723,EV-CONTRACT-2026-7659
PHO-004103,PHO-004693,EDGE-0002724,EV-CONTRACT-2026-1047
PHO-000982,PHO-002897,EDGE-0002725,EV-CONTRACT-2026-2127
PHO-001696,PHO-003873,EDGE-0002726,EV-CONTRACT-2026-3753
PHO-000260,PHO-001725,EDGE-0002727,EV-CONTRACT-2026-7894
PHO-000897,PHO-002598,EDGE-0002728,EV-CONTRACT-2026-1395
PHO-004322,PHO-002324,EDGE-0002729,EV-CONTRACT-2026-5142
PHO-000373,PHO-000726,EDGE-0002730,EV-CONTRACT-2026-7129
PHO-001351,PHO-003334,EDGE-0002731,EV-CONTRACT-2026-1413
PHO-000444,PHO-002081,EDGE-0002732,EV-CONTRACT-2026-7713
PHO-002626,PHO-004120,EDGE-0002733,EV-CONTRACT-2026-2264
PHO-003632,PHO-004673,EDGE-0002734,EV-CONTRACT-2026-2263
PHO-000005,PHO-004164,EDGE-0002735,EV-CONTRACT-2026-5027
PHO-003551,PHO-004175,EDGE-0002736,EV-CONTRACT-2026-6286
PHO-002387,PHO-004657,EDGE-0002737,EV-CONTRACT-2026-3029
PHO-002233,PHO-002110,EDGE-0002738,EV-CONTRACT-2026-2595
PHO-003194,PHO-000619,EDGE-0002739,EV-CONTRACT-2026-6573
PHO-000184,PHO-004411,EDGE-0002740,EV-CONTRACT-2026-2498
PHO-002123,PHO-002997,EDGE-0002741,EV-CONTRACT-2026-9137
PHO-003175,PHO-002964,EDGE-0002742,EV-CONTRACT-2026-7746
PHO-001157,PHO-003780,EDGE-0002743,EV-CONTRACT-2026-2651
PHO-002250,PHO-002526,EDGE-0002744,EV-CONTRACT-2026-2872
PHO-002164,PHO-004944,EDGE-0002745,EV-CONTRACT-2026-6936
PHO-000740,PHO-001468,EDGE-0002746,EV-CONTRACT-2026-9069
PHO-000730,PHO-001921,EDGE-0002747,EV-CONTRACT-2026-9291
PHO-000024,PHO-003844,EDGE-0002748,EV-CONTRACT-2026-8997
PHO-004692,PHO-002411,EDGE-0002749,EV-CONTRACT-2026-5607
PHO-000710,PHO-002503,EDGE-0002750,EV-CONTRACT-2026-6806
PHO-003306,PHO-002866,EDGE-0002751,EV-CONTRACT-2026-5033
PHO-002592,PHO-002255,EDGE-0002752,EV-CONTRACT-2026-9954
PHO-004552,PHO-001130,EDGE-0002753,EV-CONTRACT-2026-5692
PHO-004663,PHO-004666,EDGE-0002754,EV-CONTRACT-2026-3712
PHO-002503,PHO-000952,EDGE-0002755,EV-CONTRACT-2026-1723
PHO-004502,PHO-002270,EDGE-0002756,EV-CONTRACT-2026-1367
PHO-004293,PHO-002286,EDGE-0002757,EV-CONTRACT-2026-6485
PHO-001692,PHO-004274,EDGE-0002758,EV-CONTRACT-2026-4114
PHO-001146,PHO-003605,EDGE-0002759,EV-CONTRACT-2026-1964
PHO-003538,PHO-000486,EDGE-0002760,EV-CONTRACT-2026-7744
PHO-003015,PHO-004560,EDGE-0002761,EV-CONTRACT-2026-1767
PHO-001554,PHO-001298,EDGE-0002762,EV-CONTRACT-2026-4706
PHO-004123,PHO-003521,EDGE-0002763,EV-CONTRACT-2026-9868
PHO-004713,PHO-003431,EDGE-0002764,EV-CONTRACT-2026-2274
PHO-000470,PHO-000135,EDGE-0002765,EV-CONTRACT-2026-1131
PHO-003964,PHO-001213,EDGE-0002766,EV-CONTRACT-2026-3732
PHO-002841,PHO-003049,EDGE-0002767,EV-CONTRACT-2026-9986
PHO-002961,PHO-002967,EDGE-0002768,EV-CONTRACT-2026-2247
PHO-001713,PHO-004094,EDGE-0002769,EV-CONTRACT-2026-8259
PHO-000336,PHO-000088,EDGE-0002770,EV-CONTRACT-2026-8727
PHO-003825,PHO-002378,EDGE-0002771,EV-CONTRACT-2026-1407
PHO-003134,PHO-000360,EDGE-0002772,EV-CONTRACT-2026-9536
PHO-003418,PHO-000729,EDGE-0002773,EV-CONTRACT-2026-2359
PHO-002153,PHO-004213,EDGE-0002774,EV-CONTRACT-2026-7447
PHO-002665,PHO-000292,EDGE-0002775,EV-CONTRACT-2026-8897
PHO-002963,PHO-000866,EDGE-0002776,EV-CONTRACT-2026-5015
PHO-002829,PHO-003436,EDGE-0002777,EV-CONTRACT-2026-6595
PHO-002010,PHO-002747,EDGE-0002778,EV-CONTRACT-2026-9810
PHO-001180,PHO-002975,EDGE-0002779,EV-CONTRACT-2026-4353
PHO-004864,PHO-001819,EDGE-0002780,EV-CONTRACT-2026-7219
PHO-002369,PHO-003318,EDGE-0002781,EV-CONTRACT-2026-3914
PHO-002412,PHO-001555,EDGE-0002782,EV-CONTRACT-2026-4211
PHO-001302,PHO-003906,EDGE-0002783,EV-CONTRACT-2026-7474
PHO-000517,PHO-004226,EDGE-0002784,EV-CONTRACT-2026-4176
PHO-002528,PHO-003606,EDGE-0002785,EV-CONTRACT-2026-1347
PHO-000747,PHO-003367,EDGE-0002786,EV-CONTRACT-2026-2262
PHO-003682,PHO-004626,EDGE-0002787,EV-CONTRACT-2026-6660
PHO-003962,PHO-004496,EDGE-0002788,EV-CONTRACT-2026-5749
PHO-002203,PHO-000148,EDGE-0002789,EV-CONTRACT-2026-3873
PHO-000079,PHO-000558,EDGE-0002790,EV-CONTRACT-2026-7814
PHO-003100,PHO-000953,EDGE-0002791,EV-CONTRACT-2026-1832
PHO-000747,PHO-003414,EDGE-0002792,EV-CONTRACT-2026-7078
PHO-001785,PHO-002234,EDGE-0002793,EV-CONTRACT-2026-1598
PHO-004153,PHO-000195,EDGE-0002794,EV-CONTRACT-2026-5333
PHO-000987,PHO-004637,EDGE-0002795,EV-CONTRACT-2026-1828
PHO-003167,PHO-003006,EDGE-0002796,EV-CONTRACT-2026-6880
PHO-001124,PHO-000047,EDGE-0002797,EV-CONTRACT-2026-8008
PHO-003269,PHO-000918,EDGE-0002798,EV-CONTRACT-2026-2280
PHO-004114,PHO-001706,EDGE-0002799,EV-CONTRACT-2026-9553
PHO-004046,PHO-004361,EDGE-0002800,EV-CONTRACT-2026-5088
PHO-000048,PHO-002106,EDGE-0002801,EV-CONTRACT-2026-7707
PHO-002772,PHO-004499,EDGE-0002802,EV-CONTRACT-2026-5972
PHO-000726,PHO-001656,EDGE-0002803,EV-CONTRACT-2026-7803
PHO-001119,PHO-004446,EDGE-0002804,EV-CONTRACT-2026-6430
PHO-001266,PHO-003744,EDGE-0002805,EV-CONTRACT-2026-8522
PHO-004432,PHO-000240,EDGE-0002806,EV-CONTRACT-2026-1144
PHO-001396,PHO-004645,EDGE-0002807,EV-CONTRACT-2026-3564
PHO-004762,PHO-002200,EDGE-0002808,EV-CONTRACT-2026-5359
PHO-001686,PHO-004194,EDGE-0002809,EV-CONTRACT-2026-7579
PHO-001646,PHO-001059,EDGE-0002810,EV-CONTRACT-2026-2144
PHO-001830,PHO-000839,EDGE-0002811,EV-CONTRACT-2026-3709
PHO-001607,PHO-002211,EDGE-0002812,EV-CONTRACT-2026-5593
PHO-003186,PHO-004650,EDGE-0002813,EV-CONTRACT-2026-6237
PHO-002578,PHO-003544,EDGE-0002814,EV-CONTRACT-2026-2129
PHO-000963,PHO-004756,EDGE-0002815,EV-CONTRACT-2026-9776
PHO-000855,PHO-004877,EDGE-0002816,EV-CONTRACT-2026-9734
PHO-003398,PHO-000660,EDGE-0002817,EV-CONTRACT-2026-5980
PHO-000322,PHO-003596,EDGE-0002818,EV-CONTRACT-2026-5684
PHO-002730,PHO-001716,EDGE-0002819,EV-CONTRACT-2026-3101
PHO-000481,PHO-000298,EDGE-0002820,EV-CONTRACT-2026-2689
PHO-002249,PHO-001096,EDGE-0002821,EV-CONTRACT-2026-9816
PHO-004218,PHO-004151,EDGE-0002822,EV-CONTRACT-2026-4381
PHO-001784,PHO-001106,EDGE-0002823,EV-CONTRACT-2026-8553
PHO-000834,PHO-000532,EDGE-0002824,EV-CONTRACT-2026-8544
PHO-002244,PHO-003912,EDGE-0002825,EV-CONTRACT-2026-1025
PHO-000721,PHO-004425,EDGE-0002826,EV-CONTRACT-2026-8526
PHO-003574,PHO-000361,EDGE-0002827,EV-CONTRACT-2026-9776
PHO-004182,PHO-000210,EDGE-0002828,EV-CONTRACT-2026-8801
PHO-003257,PHO-003680,EDGE-0002829,EV-CONTRACT-2026-4460
PHO-000460,PHO-004153,EDGE-0002830,EV-CONTRACT-2026-5191
PHO-001025,PHO-003965,EDGE-0002831,EV-CONTRACT-2026-5256
PHO-003923,PHO-001840,EDGE-0002832,EV-CONTRACT-2026-7080
PHO-001937,PHO-002547,EDGE-0002833,EV-CONTRACT-2026-6954
PHO-002757,PHO-002889,EDGE-0002834,EV-CONTRACT-2026-5065
PHO-004775,PHO-003558,EDGE-0002835,EV-CONTRACT-2026-7929
PHO-000944,PHO-003068,EDGE-0002836,EV-CONTRACT-2026-9961
PHO-004411,PHO-000642,EDGE-0002837,EV-CONTRACT-2026-6359
PHO-002131,PHO-001981,EDGE-0002838,EV-CONTRACT-2026-1324
PHO-002395,PHO-000180,EDGE-0002839,EV-CONTRACT-2026-2957
PHO-004567,PHO-001817,EDGE-0002840,EV-CONTRACT-2026-3338
PHO-001875,PHO-004929,EDGE-0002841,EV-CONTRACT-2026-3002
PHO-003997,PHO-003665,EDGE-0002842,EV-CONTRACT-2026-5438
PHO-004610,PHO-003790,EDGE-0002843,EV-CONTRACT-2026-4418
PHO-000663,PHO-000887,EDGE-0002844,EV-CONTRACT-2026-4240
PHO-001857,PHO-002021,EDGE-0002845,EV-CONTRACT-2026-4884
PHO-001938,PHO-005000,EDGE-0002846,EV-CONTRACT-2026-3107
PHO-004795,PHO-002210,EDGE-0002847,EV-CONTRACT-2026-1247
PHO-004026,PHO-003431,EDGE-0002848,EV-CONTRACT-2026-6493
PHO-003103,PHO-002797,EDGE-0002849,EV-CONTRACT-2026-7869
PHO-003654,PHO-001572,EDGE-0002850,EV-CONTRACT-2026-5386
PHO-004467,PHO-004008,EDGE-0002851,EV-CONTRACT-2026-3732
PHO-002024,PHO-000178,EDGE-0002852,EV-CONTRACT-2026-7516
PHO-000382,PHO-004016,EDGE-0002853,EV-CONTRACT-2026-8703
PHO-001344,PHO-002767,EDGE-0002854,EV-CONTRACT-2026-4913
PHO-001935,PHO-004565,EDGE-0002855,EV-CONTRACT-2026-7369
PHO-004057,PHO-004320,EDGE-0002856,EV-CONTRACT-2026-2344
PHO-002114,PHO-002871,EDGE-0002857,EV-CONTRACT-2026-5881
PHO-003896,PHO-003989,EDGE-0002858,EV-CONTRACT-2026-9681
PHO-004256,PHO-004551,EDGE-0002859,EV-CONTRACT-2026-6177
PHO-000329,PHO-003399,EDGE-0002860,EV-CONTRACT-2026-9400
PHO-003204,PHO-004573,EDGE-0002861,EV-CONTRACT-2026-8055
PHO-000628,PHO-001608,EDGE-0002862,EV-CONTRACT-2026-1830
PHO-004961,PHO-003167,EDGE-0002863,EV-CONTRACT-2026-2253
PHO-001078,PHO-002960,EDGE-0002864,EV-CONTRACT-2026-8162
PHO-000045,PHO-000738,EDGE-0002865,EV-CONTRACT-2026-8415
PHO-004078,PHO-004782,EDGE-0002866,EV-CONTRACT-2026-3034
PHO-004477,PHO-000328,EDGE-0002867,EV-CONTRACT-2026-7037
PHO-001009,PHO-000106,EDGE-0002868,EV-CONTRACT-2026-1384
PHO-002974,PHO-004465,EDGE-0002869,EV-CONTRACT-2026-3969
PHO-001336,PHO-001079,EDGE-0002870,EV-CONTRACT-2026-7506
PHO-004952,PHO-003259,EDGE-0002871,EV-CONTRACT-2026-9578
PHO-001730,PHO-002839,EDGE-0002872,EV-CONTRACT-2026-8890
PHO-003884,PHO-003542,EDGE-0002873,EV-CONTRACT-2026-6839
PHO-004076,PHO-002596,EDGE-0002874,EV-CONTRACT-2026-6110
PHO-000384,PHO-000183,EDGE-0002875,EV-CONTRACT-2026-4050
PHO-000197,PHO-003312,EDGE-0002876,EV-CONTRACT-2026-5475
PHO-001614,PHO-000997,EDGE-0002877,EV-CONTRACT-2026-2522
PHO-001794,PHO-002699,EDGE-0002878,EV-CONTRACT-2026-8794
PHO-003963,PHO-003346,EDGE-0002879,EV-CONTRACT-2026-4681
PHO-004245,PHO-004934,EDGE-0002880,EV-CONTRACT-2026-9395
PHO-002231,PHO-001028,EDGE-0002881,EV-CONTRACT-2026-1101
PHO-002987,PHO-003376,EDGE-0002882,EV-CONTRACT-2026-3873
PHO-004442,PHO-003680,EDGE-0002883,EV-CONTRACT-2026-5422
PHO-001983,PHO-004772,EDGE-0002884,EV-CONTRACT-2026-7564
PHO-001644,PHO-004237,EDGE-0002885,EV-CONTRACT-2026-6623
PHO-002824,PHO-004320,EDGE-0002886,EV-CONTRACT-2026-7804
PHO-004227,PHO-001050,EDGE-0002887,EV-CONTRACT-2026-7542
PHO-000100,PHO-004353,EDGE-0002888,EV-CONTRACT-2026-9502
PHO-002689,PHO-000956,EDGE-0002889,EV-CONTRACT-2026-3013
PHO-003445,PHO-003144,EDGE-0002890,EV-CONTRACT-2026-3639
PHO-002257,PHO-000111,EDGE-0002891,EV-CONTRACT-2026-3592
PHO-004670,PHO-003935,EDGE-0002892,EV-CONTRACT-2026-8341
PHO-000191,PHO-001053,EDGE-0002893,EV-CONTRACT-2026-3079
PHO-003341,PHO-001095,EDGE-0002894,EV-CONTRACT-2026-4049
PHO-004077,PHO-004014,EDGE-0002895,EV-CONTRACT-2026-1903
PHO-004858,PHO-003091,EDGE-0002896,EV-CONTRACT-2026-5850
PHO-004341,PHO-003698,EDGE-0002897,EV-CONTRACT-2026-1130
PHO-002644,PHO-002274,EDGE-0002898,EV-CONTRACT-2026-8129
PHO-000845,PHO-000217,EDGE-0002899,EV-CONTRACT-2026-1779
PHO-000430,PHO-002678,EDGE-0002900,EV-CONTRACT-2026-4885
PHO-002835,PHO-003216,EDGE-0002901,EV-CONTRACT-2026-6781
PHO-002355,PHO-004040,EDGE-0002902,EV-CONTRACT-2026-5871
PHO-003512,PHO-003096,EDGE-0002903,EV-CONTRACT-2026-9490
PHO-001743,PHO-004076,EDGE-0002904,EV-CONTRACT-2026-3153
PHO-002391,PHO-004354,EDGE-0002905,EV-CONTRACT-2026-1091
PHO-003621,PHO-002600,EDGE-0002906,EV-CONTRACT-2026-3349
PHO-000596,PHO-001626,EDGE-0002907,EV-CONTRACT-2026-6789
PHO-002161,PHO-000552,EDGE-0002908,EV-CONTRACT-2026-9774
PHO-004227,PHO-001609,EDGE-0002909,EV-CONTRACT-2026-1762
PHO-004412,PHO-004187,EDGE-0002910,EV-CONTRACT-2026-3787
PHO-001923,PHO-004932,EDGE-0002911,EV-CONTRACT-2026-3080
PHO-002852,PHO-002369,EDGE-0002912,EV-CONTRACT-2026-6665
PHO-002870,PHO-003166,EDGE-0002913,EV-CONTRACT-2026-9770
PHO-003976,PHO-002496,EDGE-0002914,EV-CONTRACT-2026-8409
PHO-002913,PHO-000531,EDGE-0002915,EV-CONTRACT-2026-7927
PHO-004612,PHO-003406,EDGE-0002916,EV-CONTRACT-2026-5025
PHO-002158,PHO-004310,EDGE-0002917,EV-CONTRACT-2026-9962
PHO-000906,PHO-002189,EDGE-0002918,EV-CONTRACT-2026-8301
PHO-003663,PHO-001418,EDGE-0002919,EV-CONTRACT-2026-4359
PHO-000235,PHO-000342,EDGE-0002920,EV-CONTRACT-2026-2314
PHO-000740,PHO-002961,EDGE-0002921,EV-CONTRACT-2026-1583
PHO-001005,PHO-002231,EDGE-0002922,EV-CONTRACT-2026-7507
PHO-002181,PHO-001510,EDGE-0002923,EV-CONTRACT-2026-3858
PHO-002443,PHO-004939,EDGE-0002924,EV-CONTRACT-2026-5658
PHO-002387,PHO-000644,EDGE-0002925,EV-CONTRACT-2026-3997
PHO-002584,PHO-000007,EDGE-0002926,EV-CONTRACT-2026-2458
PHO-002872,PHO-003558,EDGE-0002927,EV-CONTRACT-2026-3941
PHO-002194,PHO-001650,EDGE-0002928,EV-CONTRACT-2026-2350
PHO-002981,PHO-000794,EDGE-0002929,EV-CONTRACT-2026-9601
PHO-003131,PHO-001116,EDGE-0002930,EV-CONTRACT-2026-7118
PHO-000205,PHO-001743,EDGE-0002931,EV-CONTRACT-2026-4035
PHO-004713,PHO-002459,EDGE-0002932,EV-CONTRACT-2026-2241
PHO-001732,PHO-003126,EDGE-0002933,EV-CONTRACT-2026-4566
PHO-004285,PHO-004019,EDGE-0002934,EV-CONTRACT-2026-1962
PHO-004230,PHO-003774,EDGE-0002935,EV-CONTRACT-2026-3579
PHO-002166,PHO-002046,EDGE-0002936,EV-CONTRACT-2026-5929
PHO-002984,PHO-001749,EDGE-0002937,EV-CONTRACT-2026-4656
PHO-003549,PHO-002160,EDGE-0002938,EV-CONTRACT-2026-8819
PHO-004951,PHO-001931,EDGE-0002939,EV-CONTRACT-2026-8368
PHO-004318,PHO-002060,EDGE-0002940,EV-CONTRACT-2026-2947
PHO-003384,PHO-001594,EDGE-0002941,EV-CONTRACT-2026-3693
PHO-003359,PHO-000352,EDGE-0002942,EV-CONTRACT-2026-6129
PHO-000069,PHO-004154,EDGE-0002943,EV-CONTRACT-2026-9166
PHO-003844,PHO-004465,EDGE-0002944,EV-CONTRACT-2026-6799
PHO-000395,PHO-001004,EDGE-0002945,EV-CONTRACT-2026-6893
PHO-003836,PHO-004662,EDGE-0002946,EV-CONTRACT-2026-1342
PHO-001722,PHO-003232,EDGE-0002947,EV-CONTRACT-2026-9709
PHO-002843,PHO-001629,EDGE-0002948,EV-CONTRACT-2026-6700
PHO-001247,PHO-000739,EDGE-0002949,EV-CONTRACT-2026-1355
PHO-003808,PHO-002089,EDGE-0002950,EV-CONTRACT-2026-6373
PHO-002143,PHO-002809,EDGE-0002951,EV-CONTRACT-2026-5655
PHO-001370,PHO-001253,EDGE-0002952,EV-CONTRACT-2026-2703
PHO-002507,PHO-002873,EDGE-0002953,EV-CONTRACT-2026-8537
PHO-000054,PHO-004204,EDGE-0002954,EV-CONTRACT-2026-8891
PHO-000596,PHO-003785,EDGE-0002955,EV-CONTRACT-2026-1545
PHO-004141,PHO-004103,EDGE-0002956,EV-CONTRACT-2026-4026
PHO-004337,PHO-000541,EDGE-0002957,EV-CONTRACT-2026-8086
PHO-001015,PHO-000219,EDGE-0002958,EV-CONTRACT-2026-3760
PHO-002147,PHO-004530,EDGE-0002959,EV-CONTRACT-2026-7205
PHO-002659,PHO-000622,EDGE-0002960,EV-CONTRACT-2026-6294
PHO-004043,PHO-002209,EDGE-0002961,EV-CONTRACT-2026-5898
PHO-004968,PHO-003529,EDGE-0002962,EV-CONTRACT-2026-4023
PHO-003001,PHO-000083,EDGE-0002963,EV-CONTRACT-2026-9667
PHO-001036,PHO-002286,EDGE-0002964,EV-CONTRACT-2026-3485
PHO-001701,PHO-001208,EDGE-0002965,EV-CONTRACT-2026-6029
PHO-004499,PHO-001223,EDGE-0002966,EV-CONTRACT-2026-6663
PHO-000054,PHO-003152,EDGE-0002967,EV-CONTRACT-2026-8988
PHO-004758,PHO-001254,EDGE-0002968,EV-CONTRACT-2026-2184
PHO-001037,PHO-003693,EDGE-0002969,EV-CONTRACT-2026-1849
PHO-000499,PHO-003101,EDGE-0002970,EV-CONTRACT-2026-8957
PHO-003905,PHO-002177,EDGE-0002971,EV-CONTRACT-2026-1681
PHO-002878,PHO-001946,EDGE-0002972,EV-CONTRACT-2026-1343
PHO-000028,PHO-004543,EDGE-0002973,EV-CONTRACT-2026-4282
PHO-002713,PHO-001937,EDGE-0002974,EV-CONTRACT-2026-1154
PHO-000646,PHO-000608,EDGE-0002975,EV-CONTRACT-2026-8911
PHO-001149,PHO-003207,EDGE-0002976,EV-CONTRACT-2026-8316
PHO-000211,PHO-004760,EDGE-0002977,EV-CONTRACT-2026-2305
PHO-002850,PHO-000777,EDGE-0002978,EV-CONTRACT-2026-1680
PHO-004195,PHO-003328,EDGE-0002979,EV-CONTRACT-2026-1666
PHO-002235,PHO-002715,EDGE-0002980,EV-CONTRACT-2026-7828
PHO-003656,PHO-003301,EDGE-0002981,EV-CONTRACT-2026-9033
PHO-000806,PHO-001243,EDGE-0002982,EV-CONTRACT-2026-8056
PHO-000678,PHO-004689,EDGE-0002983,EV-CONTRACT-2026-2495
PHO-001551,PHO-000107,EDGE-0002984,EV-CONTRACT-2026-8983
PHO-002649,PHO-002682,EDGE-0002985,EV-CONTRACT-2026-7447
PHO-001424,PHO-000235,EDGE-0002986,EV-CONTRACT-2026-2266
PHO-001802,PHO-000367,EDGE-0002987,EV-CONTRACT-2026-3492
PHO-000210,PHO-003628,EDGE-0002988,EV-CONTRACT-2026-3699
PHO-001626,PHO-004185,EDGE-0002989,EV-CONTRACT-2026-4163
PHO-003749,PHO-004028,EDGE-0002990,EV-CONTRACT-2026-4828
PHO-000405,PHO-003305,EDGE-0002991,EV-CONTRACT-2026-2215
PHO-002481,PHO-003581,EDGE-0002992,EV-CONTRACT-2026-2293
PHO-004499,PHO-000679,EDGE-0002993,EV-CONTRACT-2026-9622
PHO-003333,PHO-001890,EDGE-0002994,EV-CONTRACT-2026-7228
PHO-003264,PHO-002532,EDGE-0002995,EV-CONTRACT-2026-2483
PHO-000141,PHO-003416,EDGE-0002996,EV-CONTRACT-2026-7864
PHO-000566,PHO-002655,EDGE-0002997,EV-CONTRACT-2026-7015
PHO-002754,PHO-002902,EDGE-0002998,EV-CONTRACT-2026-3318
PHO-003434,PHO-001885,EDGE-0002999,EV-CONTRACT-2026-3176
PHO-002684,PHO-004523,EDGE-0003000,EV-CONTRACT-2026-7788
PHO-000154,PHO-000201,EDGE-0003001,EV-CONTRACT-2026-1564
PHO-002404,PHO-001542,EDGE-0003002,EV-CONTRACT-2026-8574
PHO-003267,PHO-002628,EDGE-0003003,EV-CONTRACT-2026-9221
PHO-000917,PHO-002968,EDGE-0003004,EV-CONTRACT-2026-4235
PHO-000345,PHO-004098,EDGE-0003005,EV-CONTRACT-2026-9731
PHO-003443,PHO-000491,EDGE-0003006,EV-CONTRACT-2026-2465
PHO-003763,PHO-003209,EDGE-0003007,EV-CONTRACT-2026-8918
PHO-001963,PHO-004642,EDGE-0003008,EV-CONTRACT-2026-9009
PHO-003613,PHO-001217,EDGE-0003009,EV-CONTRACT-2026-1855
PHO-003586,PHO-004819,EDGE-0003010,EV-CONTRACT-2026-7752
PHO-002107,PHO-002356,EDGE-0003011,EV-CONTRACT-2026-3811
PHO-004557,PHO-001327,EDGE-0003012,EV-CONTRACT-2026-8978
PHO-000649,PHO-001680,EDGE-0003013,EV-CONTRACT-2026-7998
PHO-002650,PHO-003425,EDGE-0003014,EV-CONTRACT-2026-1339
PHO-004513,PHO-001459,EDGE-0003015,EV-CONTRACT-2026-9265
PHO-001282,PHO-001586,EDGE-0003016,EV-CONTRACT-2026-7431
PHO-000715,PHO-002928,EDGE-0003017,EV-CONTRACT-2026-9261
PHO-003215,PHO-002445,EDGE-0003018,EV-CONTRACT-2026-5290
PHO-001726,PHO-004880,EDGE-0003019,EV-CONTRACT-2026-2962
PHO-001314,PHO-001493,EDGE-0003020,EV-CONTRACT-2026-6946
PHO-001598,PHO-000345,EDGE-0003021,EV-CONTRACT-2026-4715
PHO-003621,PHO-001780,EDGE-0003022,EV-CONTRACT-2026-7222
PHO-002963,PHO-000856,EDGE-0003023,EV-CONTRACT-2026-3003
PHO-002675,PHO-000928,EDGE-0003024,EV-CONTRACT-2026-5115
PHO-000533,PHO-002248,EDGE-0003025,EV-CONTRACT-2026-6787
PHO-002961,PHO-003810,EDGE-0003026,EV-CONTRACT-2026-5046
PHO-002119,PHO-003640,EDGE-0003027,EV-CONTRACT-2026-9707
PHO-003462,PHO-003158,EDGE-0003028,EV-CONTRACT-2026-9357
PHO-001984,PHO-004570,EDGE-0003029,EV-CONTRACT-2026-6104
PHO-001959,PHO-003345,EDGE-0003030,EV-CONTRACT-2026-5605
PHO-002358,PHO-004467,EDGE-0003031,EV-CONTRACT-2026-4392
PHO-003753,PHO-003043,EDGE-0003032,EV-CONTRACT-2026-5986
PHO-003912,PHO-000249,EDGE-0003033,EV-CONTRACT-2026-4604
PHO-003384,PHO-003077,EDGE-0003034,EV-CONTRACT-2026-2331
PHO-003901,PHO-002239,EDGE-0003035,EV-CONTRACT-2026-9754
PHO-002306,PHO-004821,EDGE-0003036,EV-CONTRACT-2026-6819
PHO-001273,PHO-002277,EDGE-0003037,EV-CONTRACT-2026-8986
PHO-002234,PHO-003951,EDGE-0003038,EV-CONTRACT-2026-3297
PHO-001062,PHO-001080,EDGE-0003039,EV-CONTRACT-2026-9275
PHO-000699,PHO-000227,EDGE-0003040,EV-CONTRACT-2026-7105
PHO-003680,PHO-000957,EDGE-0003041,EV-CONTRACT-2026-8033
PHO-001636,PHO-000354,EDGE-0003042,EV-CONTRACT-2026-2962
PHO-000011,PHO-002861,EDGE-0003043,EV-CONTRACT-2026-8357
PHO-002867,PHO-004385,EDGE-0003044,EV-CONTRACT-2026-6999
PHO-002917,PHO-001537,EDGE-0003045,EV-CONTRACT-2026-3531
PHO-000407,PHO-000072,EDGE-0003046,EV-CONTRACT-2026-3370
PHO-003160,PHO-003158,EDGE-0003047,EV-CONTRACT-2026-6930
PHO-004687,PHO-001583,EDGE-0003048,EV-CONTRACT-2026-1464
PHO-000057,PHO-000784,EDGE-0003049,EV-CONTRACT-2026-7074
PHO-001744,PHO-004725,EDGE-0003050,EV-CONTRACT-2026-5532
PHO-000244,PHO-004176,EDGE-0003051,EV-CONTRACT-2026-2191
PHO-003864,PHO-000258,EDGE-0003052,EV-CONTRACT-2026-4197
PHO-000252,PHO-003631,EDGE-0003053,EV-CONTRACT-2026-5593
PHO-002729,PHO-000532,EDGE-0003054,EV-CONTRACT-2026-2015
PHO-004391,PHO-001325,EDGE-0003055,EV-CONTRACT-2026-1866
PHO-000141,PHO-000374,EDGE-0003056,EV-CONTRACT-2026-4145
PHO-002116,PHO-003067,EDGE-0003057,EV-CONTRACT-2026-6442
PHO-003162,PHO-004368,EDGE-0003058,EV-CONTRACT-2026-9585
PHO-004906,PHO-004582,EDGE-0003059,EV-CONTRACT-2026-8313
PHO-002678,PHO-004574,EDGE-0003060,EV-CONTRACT-2026-4043
PHO-003727,PHO-000043,EDGE-0003061,EV-CONTRACT-2026-2312
PHO-002826,PHO-004878,EDGE-0003062,EV-CONTRACT-2026-4369
PHO-000341,PHO-000758,EDGE-0003063,EV-CONTRACT-2026-7882
PHO-002737,PHO-003274,EDGE-0003064,EV-CONTRACT-2026-3223
PHO-002576,PHO-001079,EDGE-0003065,EV-CONTRACT-2026-3375
PHO-004598,PHO-002100,EDGE-0003066,EV-CONTRACT-2026-2391
PHO-004207,PHO-003734,EDGE-0003067,EV-CONTRACT-2026-5844
PHO-003579,PHO-000573,EDGE-0003068,EV-CONTRACT-2026-2534
PHO-003410,PHO-004828,EDGE-0003069,EV-CONTRACT-2026-1008
PHO-002519,PHO-001515,EDGE-0003070,EV-CONTRACT-2026-4284
PHO-001087,PHO-003013,EDGE-0003071,EV-CONTRACT-2026-2115
PHO-004778,PHO-001684,EDGE-0003072,EV-CONTRACT-2026-6937
PHO-000619,PHO-004963,EDGE-0003073,EV-CONTRACT-2026-5736
PHO-001242,PHO-000451,EDGE-0003074,EV-CONTRACT-2026-1255
PHO-000429,PHO-001241,EDGE-0003075,EV-CONTRACT-2026-8944
PHO-003908,PHO-002025,EDGE-0003076,EV-CONTRACT-2026-1206
PHO-003531,PHO-002358,EDGE-0003077,EV-CONTRACT-2026-3789
PHO-002020,PHO-001789,EDGE-0003078,EV-CONTRACT-2026-6674
PHO-004891,PHO-000983,EDGE-0003079,EV-CONTRACT-2026-9664
PHO-000964,PHO-000047,EDGE-0003080,EV-CONTRACT-2026-2754
PHO-001516,PHO-002337,EDGE-0003081,EV-CONTRACT-2026-8922
PHO-004290,PHO-003144,EDGE-0003082,EV-CONTRACT-2026-7906
PHO-004721,PHO-004657,EDGE-0003083,EV-CONTRACT-2026-5395
PHO-004696,PHO-002989,EDGE-0003084,EV-CONTRACT-2026-1765
PHO-004601,PHO-002641,EDGE-0003085,EV-CONTRACT-2026-1057
PHO-004782,PHO-001434,EDGE-0003086,EV-CONTRACT-2026-5299
PHO-003356,PHO-002470,EDGE-0003087,EV-CONTRACT-2026-8906
PHO-001880,PHO-001974,EDGE-0003088,EV-CONTRACT-2026-4549
PHO-002409,PHO-001554,EDGE-0003089,EV-CONTRACT-2026-8452
PHO-001842,PHO-003228,EDGE-0003090,EV-CONTRACT-2026-8729
PHO-002527,PHO-001767,EDGE-0003091,EV-CONTRACT-2026-5650
PHO-000320,PHO-001183,EDGE-0003092,EV-CONTRACT-2026-4345
PHO-002024,PHO-000072,EDGE-0003093,EV-CONTRACT-2026-2806
PHO-001104,PHO-003195,EDGE-0003094,EV-CONTRACT-2026-4169
PHO-003902,PHO-004527,EDGE-0003095,EV-CONTRACT-2026-5476
PHO-003898,PHO-001530,EDGE-0003096,EV-CONTRACT-2026-4392
PHO-004943,PHO-002202,EDGE-0003097,EV-CONTRACT-2026-9513
PHO-000071,PHO-003136,EDGE-0003098,EV-CONTRACT-2026-9488
PHO-001912,PHO-000110,EDGE-0003099,EV-CONTRACT-2026-7184
PHO-004795,PHO-002627,EDGE-0003100,EV-CONTRACT-2026-1912
PHO-001304,PHO-004854,EDGE-0003101,EV-CONTRACT-2026-1686
PHO-001509,PHO-004335,EDGE-0003102,EV-CONTRACT-2026-5850
PHO-000756,PHO-003077,EDGE-0003103,EV-CONTRACT-2026-4011
PHO-002240,PHO-000476,EDGE-0003104,EV-CONTRACT-2026-3673
PHO-004542,PHO-001532,EDGE-0003105,EV-CONTRACT-2026-8930
PHO-004177,PHO-000187,EDGE-0003106,EV-CONTRACT-2026-1479
PHO-003464,PHO-002466,EDGE-0003107,EV-CONTRACT-2026-4802
PHO-001407,PHO-002722,EDGE-0003108,EV-CONTRACT-2026-3108
PHO-002565,PHO-000942,EDGE-0003109,EV-CONTRACT-2026-2061
PHO-000022,PHO-000911,EDGE-0003110,EV-CONTRACT-2026-5769
PHO-004927,PHO-001071,EDGE-0003111,EV-CONTRACT-2026-5403
PHO-002393,PHO-002776,EDGE-0003112,EV-CONTRACT-2026-2165
PHO-001532,PHO-002671,EDGE-0003113,EV-CONTRACT-2026-3994
PHO-002472,PHO-002126,EDGE-0003114,EV-CONTRACT-2026-6632
PHO-004395,PHO-004090,EDGE-0003115,EV-CONTRACT-2026-8588
PHO-001059,PHO-003987,EDGE-0003116,EV-CONTRACT-2026-9241
PHO-002756,PHO-000934,EDGE-0003117,EV-CONTRACT-2026-9190
PHO-003368,PHO-002260,EDGE-0003118,EV-CONTRACT-2026-2116
PHO-000242,PHO-002420,EDGE-0003119,EV-CONTRACT-2026-6977
PHO-003821,PHO-003228,EDGE-0003120,EV-CONTRACT-2026-9007
PHO-004084,PHO-003637,EDGE-0003121,EV-CONTRACT-2026-4865
PHO-002620,PHO-003347,EDGE-0003122,EV-CONTRACT-2026-9820
PHO-003717,PHO-003269,EDGE-0003123,EV-CONTRACT-2026-2613
PHO-002091,PHO-003351,EDGE-0003124,EV-CONTRACT-2026-3994
PHO-004445,PHO-002508,EDGE-0003125,EV-CONTRACT-2026-3815
PHO-003605,PHO-000512,EDGE-0003126,EV-CONTRACT-2026-3055
PHO-000334,PHO-001216,EDGE-0003127,EV-CONTRACT-2026-8727
PHO-003328,PHO-001519,EDGE-0003128,EV-CONTRACT-2026-4116
PHO-004640,PHO-003712,EDGE-0003129,EV-CONTRACT-2026-9419
PHO-003973,PHO-000294,EDGE-0003130,EV-CONTRACT-2026-2779
PHO-000871,PHO-004775,EDGE-0003131,EV-CONTRACT-2026-4480
PHO-003610,PHO-002820,EDGE-0003132,EV-CONTRACT-2026-6133
PHO-002600,PHO-001441,EDGE-0003133,EV-CONTRACT-2026-9996
PHO-000354,PHO-003541,EDGE-0003134,EV-CONTRACT-2026-5296
PHO-001675,PHO-000654,EDGE-0003135,EV-CONTRACT-2026-4606
PHO-004390,PHO-002395,EDGE-0003136,EV-CONTRACT-2026-3166
PHO-003617,PHO-003904,EDGE-0003137,EV-CONTRACT-2026-1616
PHO-002174,PHO-003968,EDGE-0003138,EV-CONTRACT-2026-5479
PHO-002274,PHO-001854,EDGE-0003139,EV-CONTRACT-2026-2858
PHO-003360,PHO-002658,EDGE-0003140,EV-CONTRACT-2026-5972
PHO-000197,PHO-002644,EDGE-0003141,EV-CONTRACT-2026-2566
PHO-000196,PHO-000531,EDGE-0003142,EV-CONTRACT-2026-9538
PHO-001322,PHO-000600,EDGE-0003143,EV-CONTRACT-2026-4580
PHO-000258,PHO-002720,EDGE-0003144,EV-CONTRACT-2026-7301
PHO-004118,PHO-003166,EDGE-0003145,EV-CONTRACT-2026-5365
PHO-001458,PHO-003457,EDGE-0003146,EV-CONTRACT-2026-3603
PHO-003444,PHO-000098,EDGE-0003147,EV-CONTRACT-2026-8629
PHO-004947,PHO-003976,EDGE-0003148,EV-CONTRACT-2026-2363
PHO-002591,PHO-004509,EDGE-0003149,EV-CONTRACT-2026-9012
PHO-000568,PHO-004236,EDGE-0003150,EV-CONTRACT-2026-2377
PHO-003348,PHO-000808,EDGE-0003151,EV-CONTRACT-2026-7033
PHO-001682,PHO-004571,EDGE-0003152,EV-CONTRACT-2026-8841
PHO-004681,PHO-003056,EDGE-0003153,EV-CONTRACT-2026-6284
PHO-003085,PHO-004801,EDGE-0003154,EV-CONTRACT-2026-8738
PHO-004550,PHO-004334,EDGE-0003155,EV-CONTRACT-2026-6929
PHO-001577,PHO-001688,EDGE-0003156,EV-CONTRACT-2026-6475
PHO-000903,PHO-000887,EDGE-0003157,EV-CONTRACT-2026-2807
PHO-000730,PHO-000483,EDGE-0003158,EV-CONTRACT-2026-5070
PHO-001699,PHO-003888,EDGE-0003159,EV-CONTRACT-2026-1210
PHO-000740,PHO-001774,EDGE-0003160,EV-CONTRACT-2026-4639
PHO-000551,PHO-000998,EDGE-0003161,EV-CONTRACT-2026-4396
PHO-001169,PHO-004333,EDGE-0003162,EV-CONTRACT-2026-6772
PHO-001097,PHO-002594,EDGE-0003163,EV-CONTRACT-2026-4962
PHO-002218,PHO-001621,EDGE-0003164,EV-CONTRACT-2026-8580
PHO-004037,PHO-000777,EDGE-0003165,EV-CONTRACT-2026-8690
PHO-000117,PHO-002969,EDGE-0003166,EV-CONTRACT-2026-5927
PHO-001482,PHO-004237,EDGE-0003167,EV-CONTRACT-2026-2257
PHO-000104,PHO-000981,EDGE-0003168,EV-CONTRACT-2026-7567
PHO-001680,PHO-004048,EDGE-0003169,EV-CONTRACT-2026-1077
PHO-002337,PHO-000759,EDGE-0003170,EV-CONTRACT-2026-4663
PHO-004215,PHO-004394,EDGE-0003171,EV-CONTRACT-2026-6204
PHO-003555,PHO-000617,EDGE-0003172,EV-CONTRACT-2026-8455
PHO-003531,PHO-001380,EDGE-0003173,EV-CONTRACT-2026-1423
PHO-001902,PHO-001224,EDGE-0003174,EV-CONTRACT-2026-7713
PHO-002017,PHO-004324,EDGE-0003175,EV-CONTRACT-2026-3628
PHO-004275,PHO-004181,EDGE-0003176,EV-CONTRACT-2026-8483
PHO-004679,PHO-000661,EDGE-0003177,EV-CONTRACT-2026-2104
PHO-004085,PHO-000474,EDGE-0003178,EV-CONTRACT-2026-2478
PHO-002782,PHO-000649,EDGE-0003179,EV-CONTRACT-2026-8589
PHO-000363,PHO-002200,EDGE-0003180,EV-CONTRACT-2026-6017
PHO-004507,PHO-002140,EDGE-0003181,EV-CONTRACT-2026-1549
PHO-004035,PHO-003015,EDGE-0003182,EV-CONTRACT-2026-7944
PHO-000841,PHO-000438,EDGE-0003183,EV-CONTRACT-2026-2258
PHO-004830,PHO-001733,EDGE-0003184,EV-CONTRACT-2026-3069
PHO-000419,PHO-004273,EDGE-0003185,EV-CONTRACT-2026-6153
PHO-000817,PHO-002433,EDGE-0003186,EV-CONTRACT-2026-3828
PHO-000216,PHO-003938,EDGE-0003187,EV-CONTRACT-2026-8694
PHO-003691,PHO-003880,EDGE-0003188,EV-CONTRACT-2026-6481
PHO-000508,PHO-003208,EDGE-0003189,EV-CONTRACT-2026-9087
PHO-002050,PHO-003180,EDGE-0003190,EV-CONTRACT-2026-8501
PHO-004670,PHO-001133,EDGE-0003191,EV-CONTRACT-2026-5617
PHO-002403,PHO-004893,EDGE-0003192,EV-CONTRACT-2026-8616
PHO-002786,PHO-004463,EDGE-0003193,EV-CONTRACT-2026-2900
PHO-001252,PHO-004241,EDGE-0003194,EV-CONTRACT-2026-7594
PHO-002553,PHO-001659,EDGE-0003195,EV-CONTRACT-2026-1023
PHO-004405,PHO-003071,EDGE-0003196,EV-CONTRACT-2026-2185
PHO-004211,PHO-000597,EDGE-0003197,EV-CONTRACT-2026-5046
PHO-001806,PHO-003121,EDGE-0003198,EV-CONTRACT-2026-1758
PHO-001298,PHO-000984,EDGE-0003199,EV-CONTRACT-2026-8590
PHO-004101,PHO-000134,EDGE-0003200,EV-CONTRACT-2026-8385
PHO-001180,PHO-001306,EDGE-0003201,EV-CONTRACT-2026-8414
PHO-000825,PHO-003673,EDGE-0003202,EV-CONTRACT-2026-4571
PHO-003938,PHO-001206,EDGE-0003203,EV-CONTRACT-2026-1650
PHO-002141,PHO-003996,EDGE-0003204,EV-CONTRACT-2026-4015
PHO-000845,PHO-004962,EDGE-0003205,EV-CONTRACT-2026-5207
PHO-003385,PHO-000488,EDGE-0003206,EV-CONTRACT-2026-7090
PHO-001133,PHO-003006,EDGE-0003207,EV-CONTRACT-2026-7855
PHO-002977,PHO-000992,EDGE-0003208,EV-CONTRACT-2026-2573
PHO-002169,PHO-004928,EDGE-0003209,EV-CONTRACT-2026-7833
PHO-002905,PHO-003469,EDGE-0003210,EV-CONTRACT-2026-8317
PHO-001916,PHO-002072,EDGE-0003211,EV-CONTRACT-2026-9146
PHO-000123,PHO-003055,EDGE-0003212,EV-CONTRACT-2026-3249
PHO-003901,PHO-002936,EDGE-0003213,EV-CONTRACT-2026-5987
PHO-002373,PHO-000109,EDGE-0003214,EV-CONTRACT-2026-5322
PHO-000280,PHO-001928,EDGE-0003215,EV-CONTRACT-2026-3004
PHO-003926,PHO-004967,EDGE-0003216,EV-CONTRACT-2026-9791
PHO-001320,PHO-001375,EDGE-0003217,EV-CONTRACT-2026-8699
PHO-004625,PHO-004425,EDGE-0003218,EV-CONTRACT-2026-7141
PHO-000369,PHO-002005,EDGE-0003219,EV-CONTRACT-2026-4126
PHO-004784,PHO-001816,EDGE-0003220,EV-CONTRACT-2026-7968
PHO-002711,PHO-001404,EDGE-0003221,EV-CONTRACT-2026-2201
PHO-001405,PHO-002448,EDGE-0003222,EV-CONTRACT-2026-5213
PHO-003371,PHO-002398,EDGE-0003223,EV-CONTRACT-2026-9770
PHO-002267,PHO-003299,EDGE-0003224,EV-CONTRACT-2026-6535
PHO-003835,PHO-000488,EDGE-0003225,EV-CONTRACT-2026-8167
PHO-001144,PHO-001184,EDGE-0003226,EV-CONTRACT-2026-5843
PHO-003281,PHO-004861,EDGE-0003227,EV-CONTRACT-2026-5819
PHO-002915,PHO-000088,EDGE-0003228,EV-CONTRACT-2026-3861
PHO-004904,PHO-000105,EDGE-0003229,EV-CONTRACT-2026-7181
PHO-002568,PHO-001901,EDGE-0003230,EV-CONTRACT-2026-8752
PHO-000394,PHO-001590,EDGE-0003231,EV-CONTRACT-2026-1129
PHO-002334,PHO-001662,EDGE-0003232,EV-CONTRACT-2026-8612
PHO-004250,PHO-004085,EDGE-0003233,EV-CONTRACT-2026-7650
PHO-000909,PHO-003506,EDGE-0003234,EV-CONTRACT-2026-1745
PHO-000472,PHO-002130,EDGE-0003235,EV-CONTRACT-2026-5508
PHO-003944,PHO-000468,EDGE-0003236,EV-CONTRACT-2026-7376
PHO-004438,PHO-001367,EDGE-0003237,EV-CONTRACT-2026-4710
PHO-002064,PHO-004114,EDGE-0003238,EV-CONTRACT-2026-2662
PHO-000612,PHO-000868,EDGE-0003239,EV-CONTRACT-2026-4209
PHO-000207,PHO-002337,EDGE-0003240,EV-CONTRACT-2026-5804
PHO-004245,PHO-000007,EDGE-0003241,EV-CONTRACT-2026-4484
PHO-001081,PHO-002006,EDGE-0003242,EV-CONTRACT-2026-7471
PHO-002674,PHO-003395,EDGE-0003243,EV-CONTRACT-2026-9228
PHO-002816,PHO-001690,EDGE-0003244,EV-CONTRACT-2026-3786
PHO-002630,PHO-002434,EDGE-0003245,EV-CONTRACT-2026-6298
PHO-002091,PHO-000836,EDGE-0003246,EV-CONTRACT-2026-5528
PHO-000542,PHO-004775,EDGE-0003247,EV-CONTRACT-2026-2678
PHO-002253,PHO-003678,EDGE-0003248,EV-CONTRACT-2026-1391
PHO-001985,PHO-001674,EDGE-0003249,EV-CONTRACT-2026-6821
PHO-003327,PHO-004876,EDGE-0003250,EV-CONTRACT-2026-8250
PHO-004441,PHO-004591,EDGE-0003251,EV-CONTRACT-2026-9111
PHO-001275,PHO-002453,EDGE-0003252,EV-CONTRACT-2026-2101
PHO-002167,PHO-002280,EDGE-0003253,EV-CONTRACT-2026-3895
PHO-004355,PHO-000236,EDGE-0003254,EV-CONTRACT-2026-6409
PHO-000193,PHO-000020,EDGE-0003255,EV-CONTRACT-2026-4186
PHO-004387,PHO-002294,EDGE-0003256,EV-CONTRACT-2026-9052
PHO-003164,PHO-002507,EDGE-0003257,EV-CONTRACT-2026-9300
PHO-000423,PHO-000500,EDGE-0003258,EV-CONTRACT-2026-7862
PHO-004889,PHO-001389,EDGE-0003259,EV-CONTRACT-2026-2414
PHO-004146,PHO-000129,EDGE-0003260,EV-CONTRACT-2026-7235
PHO-002552,PHO-003440,EDGE-0003261,EV-CONTRACT-2026-9850
PHO-002126,PHO-004490,EDGE-0003262,EV-CONTRACT-2026-7733
PHO-000762,PHO-003087,EDGE-0003263,EV-CONTRACT-2026-3826
PHO-004508,PHO-002081,EDGE-0003264,EV-CONTRACT-2026-6775
PHO-004317,PHO-002595,EDGE-0003265,EV-CONTRACT-2026-8718
PHO-000298,PHO-003666,EDGE-0003266,EV-CONTRACT-2026-2576
PHO-001220,PHO-002324,EDGE-0003267,EV-CONTRACT-2026-7045
PHO-000362,PHO-003264,EDGE-0003268,EV-CONTRACT-2026-4432
PHO-001570,PHO-002348,EDGE-0003269,EV-CONTRACT-2026-7049
PHO-000899,PHO-003873,EDGE-0003270,EV-CONTRACT-2026-3839
PHO-002506,PHO-000834,EDGE-0003271,EV-CONTRACT-2026-6715
PHO-004500,PHO-001233,EDGE-0003272,EV-CONTRACT-2026-6541
PHO-001852,PHO-002025,EDGE-0003273,EV-CONTRACT-2026-2047
PHO-004547,PHO-000928,EDGE-0003274,EV-CONTRACT-2026-6915
PHO-000479,PHO-004843,EDGE-0003275,EV-CONTRACT-2026-1132
PHO-002124,PHO-001308,EDGE-0003276,EV-CONTRACT-2026-5064
PHO-000685,PHO-004022,EDGE-0003277,EV-CONTRACT-2026-7992
PHO-002778,PHO-004162,EDGE-0003278,EV-CONTRACT-2026-3838
PHO-002166,PHO-003691,EDGE-0003279,EV-CONTRACT-2026-3092
PHO-000362,PHO-001153,EDGE-0003280,EV-CONTRACT-2026-4656
PHO-003053,PHO-002325,EDGE-0003281,EV-CONTRACT-2026-2595
PHO-003523,PHO-003014,EDGE-0003282,EV-CONTRACT-2026-6044
PHO-001336,PHO-003113,EDGE-0003283,EV-CONTRACT-2026-2823
PHO-001879,PHO-000156,EDGE-0003284,EV-CONTRACT-2026-7039
PHO-002341,PHO-003105,EDGE-0003285,EV-CONTRACT-2026-2901
PHO-003102,PHO-004309,EDGE-0003286,EV-CONTRACT-2026-2388
PHO-004667,PHO-003376,EDGE-0003287,EV-CONTRACT-2026-4663
PHO-002499,PHO-003720,EDGE-0003288,EV-CONTRACT-2026-1484
PHO-002326,PHO-004227,EDGE-0003289,EV-CONTRACT-2026-5453
PHO-001846,PHO-001956,EDGE-0003290,EV-CONTRACT-2026-9061
PHO-004225,PHO-003876,EDGE-0003291,EV-CONTRACT-2026-5672
PHO-002834,PHO-002817,EDGE-0003292,EV-CONTRACT-2026-1254
PHO-002721,PHO-004825,EDGE-0003293,EV-CONTRACT-2026-3014
PHO-004545,PHO-004110,EDGE-0003294,EV-CONTRACT-2026-9404
PHO-002566,PHO-002325,EDGE-0003295,EV-CONTRACT-2026-5153
PHO-001286,PHO-000837,EDGE-0003296,EV-CONTRACT-2026-3736
PHO-000250,PHO-003802,EDGE-0003297,EV-CONTRACT-2026-9185
PHO-003895,PHO-002433,EDGE-0003298,EV-CONTRACT-2026-4512
PHO-000388,PHO-001026,EDGE-0003299,EV-CONTRACT-2026-7564
PHO-000171,PHO-001496,EDGE-0003300,EV-CONTRACT-2026-8494
PHO-002436,PHO-000599,EDGE-0003301,EV-CONTRACT-2026-8625
PHO-001842,PHO-001801,EDGE-0003302,EV-CONTRACT-2026-8189
PHO-003271,PHO-002587,EDGE-0003303,EV-CONTRACT-2026-6296
PHO-002028,PHO-004450,EDGE-0003304,EV-CONTRACT-2026-9808
PHO-001430,PHO-002954,EDGE-0003305,EV-CONTRACT-2026-9934
PHO-004332,PHO-001995,EDGE-0003306,EV-CONTRACT-2026-9451
PHO-001717,PHO-001839,EDGE-0003307,EV-CONTRACT-2026-7796
PHO-003272,PHO-002097,EDGE-0003308,EV-CONTRACT-2026-5920
PHO-000920,PHO-003584,EDGE-0003309,EV-CONTRACT-2026-5008
PHO-004649,PHO-000956,EDGE-0003310,EV-CONTRACT-2026-2929
PHO-002852,PHO-001114,EDGE-0003311,EV-CONTRACT-2026-4395
PHO-004068,PHO-002773,EDGE-0003312,EV-CONTRACT-2026-2556
PHO-001997,PHO-001319,EDGE-0003313,EV-CONTRACT-2026-8915
PHO-001658,PHO-001701,EDGE-0003314,EV-CONTRACT-2026-6770
PHO-002729,PHO-003862,EDGE-0003315,EV-CONTRACT-2026-1592
PHO-003659,PHO-001495,EDGE-0003316,EV-CONTRACT-2026-9984
PHO-001373,PHO-001500,EDGE-0003317,EV-CONTRACT-2026-5138
PHO-004928,PHO-003085,EDGE-0003318,EV-CONTRACT-2026-4645
PHO-000663,PHO-002783,EDGE-0003319,EV-CONTRACT-2026-7717
PHO-000212,PHO-004515,EDGE-0003320,EV-CONTRACT-2026-4430
PHO-003599,PHO-003760,EDGE-0003321,EV-CONTRACT-2026-2933
PHO-000106,PHO-001709,EDGE-0003322,EV-CONTRACT-2026-9834
PHO-004495,PHO-003192,EDGE-0003323,EV-CONTRACT-2026-8530
PHO-002911,PHO-000909,EDGE-0003324,EV-CONTRACT-2026-5129
PHO-003670,PHO-004792,EDGE-0003325,EV-CONTRACT-2026-4376
PHO-000519,PHO-003685,EDGE-0003326,EV-CONTRACT-2026-9602
PHO-004199,PHO-001834,EDGE-0003327,EV-CONTRACT-2026-5101
PHO-000918,PHO-002559,EDGE-0003328,EV-CONTRACT-2026-5395
PHO-003123,PHO-002947,EDGE-0003329,EV-CONTRACT-2026-8072
PHO-002882,PHO-002252,EDGE-0003330,EV-CONTRACT-2026-7405
PHO-001749,PHO-001164,EDGE-0003331,EV-CONTRACT-2026-9475
PHO-000442,PHO-000490,EDGE-0003332,EV-CONTRACT-2026-5590
PHO-000778,PHO-002471,EDGE-0003333,EV-CONTRACT-2026-2419
PHO-000064,PHO-003220,EDGE-0003334,EV-CONTRACT-2026-1849
PHO-002749,PHO-000077,EDGE-0003335,EV-CONTRACT-2026-1109
PHO-003283,PHO-003059,EDGE-0003336,EV-CONTRACT-2026-1884
PHO-000814,PHO-002832,EDGE-0003337,EV-CONTRACT-2026-5916
PHO-004173,PHO-002725,EDGE-0003338,EV-CONTRACT-2026-8691
PHO-003616,PHO-002570,EDGE-0003339,EV-CONTRACT-2026-5569
PHO-003313,PHO-003460,EDGE-0003340,EV-CONTRACT-2026-9857
PHO-000671,PHO-004264,EDGE-0003341,EV-CONTRACT-2026-8969
PHO-000340,PHO-000168,EDGE-0003342,EV-CONTRACT-2026-1397
PHO-002414,PHO-003078,EDGE-0003343,EV-CONTRACT-2026-7774
PHO-001629,PHO-003021,EDGE-0003344,EV-CONTRACT-2026-5649
PHO-002405,PHO-002924,EDGE-0003345,EV-CONTRACT-2026-8054
PHO-002171,PHO-000025,EDGE-0003346,EV-CONTRACT-2026-9338
PHO-003961,PHO-004653,EDGE-0003347,EV-CONTRACT-2026-5454
PHO-000713,PHO-000166,EDGE-0003348,EV-CONTRACT-2026-8618
PHO-002224,PHO-003091,EDGE-0003349,EV-CONTRACT-2026-5578
PHO-000066,PHO-002705,EDGE-0003350,EV-CONTRACT-2026-2839
PHO-002678,PHO-004740,EDGE-0003351,EV-CONTRACT-2026-7878
PHO-004375,PHO-000549,EDGE-0003352,EV-CONTRACT-2026-1466
PHO-003753,PHO-004897,EDGE-0003353,EV-CONTRACT-2026-7534
PHO-003418,PHO-000158,EDGE-0003354,EV-CONTRACT-2026-7977
PHO-002271,PHO-003113,EDGE-0003355,EV-CONTRACT-2026-8258
PHO-003639,PHO-004671,EDGE-0003356,EV-CONTRACT-2026-6385
PHO-001123,PHO-004209,EDGE-0003357,EV-CONTRACT-2026-2787
PHO-003599,PHO-004250,EDGE-0003358,EV-CONTRACT-2026-1686
PHO-003747,PHO-001593,EDGE-0003359,EV-CONTRACT-2026-5165
PHO-001536,PHO-000955,EDGE-0003360,EV-CONTRACT-2026-6986
PHO-000469,PHO-004025,EDGE-0003361,EV-CONTRACT-2026-2555
PHO-004164,PHO-003514,EDGE-0003362,EV-CONTRACT-2026-9042
PHO-001576,PHO-000780,EDGE-0003363,EV-CONTRACT-2026-2226
PHO-003102,PHO-001739,EDGE-0003364,EV-CONTRACT-2026-9684
PHO-002834,PHO-003658,EDGE-0003365,EV-CONTRACT-2026-2446
PHO-000750,PHO-002970,EDGE-0003366,EV-CONTRACT-2026-6162
PHO-004842,PHO-002486,EDGE-0003367,EV-CONTRACT-2026-8841
PHO-000126,PHO-000157,EDGE-0003368,EV-CONTRACT-2026-3614
PHO-000701,PHO-002970,EDGE-0003369,EV-CONTRACT-2026-8405
PHO-000232,PHO-000066,EDGE-0003370,EV-CONTRACT-2026-8943
PHO-004078,PHO-001182,EDGE-0003371,EV-CONTRACT-2026-6219
PHO-004538,PHO-000546,EDGE-0003372,EV-CONTRACT-2026-3286
PHO-001528,PHO-003752,EDGE-0003373,EV-CONTRACT-2026-8288
PHO-002372,PHO-001329,EDGE-0003374,EV-CONTRACT-2026-6431
PHO-002550,PHO-004000,EDGE-0003375,EV-CONTRACT-2026-2848
PHO-001690,PHO-003182,EDGE-0003376,EV-CONTRACT-2026-6143
PHO-004951,PHO-001686,EDGE-0003377,EV-CONTRACT-2026-5576
PHO-000117,PHO-004740,EDGE-0003378,EV-CONTRACT-2026-5608
PHO-002008,PHO-001059,EDGE-0003379,EV-CONTRACT-2026-2924
PHO-001560,PHO-004457,EDGE-0003380,EV-CONTRACT-2026-3547
PHO-001829,PHO-004646,EDGE-0003381,EV-CONTRACT-2026-3309
PHO-002307,PHO-001028,EDGE-0003382,EV-CONTRACT-2026-8057
PHO-003731,PHO-003457,EDGE-0003383,EV-CONTRACT-2026-7942
PHO-001504,PHO-004537,EDGE-0003384,EV-CONTRACT-2026-7310
PHO-000217,PHO-003096,EDGE-0003385,EV-CONTRACT-2026-8607
PHO-001582,PHO-000416,EDGE-0003386,EV-CONTRACT-2026-1529
PHO-002009,PHO-002528,EDGE-0003387,EV-CONTRACT-2026-1836
PHO-004056,PHO-000836,EDGE-0003388,EV-CONTRACT-2026-3967
PHO-004234,PHO-004118,EDGE-0003389,EV-CONTRACT-2026-8075
PHO-002039,PHO-000621,EDGE-0003390,EV-CONTRACT-2026-1523
PHO-000229,PHO-004621,EDGE-0003391,EV-CONTRACT-2026-9452
PHO-001145,PHO-000694,EDGE-0003392,EV-CONTRACT-2026-2808
PHO-002408,PHO-000564,EDGE-0003393,EV-CONTRACT-2026-9040
PHO-004582,PHO-003655,EDGE-0003394,EV-CONTRACT-2026-1342
PHO-000136,PHO-003383,EDGE-0003395,EV-CONTRACT-2026-4900
PHO-001156,PHO-002591,EDGE-0003396,EV-CONTRACT-2026-8979
PHO-002401,PHO-004356,EDGE-0003397,EV-CONTRACT-2026-4771
PHO-001705,PHO-000558,EDGE-0003398,EV-CONTRACT-2026-9028
PHO-000326,PHO-001395,EDGE-0003399,EV-CONTRACT-2026-6183
PHO-000734,PHO-004348,EDGE-0003400,EV-CONTRACT-2026-1543
PHO-003129,PHO-004437,EDGE-0003401,EV-CONTRACT-2026-8488
PHO-003642,PHO-003560,EDGE-0003402,EV-CONTRACT-2026-1453
PHO-004690,PHO-001990,EDGE-0003403,EV-CONTRACT-2026-7777
PHO-000231,PHO-000318,EDGE-0003404,EV-CONTRACT-2026-6262
PHO-002948,PHO-003022,EDGE-0003405,EV-CONTRACT-2026-8078
PHO-001513,PHO-002647,EDGE-0003406,EV-CONTRACT-2026-3976
PHO-004162,PHO-003650,EDGE-0003407,EV-CONTRACT-2026-8744
PHO-000827,PHO-000926,EDGE-0003408,EV-CONTRACT-2026-7221
PHO-001896,PHO-000502,EDGE-0003409,EV-CONTRACT-2026-2848
PHO-002185,PHO-002920,EDGE-0003410,EV-CONTRACT-2026-2999
PHO-001633,PHO-001122,EDGE-0003411,EV-CONTRACT-2026-3544
PHO-004743,PHO-004077,EDGE-0003412,EV-CONTRACT-2026-3991
PHO-000448,PHO-004960,EDGE-0003413,EV-CONTRACT-2026-1292
PHO-002184,PHO-003039,EDGE-0003414,EV-CONTRACT-2026-1995
PHO-004348,PHO-000270,EDGE-0003415,EV-CONTRACT-2026-5864
PHO-000101,PHO-000546,EDGE-0003416,EV-CONTRACT-2026-9042
PHO-000010,PHO-001165,EDGE-0003417,EV-CONTRACT-2026-9585
PHO-004884,PHO-001613,EDGE-0003418,EV-CONTRACT-2026-7183
PHO-004082,PHO-004538,EDGE-0003419,EV-CONTRACT-2026-1461
PHO-004716,PHO-001915,EDGE-0003420,EV-CONTRACT-2026-3058
PHO-003265,PHO-001496,EDGE-0003421,EV-CONTRACT-2026-9290
PHO-004579,PHO-002134,EDGE-0003422,EV-CONTRACT-2026-6338
PHO-002913,PHO-002210,EDGE-0003423,EV-CONTRACT-2026-9951
PHO-001899,PHO-003991,EDGE-0003424,EV-CONTRACT-2026-5502
PHO-000534,PHO-002740,EDGE-0003425,EV-CONTRACT-2026-6226
PHO-001806,PHO-002856,EDGE-0003426,EV-CONTRACT-2026-1927
PHO-002132,PHO-000290,EDGE-0003427,EV-CONTRACT-2026-7623
PHO-003070,PHO-002881,EDGE-0003428,EV-CONTRACT-2026-9010
PHO-001699,PHO-001049,EDGE-0003429,EV-CONTRACT-2026-6771
PHO-000915,PHO-003789,EDGE-0003430,EV-CONTRACT-2026-8957
PHO-003068,PHO-001888,EDGE-0003431,EV-CONTRACT-2026-1506
PHO-001108,PHO-004343,EDGE-0003432,EV-CONTRACT-2026-3482
PHO-003999,PHO-002194,EDGE-0003433,EV-CONTRACT-2026-8709
PHO-004986,PHO-002796,EDGE-0003434,EV-CONTRACT-2026-6318
PHO-001310,PHO-004653,EDGE-0003435,EV-CONTRACT-2026-3166
PHO-001778,PHO-004424,EDGE-0003436,EV-CONTRACT-2026-2658
PHO-002984,PHO-003920,EDGE-0003437,EV-CONTRACT-2026-1914
PHO-003658,PHO-003818,EDGE-0003438,EV-CONTRACT-2026-4377
PHO-002334,PHO-003319,EDGE-0003439,EV-CONTRACT-2026-1126
PHO-001200,PHO-004547,EDGE-0003440,EV-CONTRACT-2026-1881
PHO-003394,PHO-000237,EDGE-0003441,EV-CONTRACT-2026-5115
PHO-002283,PHO-002689,EDGE-0003442,EV-CONTRACT-2026-8828
PHO-002605,PHO-000511,EDGE-0003443,EV-CONTRACT-2026-2367
PHO-003948,PHO-000052,EDGE-0003444,EV-CONTRACT-2026-1584
PHO-001698,PHO-001665,EDGE-0003445,EV-CONTRACT-2026-2276
PHO-002094,PHO-003376,EDGE-0003446,EV-CONTRACT-2026-7585
PHO-002188,PHO-001083,EDGE-0003447,EV-CONTRACT-2026-3414
PHO-004373,PHO-000929,EDGE-0003448,EV-CONTRACT-2026-3009
PHO-000958,PHO-001018,EDGE-0003449,EV-CONTRACT-2026-4002
PHO-002700,PHO-000373,EDGE-0003450,EV-CONTRACT-2026-4384
PHO-004970,PHO-002785,EDGE-0003451,EV-CONTRACT-2026-9390
PHO-003276,PHO-002793,EDGE-0003452,EV-CONTRACT-2026-6550
PHO-001007,PHO-001570,EDGE-0003453,EV-CONTRACT-2026-9399
PHO-003708,PHO-003065,EDGE-0003454,EV-CONTRACT-2026-3661
PHO-000494,PHO-000446,EDGE-0003455,EV-CONTRACT-2026-1478
PHO-004443,PHO-002970,EDGE-0003456,EV-CONTRACT-2026-2741
PHO-000355,PHO-004141,EDGE-0003457,EV-CONTRACT-2026-8100
PHO-002641,PHO-000972,EDGE-0003458,EV-CONTRACT-2026-4923
PHO-001717,PHO-003388,EDGE-0003459,EV-CONTRACT-2026-2402
PHO-001349,PHO-004575,EDGE-0003460,EV-CONTRACT-2026-3090
PHO-000145,PHO-004683,EDGE-0003461,EV-CONTRACT-2026-6026
PHO-003641,PHO-001938,EDGE-0003462,EV-CONTRACT-2026-4597
PHO-003672,PHO-003407,EDGE-0003463,EV-CONTRACT-2026-2673
PHO-004793,PHO-003561,EDGE-0003464,EV-CONTRACT-2026-1901
PHO-001725,PHO-003907,EDGE-0003465,EV-CONTRACT-2026-3715
PHO-000185,PHO-001392,EDGE-0003466,EV-CONTRACT-2026-7475
PHO-003347,PHO-004833,EDGE-0003467,EV-CONTRACT-2026-3506
PHO-004152,PHO-001015,EDGE-0003468,EV-CONTRACT-2026-9011
PHO-002900,PHO-002470,EDGE-0003469,EV-CONTRACT-2026-5243
PHO-004101,PHO-002957,EDGE-0003470,EV-CONTRACT-2026-2301
PHO-000864,PHO-002584,EDGE-0003471,EV-CONTRACT-2026-6361
PHO-001574,PHO-001753,EDGE-0003472,EV-CONTRACT-2026-4944
PHO-004615,PHO-000701,EDGE-0003473,EV-CONTRACT-2026-9782
PHO-004638,PHO-002566,EDGE-0003474,EV-CONTRACT-2026-6016
PHO-003082,PHO-000210,EDGE-0003475,EV-CONTRACT-2026-7820
PHO-001800,PHO-002598,EDGE-0003476,EV-CONTRACT-2026-4742
PHO-001052,PHO-002443,EDGE-0003477,EV-CONTRACT-2026-4668
PHO-004932,PHO-001394,EDGE-0003478,EV-CONTRACT-2026-4412
PHO-000903,PHO-001051,EDGE-0003479,EV-CONTRACT-2026-1070
PHO-003309,PHO-000650,EDGE-0003480,EV-CONTRACT-2026-4627
PHO-001783,PHO-004265,EDGE-0003481,EV-CONTRACT-2026-9141
PHO-000030,PHO-002886,EDGE-0003482,EV-CONTRACT-2026-9818
PHO-000748,PHO-003599,EDGE-0003483,EV-CONTRACT-2026-5537
PHO-002549,PHO-000776,EDGE-0003484,EV-CONTRACT-2026-7133
PHO-004018,PHO-004569,EDGE-0003485,EV-CONTRACT-2026-1630
PHO-000831,PHO-000731,EDGE-0003486,EV-CONTRACT-2026-7262
PHO-000877,PHO-001242,EDGE-0003487,EV-CONTRACT-2026-1997
PHO-004873,PHO-003883,EDGE-0003488,EV-CONTRACT-2026-5841
PHO-004370,PHO-002442,EDGE-0003489,EV-CONTRACT-2026-9042
PHO-001848,PHO-000633,EDGE-0003490,EV-CONTRACT-2026-7362
PHO-002198,PHO-001443,EDGE-0003491,EV-CONTRACT-2026-8844
PHO-001560,PHO-002674,EDGE-0003492,EV-CONTRACT-2026-9574
PHO-001405,PHO-004790,EDGE-0003493,EV-CONTRACT-2026-3620
PHO-004111,PHO-000026,EDGE-0003494,EV-CONTRACT-2026-1189
PHO-001578,PHO-004602,EDGE-0003495,EV-CONTRACT-2026-1110
PHO-001885,PHO-004096,EDGE-0003496,EV-CONTRACT-2026-4376
PHO-003175,PHO-001904,EDGE-0003497,EV-CONTRACT-2026-8869
PHO-001640,PHO-003256,EDGE-0003498,EV-CONTRACT-2026-6829
PHO-001918,PHO-001861,EDGE-0003499,EV-CONTRACT-2026-3779
PHO-004294,PHO-004396,EDGE-0003500,EV-CONTRACT-2026-4817
PHO-002432,PHO-002142,EDGE-0003501,EV-CONTRACT-2026-7717
PHO-004662,PHO-003095,EDGE-0003502,EV-CONTRACT-2026-7835
PHO-004810,PHO-004488,EDGE-0003503,EV-CONTRACT-2026-6632
PHO-004843,PHO-000058,EDGE-0003504,EV-CONTRACT-2026-1400
PHO-001866,PHO-002171,EDGE-0003505,EV-CONTRACT-2026-4097
PHO-003401,PHO-003817,EDGE-0003506,EV-CONTRACT-2026-6067
PHO-003918,PHO-002951,EDGE-0003507,EV-CONTRACT-2026-3987
PHO-001710,PHO-000993,EDGE-0003508,EV-CONTRACT-2026-9067
PHO-001377,PHO-002991,EDGE-0003509,EV-CONTRACT-2026-9386
PHO-003963,PHO-000290,EDGE-0003510,EV-CONTRACT-2026-5216
PHO-004121,PHO-002627,EDGE-0003511,EV-CONTRACT-2026-4730
PHO-004338,PHO-004190,EDGE-0003512,EV-CONTRACT-2026-3687
PHO-001985,PHO-004910,EDGE-0003513,EV-CONTRACT-2026-2713
PHO-001386,PHO-000787,EDGE-0003514,EV-CONTRACT-2026-3302
PHO-004367,PHO-004548,EDGE-0003515,EV-CONTRACT-2026-5583
PHO-000641,PHO-002376,EDGE-0003516,EV-CONTRACT-2026-4262
PHO-003928,PHO-004130,EDGE-0003517,EV-CONTRACT-2026-8710
PHO-003152,PHO-001803,EDGE-0003518,EV-CONTRACT-2026-7650
PHO-003877,PHO-002795,EDGE-0003519,EV-CONTRACT-2026-9006
PHO-000931,PHO-003313,EDGE-0003520,EV-CONTRACT-2026-3788
PHO-004647,PHO-001069,EDGE-0003521,EV-CONTRACT-2026-7942
PHO-000587,PHO-004769,EDGE-0003522,EV-CONTRACT-2026-8538
PHO-000604,PHO-002187,EDGE-0003523,EV-CONTRACT-2026-2477
PHO-004384,PHO-002270,EDGE-0003524,EV-CONTRACT-2026-9841
PHO-001072,PHO-000874,EDGE-0003525,EV-CONTRACT-2026-9065
PHO-002099,PHO-003224,EDGE-0003526,EV-CONTRACT-2026-4483
PHO-003158,PHO-000533,EDGE-0003527,EV-CONTRACT-2026-8920
PHO-002991,PHO-002597,EDGE-0003528,EV-CONTRACT-2026-5274
PHO-003717,PHO-004610,EDGE-0003529,EV-CONTRACT-2026-9426
PHO-002247,PHO-000066,EDGE-0003530,EV-CONTRACT-2026-3357
PHO-003160,PHO-004812,EDGE-0003531,EV-CONTRACT-2026-4134
PHO-003974,PHO-002024,EDGE-0003532,EV-CONTRACT-2026-4428
PHO-004204,PHO-004882,EDGE-0003533,EV-CONTRACT-2026-4786
PHO-003706,PHO-004744,EDGE-0003534,EV-CONTRACT-2026-4236
PHO-001817,PHO-002461,EDGE-0003535,EV-CONTRACT-2026-3575
PHO-001883,PHO-002261,EDGE-0003536,EV-CONTRACT-2026-1345
PHO-004345,PHO-000719,EDGE-0003537,EV-CONTRACT-2026-9247
PHO-004459,PHO-002447,EDGE-0003538,EV-CONTRACT-2026-7047
PHO-002947,PHO-003503,EDGE-0003539,EV-CONTRACT-2026-6113
PHO-002327,PHO-002874,EDGE-0003540,EV-CONTRACT-2026-1367
PHO-002281,PHO-000062,EDGE-0003541,EV-CONTRACT-2026-1351
PHO-001160,PHO-003064,EDGE-0003542,EV-CONTRACT-2026-4560
PHO-004155,PHO-003773,EDGE-0003543,EV-CONTRACT-2026-8128
PHO-004046,PHO-002241,EDGE-0003544,EV-CONTRACT-2026-9015
PHO-003892,PHO-004619,EDGE-0003545,EV-CONTRACT-2026-5333
PHO-000261,PHO-002445,EDGE-0003546,EV-CONTRACT-2026-6207
PHO-003438,PHO-001767,EDGE-0003547,EV-CONTRACT-2026-3743
PHO-003067,PHO-003116,EDGE-0003548,EV-CONTRACT-2026-3259
PHO-001329,PHO-000868,EDGE-0003549,EV-CONTRACT-2026-7126
PHO-003085,PHO-002847,EDGE-0003550,EV-CONTRACT-2026-2838
PHO-003471,PHO-002131,EDGE-0003551,EV-CONTRACT-2026-7052
PHO-004753,PHO-001410,EDGE-0003552,EV-CONTRACT-2026-6059
PHO-004107,PHO-003705,EDGE-0003553,EV-CONTRACT-2026-4637
PHO-001521,PHO-000693,EDGE-0003554,EV-CONTRACT-2026-1529
PHO-001064,PHO-003166,EDGE-0003555,EV-CONTRACT-2026-1569
PHO-002116,PHO-001755,EDGE-0003556,EV-CONTRACT-2026-5446
PHO-002800,PHO-003386,EDGE-0003557,EV-CONTRACT-2026-1309
PHO-000171,PHO-000614,EDGE-0003558,EV-CONTRACT-2026-9815
PHO-002735,PHO-000212,EDGE-0003559,EV-CONTRACT-2026-7476
PHO-004928,PHO-003205,EDGE-0003560,EV-CONTRACT-2026-6143
PHO-000522,PHO-004813,EDGE-0003561,EV-CONTRACT-2026-2073
PHO-001892,PHO-004507,EDGE-0003562,EV-CONTRACT-2026-9055
PHO-000555,PHO-001903,EDGE-0003563,EV-CONTRACT-2026-1752
PHO-003657,PHO-001430,EDGE-0003564,EV-CONTRACT-2026-2488
PHO-000559,PHO-004705,EDGE-0003565,EV-CONTRACT-2026-3890
PHO-001404,PHO-000053,EDGE-0003566,EV-CONTRACT-2026-9893
PHO-004849,PHO-001099,EDGE-0003567,EV-CONTRACT-2026-5665
PHO-001753,PHO-000300,EDGE-0003568,EV-CONTRACT-2026-7455
PHO-004895,PHO-001267,EDGE-0003569,EV-CONTRACT-2026-5343
PHO-001295,PHO-004839,EDGE-0003570,EV-CONTRACT-2026-4108
PHO-003771,PHO-004885,EDGE-0003571,EV-CONTRACT-2026-5080
PHO-000256,PHO-000886,EDGE-0003572,EV-CONTRACT-2026-7818
PHO-004004,PHO-001921,EDGE-0003573,EV-CONTRACT-2026-5676
PHO-003499,PHO-004392,EDGE-0003574,EV-CONTRACT-2026-3297
PHO-001073,PHO-000773,EDGE-0003575,EV-CONTRACT-2026-5338
PHO-001110,PHO-000888,EDGE-0003576,EV-CONTRACT-2026-4928
PHO-000290,PHO-003509,EDGE-0003577,EV-CONTRACT-2026-9439
PHO-004733,PHO-003250,EDGE-0003578,EV-CONTRACT-2026-7059
PHO-003952,PHO-000574,EDGE-0003579,EV-CONTRACT-2026-3581
PHO-000265,PHO-001900,EDGE-0003580,EV-CONTRACT-2026-3924
PHO-001817,PHO-002565,EDGE-0003581,EV-CONTRACT-2026-9460
PHO-002824,PHO-001709,EDGE-0003582,EV-CONTRACT-2026-3991
PHO-003177,PHO-001894,EDGE-0003583,EV-CONTRACT-2026-5859
PHO-004967,PHO-002114,EDGE-0003584,EV-CONTRACT-2026-9329
PHO-001689,PHO-004128,EDGE-0003585,EV-CONTRACT-2026-2732
PHO-001968,PHO-001829,EDGE-0003586,EV-CONTRACT-2026-3837
PHO-000427,PHO-004620,EDGE-0003587,EV-CONTRACT-2026-6668
PHO-000243,PHO-002188,EDGE-0003588,EV-CONTRACT-2026-9997
PHO-004602,PHO-000927,EDGE-0003589,EV-CONTRACT-2026-9539
PHO-002835,PHO-000016,EDGE-0003590,EV-CONTRACT-2026-8445
PHO-000084,PHO-000799,EDGE-0003591,EV-CONTRACT-2026-1813
PHO-001311,PHO-003863,EDGE-0003592,EV-CONTRACT-2026-2743
PHO-002677,PHO-003464,EDGE-0003593,EV-CONTRACT-2026-8248
PHO-003839,PHO-004562,EDGE-0003594,EV-CONTRACT-2026-4343
PHO-000507,PHO-004394,EDGE-0003595,EV-CONTRACT-2026-4842
PHO-000217,PHO-000213,EDGE-0003596,EV-CONTRACT-2026-2446
PHO-002772,PHO-004274,EDGE-0003597,EV-CONTRACT-2026-2359
PHO-001976,PHO-000532,EDGE-0003598,EV-CONTRACT-2026-3043
PHO-002962,PHO-002525,EDGE-0003599,EV-CONTRACT-2026-9969
PHO-001913,PHO-002004,EDGE-0003600,EV-CONTRACT-2026-3217
PHO-003865,PHO-002053,EDGE-0003601,EV-CONTRACT-2026-8407
PHO-000962,PHO-001491,EDGE-0003602,EV-CONTRACT-2026-2893
PHO-003167,PHO-002499,EDGE-0003603,EV-CONTRACT-2026-9922
PHO-001824,PHO-004552,EDGE-0003604,EV-CONTRACT-2026-5378
PHO-002741,PHO-002672,EDGE-0003605,EV-CONTRACT-2026-5979
PHO-002079,PHO-001846,EDGE-0003606,EV-CONTRACT-2026-5835
PHO-003301,PHO-002640,EDGE-0003607,EV-CONTRACT-2026-3117
PHO-004425,PHO-003650,EDGE-0003608,EV-CONTRACT-2026-3057
PHO-001476,PHO-003629,EDGE-0003609,EV-CONTRACT-2026-6923
PHO-000186,PHO-002159,EDGE-0003610,EV-CONTRACT-2026-7953
PHO-004761,PHO-001896,EDGE-0003611,EV-CONTRACT-2026-5757
PHO-004708,PHO-004456,EDGE-0003612,EV-CONTRACT-2026-4971
PHO-004423,PHO-004950,EDGE-0003613,EV-CONTRACT-2026-8709
PHO-003403,PHO-004707,EDGE-0003614,EV-CONTRACT-2026-8509
PHO-002159,PHO-004831,EDGE-0003615,EV-CONTRACT-2026-8160
PHO-000306,PHO-004874,EDGE-0003616,EV-CONTRACT-2026-3647
PHO-002108,PHO-003529,EDGE-0003617,EV-CONTRACT-2026-5385
PHO-000669,PHO-004838,EDGE-0003618,EV-CONTRACT-2026-8008
PHO-001941,PHO-000447,EDGE-0003619,EV-CONTRACT-2026-8280
PHO-000202,PHO-002357,EDGE-0003620,EV-CONTRACT-2026-5921
PHO-004378,PHO-001657,EDGE-0003621,EV-CONTRACT-2026-3231
PHO-004572,PHO-001101,EDGE-0003622,EV-CONTRACT-2026-1883
PHO-000640,PHO-004912,EDGE-0003623,EV-CONTRACT-2026-6471
PHO-001171,PHO-000454,EDGE-0003624,EV-CONTRACT-2026-2323
PHO-000788,PHO-000838,EDGE-0003625,EV-CONTRACT-2026-1038
PHO-000716,PHO-002400,EDGE-0003626,EV-CONTRACT-2026-2562
PHO-003081,PHO-002452,EDGE-0003627,EV-CONTRACT-2026-3250
PHO-000829,PHO-002802,EDGE-0003628,EV-CONTRACT-2026-1589
PHO-002567,PHO-002084,EDGE-0003629,EV-CONTRACT-2026-6364
PHO-004268,PHO-003182,EDGE-0003630,EV-CONTRACT-2026-9876
PHO-001870,PHO-004983,EDGE-0003631,EV-CONTRACT-2026-5372
PHO-003117,PHO-003400,EDGE-0003632,EV-CONTRACT-2026-5558
PHO-003674,PHO-002998,EDGE-0003633,EV-CONTRACT-2026-1987
PHO-001953,PHO-002593,EDGE-0003634,EV-CONTRACT-2026-4691
PHO-001453,PHO-000627,EDGE-0003635,EV-CONTRACT-2026-1553
PHO-003696,PHO-001573,EDGE-0003636,EV-CONTRACT-2026-3497
PHO-004908,PHO-004118,EDGE-0003637,EV-CONTRACT-2026-1440
PHO-000698,PHO-002560,EDGE-0003638,EV-CONTRACT-2026-1358
PHO-004000,PHO-000984,EDGE-0003639,EV-CONTRACT-2026-2853
PHO-002931,PHO-002011,EDGE-0003640,EV-CONTRACT-2026-7089
PHO-002946,PHO-002683,EDGE-0003641,EV-CONTRACT-2026-1134
PHO-003997,PHO-002765,EDGE-0003642,EV-CONTRACT-2026-5683
PHO-002140,PHO-002770,EDGE-0003643,EV-CONTRACT-2026-9942
PHO-002907,PHO-001573,EDGE-0003644,EV-CONTRACT-2026-2993
PHO-004084,PHO-000562,EDGE-0003645,EV-CONTRACT-2026-6104
PHO-002671,PHO-004542,EDGE-0003646,EV-CONTRACT-2026-3042
PHO-002692,PHO-003451,EDGE-0003647,EV-CONTRACT-2026-1672
PHO-004919,PHO-002413,EDGE-0003648,EV-CONTRACT-2026-7606
PHO-002394,PHO-003794,EDGE-0003649,EV-CONTRACT-2026-8206
PHO-002140,PHO-003419,EDGE-0003650,EV-CONTRACT-2026-1337
PHO-004151,PHO-000840,EDGE-0003651,EV-CONTRACT-2026-9409
PHO-001930,PHO-003832,EDGE-0003652,EV-CONTRACT-2026-5904
PHO-002744,PHO-003544,EDGE-0003653,EV-CONTRACT-2026-6581
PHO-002772,PHO-001813,EDGE-0003654,EV-CONTRACT-2026-5388
PHO-003184,PHO-001784,EDGE-0003655,EV-CONTRACT-2026-2388
PHO-000720,PHO-001257,EDGE-0003656,EV-CONTRACT-2026-6404
PHO-000603,PHO-004983,EDGE-0003657,EV-CONTRACT-2026-6803
PHO-000930,PHO-004996,EDGE-0003658,EV-CONTRACT-2026-1314
PHO-004814,PHO-001058,EDGE-0003659,EV-CONTRACT-2026-8072
PHO-000204,PHO-001509,EDGE-0003660,EV-CONTRACT-2026-2956
PHO-001617,PHO-001646,EDGE-0003661,EV-CONTRACT-2026-1105
PHO-002157,PHO-004748,EDGE-0003662,EV-CONTRACT-2026-2288
PHO-000396,PHO-003226,EDGE-0003663,EV-CONTRACT-2026-2462
PHO-003749,PHO-002352,EDGE-0003664,EV-CONTRACT-2026-5794
PHO-004864,PHO-003217,EDGE-0003665,EV-CONTRACT-2026-9021
PHO-002242,PHO-003203,EDGE-0003666,EV-CONTRACT-2026-4426
PHO-002450,PHO-001280,EDGE-0003667,EV-CONTRACT-2026-4702
PHO-003803,PHO-000338,EDGE-0003668,EV-CONTRACT-2026-3819
PHO-004793,PHO-002107,EDGE-0003669,EV-CONTRACT-2026-5854
PHO-003877,PHO-000030,EDGE-0003670,EV-CONTRACT-2026-5333
PHO-001851,PHO-002498,EDGE-0003671,EV-CONTRACT-2026-3058
PHO-002293,PHO-000227,EDGE-0003672,EV-CONTRACT-2026-5617
PHO-004448,PHO-004325,EDGE-0003673,EV-CONTRACT-2026-3473
PHO-002585,PHO-003905,EDGE-0003674,EV-CONTRACT-2026-3902
PHO-004095,PHO-001484,EDGE-0003675,EV-CONTRACT-2026-3860
PHO-003112,PHO-000986,EDGE-0003676,EV-CONTRACT-2026-5143
PHO-004733,PHO-004513,EDGE-0003677,EV-CONTRACT-2026-5050
PHO-004008,PHO-001095,EDGE-0003678,EV-CONTRACT-2026-5688
PHO-004852,PHO-001118,EDGE-0003679,EV-CONTRACT-2026-2947
PHO-002511,PHO-003193,EDGE-0003680,EV-CONTRACT-2026-1725
PHO-003238,PHO-001778,EDGE-0003681,EV-CONTRACT-2026-7353
PHO-001484,PHO-000169,EDGE-0003682,EV-CONTRACT-2026-3777
PHO-003397,PHO-001517,EDGE-0003683,EV-CONTRACT-2026-9969
PHO-002318,PHO-003177,EDGE-0003684,EV-CONTRACT-2026-7551
PHO-001427,PHO-001477,EDGE-0003685,EV-CONTRACT-2026-2832
PHO-002453,PHO-003471,EDGE-0003686,EV-CONTRACT-2026-6057
PHO-002554,PHO-003334,EDGE-0003687,EV-CONTRACT-2026-9244
PHO-001675,PHO-003485,EDGE-0003688,EV-CONTRACT-2026-2836
PHO-001715,PHO-001230,EDGE-0003689,EV-CONTRACT-2026-2137
PHO-001124,PHO-001452,EDGE-0003690,EV-CONTRACT-2026-6784
PHO-000569,PHO-002067,EDGE-0003691,EV-CONTRACT-2026-1850
PHO-003841,PHO-001627,EDGE-0003692,EV-CONTRACT-2026-2819
PHO-002627,PHO-002390,EDGE-0003693,EV-CONTRACT-2026-7686
PHO-002223,PHO-000784,EDGE-0003694,EV-CONTRACT-2026-6307
PHO-004395,PHO-001598,EDGE-0003695,EV-CONTRACT-2026-1254
PHO-003354,PHO-001033,EDGE-0003696,EV-CONTRACT-2026-6290
PHO-000735,PHO-002858,EDGE-0003697,EV-CONTRACT-2026-1969
PHO-000715,PHO-000686,EDGE-0003698,EV-CONTRACT-2026-3701
PHO-004109,PHO-003756,EDGE-0003699,EV-CONTRACT-2026-1178
PHO-002883,PHO-000844,EDGE-0003700,EV-CONTRACT-2026-6453
PHO-004813,PHO-001619,EDGE-0003701,EV-CONTRACT-2026-2462
PHO-003378,PHO-004158,EDGE-0003702,EV-CONTRACT-2026-4821
PHO-003264,PHO-003473,EDGE-0003703,EV-CONTRACT-2026-4862
PHO-002145,PHO-000307,EDGE-0003704,EV-CONTRACT-2026-2780
PHO-001654,PHO-003814,EDGE-0003705,EV-CONTRACT-2026-9159
PHO-002951,PHO-000553,EDGE-0003706,EV-CONTRACT-2026-3645
PHO-002737,PHO-001671,EDGE-0003707,EV-CONTRACT-2026-1549
PHO-003764,PHO-001484,EDGE-0003708,EV-CONTRACT-2026-9846
PHO-000538,PHO-003315,EDGE-0003709,EV-CONTRACT-2026-2444
PHO-002107,PHO-003543,EDGE-0003710,EV-CONTRACT-2026-7214
PHO-000509,PHO-000311,EDGE-0003711,EV-CONTRACT-2026-6167
PHO-002596,PHO-003620,EDGE-0003712,EV-CONTRACT-2026-3930
PHO-002908,PHO-001740,EDGE-0003713,EV-CONTRACT-2026-1673
PHO-001489,PHO-001931,EDGE-0003714,EV-CONTRACT-2026-9038
PHO-003729,PHO-002491,EDGE-0003715,EV-CONTRACT-2026-9603
PHO-000469,PHO-002466,EDGE-0003716,EV-CONTRACT-2026-4714
PHO-000531,PHO-000582,EDGE-0003717,EV-CONTRACT-2026-2746
PHO-001686,PHO-001275,EDGE-0003718,EV-CONTRACT-2026-3851
PHO-003216,PHO-001956,EDGE-0003719,EV-CONTRACT-2026-2205
PHO-001071,PHO-003987,EDGE-0003720,EV-CONTRACT-2026-8164
PHO-004538,PHO-001218,EDGE-0003721,EV-CONTRACT-2026-6642
PHO-003475,PHO-003771,EDGE-0003722,EV-CONTRACT-2026-5471
PHO-004044,PHO-001817,EDGE-0003723,EV-CONTRACT-2026-2005
PHO-001913,PHO-000628,EDGE-0003724,EV-CONTRACT-2026-8952
PHO-004204,PHO-004566,EDGE-0003725,EV-CONTRACT-2026-4509
PHO-003789,PHO-004110,EDGE-0003726,EV-CONTRACT-2026-7135
PHO-000846,PHO-001224,EDGE-0003727,EV-CONTRACT-2026-4839
PHO-000802,PHO-003964,EDGE-0003728,EV-CONTRACT-2026-2268
PHO-000380,PHO-001937,EDGE-0003729,EV-CONTRACT-2026-4158
PHO-004330,PHO-004405,EDGE-0003730,EV-CONTRACT-2026-4150
PHO-002006,PHO-004788,EDGE-0003731,EV-CONTRACT-2026-4694
PHO-000581,PHO-000325,EDGE-0003732,EV-CONTRACT-2026-9373
PHO-001193,PHO-004565,EDGE-0003733,EV-CONTRACT-2026-1605
PHO-000611,PHO-003947,EDGE-0003734,EV-CONTRACT-2026-4497
PHO-000289,PHO-003421,EDGE-0003735,EV-CONTRACT-2026-7636
PHO-002526,PHO-002175,EDGE-0003736,EV-CONTRACT-2026-5568
PHO-001749,PHO-000973,EDGE-0003737,EV-CONTRACT-2026-3683
PHO-001960,PHO-000435,EDGE-0003738,EV-CONTRACT-2026-9089
PHO-004370,PHO-002714,EDGE-0003739,EV-CONTRACT-2026-7913
PHO-000153,PHO-004201,EDGE-0003740,EV-CONTRACT-2026-9218
PHO-004516,PHO-003534,EDGE-0003741,EV-CONTRACT-2026-7840
PHO-003639,PHO-002680,EDGE-0003742,EV-CONTRACT-2026-2812
PHO-003844,PHO-001573,EDGE-0003743,EV-CONTRACT-2026-5317
PHO-004725,PHO-000437,EDGE-0003744,EV-CONTRACT-2026-8589
PHO-004479,PHO-003911,EDGE-0003745,EV-CONTRACT-2026-1468
PHO-001596,PHO-001205,EDGE-0003746,EV-CONTRACT-2026-2333
PHO-004885,PHO-004170,EDGE-0003747,EV-CONTRACT-2026-9497
PHO-001608,PHO-002369,EDGE-0003748,EV-CONTRACT-2026-6265
PHO-001644,PHO-000799,EDGE-0003749,EV-CONTRACT-2026-9264
PHO-000005,PHO-000783,EDGE-0003750,EV-CONTRACT-2026-2421
PHO-004362,PHO-003862,EDGE-0003751,EV-CONTRACT-2026-1845
PHO-004242,PHO-001546,EDGE-0003752,EV-CONTRACT-2026-2822
PHO-000137,PHO-000840,EDGE-0003753,EV-CONTRACT-2026-7231
PHO-000781,PHO-002352,EDGE-0003754,EV-CONTRACT-2026-1026
PHO-002204,PHO-001188,EDGE-0003755,EV-CONTRACT-2026-2528
PHO-001466,PHO-002891,EDGE-0003756,EV-CONTRACT-2026-8840
PHO-000311,PHO-003693,EDGE-0003757,EV-CONTRACT-2026-4698
PHO-000987,PHO-004110,EDGE-0003758,EV-CONTRACT-2026-5148
PHO-001660,PHO-004002,EDGE-0003759,EV-CONTRACT-2026-7725
PHO-003860,PHO-003449,EDGE-0003760,EV-CONTRACT-2026-9218
PHO-002488,PHO-003097,EDGE-0003761,EV-CONTRACT-2026-5587
PHO-004268,PHO-003195,EDGE-0003762,EV-CONTRACT-2026-1631
PHO-001940,PHO-002947,EDGE-0003763,EV-CONTRACT-2026-4684
PHO-002230,PHO-004550,EDGE-0003764,EV-CONTRACT-2026-2457
PHO-002302,PHO-003275,EDGE-0003765,EV-CONTRACT-2026-5334
PHO-004586,PHO-002148,EDGE-0003766,EV-CONTRACT-2026-6583
PHO-002649,PHO-002933,EDGE-0003767,EV-CONTRACT-2026-4659
PHO-003207,PHO-003426,EDGE-0003768,EV-CONTRACT-2026-1306
PHO-003908,PHO-001088,EDGE-0003769,EV-CONTRACT-2026-7320
PHO-004578,PHO-003232,EDGE-0003770,EV-CONTRACT-2026-8609
PHO-003255,PHO-004124,EDGE-0003771,EV-CONTRACT-2026-9964
PHO-000342,PHO-000335,EDGE-0003772,EV-CONTRACT-2026-3776
PHO-001530,PHO-003240,EDGE-0003773,EV-CONTRACT-2026-9475
PHO-002650,PHO-003760,EDGE-0003774,EV-CONTRACT-2026-3744
PHO-001194,PHO-000104,EDGE-0003775,EV-CONTRACT-2026-5381
PHO-001739,PHO-004077,EDGE-0003776,EV-CONTRACT-2026-1781
PHO-004002,PHO-003972,EDGE-0003777,EV-CONTRACT-2026-8402
PHO-000469,PHO-002317,EDGE-0003778,EV-CONTRACT-2026-1832
PHO-000446,PHO-001347,EDGE-0003779,EV-CONTRACT-2026-3308
PHO-000513,PHO-002006,EDGE-0003780,EV-CONTRACT-2026-5001
PHO-002396,PHO-003099,EDGE-0003781,EV-CONTRACT-2026-6694
PHO-004148,PHO-001899,EDGE-0003782,EV-CONTRACT-2026-4462
PHO-004449,PHO-004717,EDGE-0003783,EV-CONTRACT-2026-2528
PHO-003895,PHO-000396,EDGE-0003784,EV-CONTRACT-2026-8128
PHO-002111,PHO-003235,EDGE-0003785,EV-CONTRACT-2026-1192
PHO-004335,PHO-002847,EDGE-0003786,EV-CONTRACT-2026-3875
PHO-002043,PHO-002546,EDGE-0003787,EV-CONTRACT-2026-5552
PHO-003370,PHO-001132,EDGE-0003788,EV-CONTRACT-2026-6217
PHO-001132,PHO-002643,EDGE-0003789,EV-CONTRACT-2026-4334
PHO-002127,PHO-004826,EDGE-0003790,EV-CONTRACT-2026-6434
PHO-001944,PHO-004533,EDGE-0003791,EV-CONTRACT-2026-8016
PHO-000766,PHO-000001,EDGE-0003792,EV-CONTRACT-2026-5070
PHO-002941,PHO-002933,EDGE-0003793,EV-CONTRACT-2026-5116
PHO-000577,PHO-003478,EDGE-0003794,EV-CONTRACT-2026-8143
PHO-003558,PHO-003562,EDGE-0003795,EV-CONTRACT-2026-6903
PHO-000733,PHO-004125,EDGE-0003796,EV-CONTRACT-2026-9764
PHO-002115,PHO-002583,EDGE-0003797,EV-CONTRACT-2026-2208
PHO-004965,PHO-002844,EDGE-0003798,EV-CONTRACT-2026-9204
PHO-000205,PHO-002734,EDGE-0003799,EV-CONTRACT-2026-4384
PHO-004063,PHO-004444,EDGE-0003800,EV-CONTRACT-2026-2540
PHO-001191,PHO-002019,EDGE-0003801,EV-CONTRACT-2026-5408
PHO-002869,PHO-000818,EDGE-0003802,EV-CONTRACT-2026-2315
PHO-001326,PHO-000234,EDGE-0003803,EV-CONTRACT-2026-1961
PHO-000813,PHO-001782,EDGE-0003804,EV-CONTRACT-2026-3729
PHO-001401,PHO-002656,EDGE-0003805,EV-CONTRACT-2026-9369
PHO-004353,PHO-004004,EDGE-0003806,EV-CONTRACT-2026-3312
PHO-004323,PHO-002903,EDGE-0003807,EV-CONTRACT-2026-8269
PHO-003817,PHO-000980,EDGE-0003808,EV-CONTRACT-2026-9435
PHO-002815,PHO-004096,EDGE-0003809,EV-CONTRACT-2026-4394
PHO-002106,PHO-004568,EDGE-0003810,EV-CONTRACT-2026-4722
PHO-001067,PHO-004312,EDGE-0003811,EV-CONTRACT-2026-3326
PHO-000856,PHO-002621,EDGE-0003812,EV-CONTRACT-2026-8643
PHO-002568,PHO-002357,EDGE-0003813,EV-CONTRACT-2026-8232
PHO-001672,PHO-004297,EDGE-0003814,EV-CONTRACT-2026-9068
PHO-002233,PHO-003334,EDGE-0003815,EV-CONTRACT-2026-5237
PHO-004955,PHO-003840,EDGE-0003816,EV-CONTRACT-2026-7590
PHO-002035,PHO-003341,EDGE-0003817,EV-CONTRACT-2026-6213
PHO-004270,PHO-001734,EDGE-0003818,EV-CONTRACT-2026-6633
PHO-003074,PHO-002303,EDGE-0003819,EV-CONTRACT-2026-5212
PHO-000550,PHO-000058,EDGE-0003820,EV-CONTRACT-2026-9741
PHO-004715,PHO-001082,EDGE-0003821,EV-CONTRACT-2026-1237
PHO-000723,PHO-002473,EDGE-0003822,EV-CONTRACT-2026-1357
PHO-003602,PHO-002262,EDGE-0003823,EV-CONTRACT-2026-9737
PHO-002245,PHO-004671,EDGE-0003824,EV-CONTRACT-2026-5754
PHO-001324,PHO-004253,EDGE-0003825,EV-CONTRACT-2026-1602
PHO-002473,PHO-001717,EDGE-0003826,EV-CONTRACT-2026-5158
PHO-003940,PHO-001521,EDGE-0003827,EV-CONTRACT-2026-5882
PHO-003367,PHO-002768,EDGE-0003828,EV-CONTRACT-2026-9884
PHO-002030,PHO-001415,EDGE-0003829,EV-CONTRACT-2026-6105
PHO-001736,PHO-000903,EDGE-0003830,EV-CONTRACT-2026-1006
PHO-004974,PHO-000585,EDGE-0003831,EV-CONTRACT-2026-1269
PHO-003771,PHO-002531,EDGE-0003832,EV-CONTRACT-2026-2496
PHO-002265,PHO-004982,EDGE-0003833,EV-CONTRACT-2026-2438
PHO-004501,PHO-003011,EDGE-0003834,EV-CONTRACT-2026-6688
PHO-003571,PHO-002268,EDGE-0003835,EV-CONTRACT-2026-2531
PHO-004432,PHO-004613,EDGE-0003836,EV-CONTRACT-2026-1791
PHO-004811,PHO-001294,EDGE-0003837,EV-CONTRACT-2026-1486
PHO-000845,PHO-001509,EDGE-0003838,EV-CONTRACT-2026-7349
PHO-002198,PHO-002115,EDGE-0003839,EV-CONTRACT-2026-9185
PHO-002509,PHO-002124,EDGE-0003840,EV-CONTRACT-2026-6580
PHO-004705,PHO-002590,EDGE-0003841,EV-CONTRACT-2026-6567
PHO-000966,PHO-003843,EDGE-0003842,EV-CONTRACT-2026-5782
PHO-003102,PHO-004246,EDGE-0003843,EV-CONTRACT-2026-9472
PHO-000244,PHO-002059,EDGE-0003844,EV-CONTRACT-2026-8759
PHO-001207,PHO-001067,EDGE-0003845,EV-CONTRACT-2026-2508
PHO-004098,PHO-003475,EDGE-0003846,EV-CONTRACT-2026-7636
PHO-004473,PHO-001482,EDGE-0003847,EV-CONTRACT-2026-8077
PHO-001543,PHO-002328,EDGE-0003848,EV-CONTRACT-2026-1087
PHO-003731,PHO-000660,EDGE-0003849,EV-CONTRACT-2026-4716
PHO-002384,PHO-004547,EDGE-0003850,EV-CONTRACT-2026-8960
PHO-000153,PHO-003543,EDGE-0003851,EV-CONTRACT-2026-5667
PHO-001696,PHO-003721,EDGE-0003852,EV-CONTRACT-2026-9445
PHO-001498,PHO-002504,EDGE-0003853,EV-CONTRACT-2026-3911
PHO-004559,PHO-003395,EDGE-0003854,EV-CONTRACT-2026-7798
PHO-001894,PHO-004631,EDGE-0003855,EV-CONTRACT-2026-5508
PHO-003109,PHO-000400,EDGE-0003856,EV-CONTRACT-2026-5456
PHO-002254,PHO-003815,EDGE-0003857,EV-CONTRACT-2026-7811
PHO-003976,PHO-003285,EDGE-0003858,EV-CONTRACT-2026-8188
PHO-004485,PHO-004967,EDGE-0003859,EV-CONTRACT-2026-3235
PHO-000330,PHO-000553,EDGE-0003860,EV-CONTRACT-2026-6334
PHO-001394,PHO-002028,EDGE-0003861,EV-CONTRACT-2026-1988
PHO-002603,PHO-002247,EDGE-0003862,EV-CONTRACT-2026-4337
PHO-004448,PHO-003995,EDGE-0003863,EV-CONTRACT-2026-4372
PHO-000014,PHO-002842,EDGE-0003864,EV-CONTRACT-2026-9448
PHO-000284,PHO-001590,EDGE-0003865,EV-CONTRACT-2026-6130
PHO-003087,PHO-002045,EDGE-0003866,EV-CONTRACT-2026-7674
PHO-003890,PHO-003419,EDGE-0003867,EV-CONTRACT-2026-8122
PHO-002729,PHO-000120,EDGE-0003868,EV-CONTRACT-2026-9120
PHO-001795,PHO-004888,EDGE-0003869,EV-CONTRACT-2026-6498
PHO-000523,PHO-004549,EDGE-0003870,EV-CONTRACT-2026-9150
PHO-004201,PHO-003438,EDGE-0003871,EV-CONTRACT-2026-4608
PHO-003811,PHO-004249,EDGE-0003872,EV-CONTRACT-2026-9796
PHO-004882,PHO-004243,EDGE-0003873,EV-CONTRACT-2026-7557
PHO-004688,PHO-001457,EDGE-0003874,EV-CONTRACT-2026-8505
PHO-003769,PHO-003793,EDGE-0003875,EV-CONTRACT-2026-3370
PHO-003653,PHO-004442,EDGE-0003876,EV-CONTRACT-2026-8632
PHO-003901,PHO-003554,EDGE-0003877,EV-CONTRACT-2026-6445
PHO-000950,PHO-002797,EDGE-0003878,EV-CONTRACT-2026-5500
PHO-002257,PHO-003393,EDGE-0003879,EV-CONTRACT-2026-8178
PHO-002303,PHO-002738,EDGE-0003880,EV-CONTRACT-2026-2371
PHO-000855,PHO-004725,EDGE-0003881,EV-CONTRACT-2026-2503
PHO-001834,PHO-003606,EDGE-0003882,EV-CONTRACT-2026-9057
PHO-004410,PHO-004330,EDGE-0003883,EV-CONTRACT-2026-4931
PHO-002891,PHO-000989,EDGE-0003884,EV-CONTRACT-2026-9653
PHO-002231,PHO-002888,EDGE-0003885,EV-CONTRACT-2026-8735
PHO-001347,PHO-001456,EDGE-0003886,EV-CONTRACT-2026-9289
PHO-004188,PHO-000412,EDGE-0003887,EV-CONTRACT-2026-8495
PHO-004873,PHO-003270,EDGE-0003888,EV-CONTRACT-2026-5059
PHO-001172,PHO-000358,EDGE-0003889,EV-CONTRACT-2026-3861
PHO-004018,PHO-004439,EDGE-0003890,EV-CONTRACT-2026-7263
PHO-002073,PHO-001057,EDGE-0003891,EV-CONTRACT-2026-1569
PHO-001092,PHO-003755,EDGE-0003892,EV-CONTRACT-2026-9517
PHO-001187,PHO-004736,EDGE-0003893,EV-CONTRACT-2026-5633
PHO-002488,PHO-001665,EDGE-0003894,EV-CONTRACT-2026-6697
PHO-001448,PHO-004892,EDGE-0003895,EV-CONTRACT-2026-1367
PHO-002119,PHO-000170,EDGE-0003896,EV-CONTRACT-2026-5219
PHO-002073,PHO-003777,EDGE-0003897,EV-CONTRACT-2026-5091
PHO-001846,PHO-004937,EDGE-0003898,EV-CONTRACT-2026-6739
PHO-000553,PHO-004492,EDGE-0003899,EV-CONTRACT-2026-9309
PHO-003065,PHO-001534,EDGE-0003900,EV-CONTRACT-2026-8806
PHO-003712,PHO-003183,EDGE-0003901,EV-CONTRACT-2026-6719
PHO-001647,PHO-001566,EDGE-0003902,EV-CONTRACT-2026-1219
PHO-002426,PHO-000630,EDGE-0003903,EV-CONTRACT-2026-1282
PHO-003212,PHO-000351,EDGE-0003904,EV-CONTRACT-2026-6560
PHO-000666,PHO-003461,EDGE-0003905,EV-CONTRACT-2026-5569
PHO-004770,PHO-001674,EDGE-0003906,EV-CONTRACT-2026-2361
PHO-001527,PHO-001284,EDGE-0003907,EV-CONTRACT-2026-5920
PHO-001121,PHO-000130,EDGE-0003908,EV-CONTRACT-2026-3214
PHO-001446,PHO-003863,EDGE-0003909,EV-CONTRACT-2026-1182
PHO-001124,PHO-000520,EDGE-0003910,EV-CONTRACT-2026-7009
PHO-002803,PHO-002715,EDGE-0003911,EV-CONTRACT-2026-3921
PHO-004525,PHO-003886,EDGE-0003912,EV-CONTRACT-2026-7290
PHO-002416,PHO-002543,EDGE-0003913,EV-CONTRACT-2026-4408
PHO-004455,PHO-002324,EDGE-0003914,EV-CONTRACT-2026-7181
PHO-003256,PHO-002367,EDGE-0003915,EV-CONTRACT-2026-7872
PHO-002394,PHO-001179,EDGE-0003916,EV-CONTRACT-2026-2208
PHO-004180,PHO-000700,EDGE-0003917,EV-CONTRACT-2026-7278
PHO-004485,PHO-001164,EDGE-0003918,EV-CONTRACT-2026-8158
PHO-002994,PHO-001192,EDGE-0003919,EV-CONTRACT-2026-8229
PHO-004867,PHO-001047,EDGE-0003920,EV-CONTRACT-2026-5608
PHO-003736,PHO-002330,EDGE-0003921,EV-CONTRACT-2026-4747
PHO-002893,PHO-000251,EDGE-0003922,EV-CONTRACT-2026-5058
PHO-003213,PHO-002088,EDGE-0003923,EV-CONTRACT-2026-7107
PHO-003035,PHO-004464,EDGE-0003924,EV-CONTRACT-2026-3196
PHO-004447,PHO-003414,EDGE-0003925,EV-CONTRACT-2026-8433
PHO-001086,PHO-004963,EDGE-0003926,EV-CONTRACT-2026-3382
PHO-004892,PHO-004072,EDGE-0003927,EV-CONTRACT-2026-2773
PHO-001298,PHO-003628,EDGE-0003928,EV-CONTRACT-2026-4284
PHO-003500,PHO-004823,EDGE-0003929,EV-CONTRACT-2026-4008
PHO-004783,PHO-003735,EDGE-0003930,EV-CONTRACT-2026-9342
PHO-003974,PHO-002131,EDGE-0003931,EV-CONTRACT-2026-3068
PHO-003812,PHO-000841,EDGE-0003932,EV-CONTRACT-2026-9364
PHO-001323,PHO-004305,EDGE-0003933,EV-CONTRACT-2026-8135
PHO-001670,PHO-003313,EDGE-0003934,EV-CONTRACT-2026-3240
PHO-003925,PHO-003700,EDGE-0003935,EV-CONTRACT-2026-7286
PHO-003731,PHO-004142,EDGE-0003936,EV-CONTRACT-2026-1312
PHO-001574,PHO-003546,EDGE-0003937,EV-CONTRACT-2026-1427
PHO-000333,PHO-002441,EDGE-0003938,EV-CONTRACT-2026-8109
PHO-001160,PHO-000956,EDGE-0003939,EV-CONTRACT-2026-2734
PHO-002204,PHO-001918,EDGE-0003940,EV-CONTRACT-2026-8951
PHO-003444,PHO-003033,EDGE-0003941,EV-CONTRACT-2026-7035
PHO-000631,PHO-004948,EDGE-0003942,EV-CONTRACT-2026-1124
PHO-002526,PHO-004372,EDGE-0003943,EV-CONTRACT-2026-9660
PHO-001279,PHO-004000,EDGE-0003944,EV-CONTRACT-2026-6682
PHO-003854,PHO-001083,EDGE-0003945,EV-CONTRACT-2026-2114
PHO-002917,PHO-000888,EDGE-0003946,EV-CONTRACT-2026-6442
PHO-003986,PHO-001836,EDGE-0003947,EV-CONTRACT-2026-7788
PHO-002633,PHO-004265,EDGE-0003948,EV-CONTRACT-2026-2350
PHO-000697,PHO-004885,EDGE-0003949,EV-CONTRACT-2026-6540
PHO-001570,PHO-002516,EDGE-0003950,EV-CONTRACT-2026-4214
PHO-001196,PHO-001339,EDGE-0003951,EV-CONTRACT-2026-5296
PHO-002356,PHO-003039,EDGE-0003952,EV-CONTRACT-2026-5212
PHO-001646,PHO-004854,EDGE-0003953,EV-CONTRACT-2026-8462
PHO-004383,PHO-004746,EDGE-0003954,EV-CONTRACT-2026-7367
PHO-003002,PHO-000627,EDGE-0003955,EV-CONTRACT-2026-6148
PHO-000925,PHO-003905,EDGE-0003956,EV-CONTRACT-2026-6662
PHO-000541,PHO-000072,EDGE-0003957,EV-CONTRACT-2026-4339
PHO-000596,PHO-003954,EDGE-0003958,EV-CONTRACT-2026-5616
PHO-001877,PHO-000286,EDGE-0003959,EV-CONTRACT-2026-5921
PHO-003405,PHO-001721,EDGE-0003960,EV-CONTRACT-2026-4442
PHO-004412,PHO-001091,EDGE-0003961,EV-CONTRACT-2026-7750
PHO-003196,PHO-004382,EDGE-0003962,EV-CONTRACT-2026-7007
PHO-001105,PHO-003969,EDGE-0003963,EV-CONTRACT-2026-9518
PHO-002662,PHO-001078,EDGE-0003964,EV-CONTRACT-2026-8437
PHO-000264,PHO-001982,EDGE-0003965,EV-CONTRACT-2026-3847
PHO-000868,PHO-003585,EDGE-0003966,EV-CONTRACT-2026-2787
PHO-000775,PHO-002662,EDGE-0003967,EV-CONTRACT-2026-2936
PHO-003071,PHO-002099,EDGE-0003968,EV-CONTRACT-2026-3145
PHO-003759,PHO-002574,EDGE-0003969,EV-CONTRACT-2026-5751
PHO-001545,PHO-002851,EDGE-0003970,EV-CONTRACT-2026-8478
PHO-000077,PHO-003282,EDGE-0003971,EV-CONTRACT-2026-9356
PHO-004079,PHO-004072,EDGE-0003972,EV-CONTRACT-2026-1285
PHO-002476,PHO-000456,EDGE-0003973,EV-CONTRACT-2026-5895
PHO-002959,PHO-003914,EDGE-0003974,EV-CONTRACT-2026-2793
PHO-003928,PHO-001509,EDGE-0003975,EV-CONTRACT-2026-5823
PHO-000776,PHO-000283,EDGE-0003976,EV-CONTRACT-2026-8675
PHO-002845,PHO-001401,EDGE-0003977,EV-CONTRACT-2026-7024
PHO-004832,PHO-002796,EDGE-0003978,EV-CONTRACT-2026-7169
PHO-004848,PHO-002190,EDGE-0003979,EV-CONTRACT-2026-3485
PHO-004003,PHO-000925,EDGE-0003980,EV-CONTRACT-2026-9221
PHO-003547,PHO-001251,EDGE-0003981,EV-CONTRACT-2026-4819
PHO-004766,PHO-000185,EDGE-0003982,EV-CONTRACT-2026-1425
PHO-001486,PHO-002510,EDGE-0003983,EV-CONTRACT-2026-3962
PHO-001886,PHO-003706,EDGE-0003984,EV-CONTRACT-2026-9771
PHO-001864,PHO-002066,EDGE-0003985,EV-CONTRACT-2026-2480
PHO-001469,PHO-002525,EDGE-0003986,EV-CONTRACT-2026-8818
PHO-000571,PHO-000546,EDGE-0003987,EV-CONTRACT-2026-2090
PHO-001307,PHO-000433,EDGE-0003988,EV-CONTRACT-2026-8569
PHO-004278,PHO-003993,EDGE-0003989,EV-CONTRACT-2026-5997
PHO-002421,PHO-000131,EDGE-0003990,EV-CONTRACT-2026-3458
PHO-004495,PHO-003152,EDGE-0003991,EV-CONTRACT-2026-5419
PHO-001642,PHO-003862,EDGE-0003992,EV-CONTRACT-2026-5225
PHO-003239,PHO-000067,EDGE-0003993,EV-CONTRACT-2026-4905
PHO-002440,PHO-004045,EDGE-0003994,EV-CONTRACT-2026-4893
PHO-002524,PHO-000700,EDGE-0003995,EV-CONTRACT-2026-2489
PHO-003263,PHO-000097,EDGE-0003996,EV-CONTRACT-2026-2799
PHO-002660,PHO-000672,EDGE-0003997,EV-CONTRACT-2026-9828
PHO-000742,PHO-002501,EDGE-0003998,EV-CONTRACT-2026-7173
PHO-001766,PHO-002678,EDGE-0003999,EV-CONTRACT-2026-2309
PHO-003421,PHO-004222,EDGE-0004000,EV-CONTRACT-2026-7302
PHO-000607,PHO-002828,EDGE-0004001,EV-CONTRACT-2026-8319
PHO-004830,PHO-002179,EDGE-0004002,EV-CONTRACT-2026-7998
PHO-003491,PHO-001726,EDGE-0004003,EV-CONTRACT-2026-9994
PHO-003908,PHO-003998,EDGE-0004004,EV-CONTRACT-2026-6547
PHO-003219,PHO-004535,EDGE-0004005,EV-CONTRACT-2026-4201
PHO-000073,PHO-004169,EDGE-0004006,EV-CONTRACT-2026-8170
PHO-000214,PHO-000613,EDGE-0004007,EV-CONTRACT-2026-7133
PHO-004914,PHO-002691,EDGE-0004008,EV-CONTRACT-2026-5877
PHO-000716,PHO-002203,EDGE-0004009,EV-CONTRACT-2026-6634
PHO-001351,PHO-002940,EDGE-0004010,EV-CONTRACT-2026-4182
PHO-003373,PHO-002704,EDGE-0004011,EV-CONTRACT-2026-5411
PHO-001829,PHO-004393,EDGE-0004012,EV-CONTRACT-2026-9290
PHO-001285,PHO-002654,EDGE-0004013,EV-CONTRACT-2026-8290
PHO-001785,PHO-004001,EDGE-0004014,EV-CONTRACT-2026-7446
PHO-000497,PHO-001431,EDGE-0004015,EV-CONTRACT-2026-2451
PHO-003021,PHO-003448,EDGE-0004016,EV-CONTRACT-2026-8180
PHO-004916,PHO-003469,EDGE-0004017,EV-CONTRACT-2026-5574
PHO-002002,PHO-004171,EDGE-0004018,EV-CONTRACT-2026-2499
PHO-003532,PHO-001600,EDGE-0004019,EV-CONTRACT-2026-8729
PHO-003194,PHO-000715,EDGE-0004020,EV-CONTRACT-2026-2604
PHO-002477,PHO-003718,EDGE-0004021,EV-CONTRACT-2026-4711
PHO-004011,PHO-003523,EDGE-0004022,EV-CONTRACT-2026-2905
PHO-000132,PHO-003879,EDGE-0004023,EV-CONTRACT-2026-9556
PHO-004389,PHO-000693,EDGE-0004024,EV-CONTRACT-2026-2025
PHO-004656,PHO-001616,EDGE-0004025,EV-CONTRACT-2026-4009
PHO-003282,PHO-000313,EDGE-0004026,EV-CONTRACT-2026-9909
PHO-003104,PHO-004439,EDGE-0004027,EV-CONTRACT-2026-2884
PHO-002554,PHO-001100,EDGE-0004028,EV-CONTRACT-2026-7396
PHO-003194,PHO-001155,EDGE-0004029,EV-CONTRACT-2026-5478
PHO-002318,PHO-001293,EDGE-0004030,EV-CONTRACT-2026-6827
PHO-004201,PHO-003781,EDGE-0004031,EV-CONTRACT-2026-5352
PHO-001286,PHO-003472,EDGE-0004032,EV-CONTRACT-2026-2465
PHO-001093,PHO-000376,EDGE-0004033,EV-CONTRACT-2026-8991
PHO-002201,PHO-004114,EDGE-0004034,EV-CONTRACT-2026-5571
PHO-004642,PHO-001225,EDGE-0004035,EV-CONTRACT-2026-3419
PHO-002854,PHO-000361,EDGE-0004036,EV-CONTRACT-2026-7239
PHO-003159,PHO-003093,EDGE-0004037,EV-CONTRACT-2026-7127
PHO-001844,PHO-004671,EDGE-0004038,EV-CONTRACT-2026-1927
PHO-004222,PHO-002722,EDGE-0004039,EV-CONTRACT-2026-5248
PHO-004727,PHO-002171,EDGE-0004040,EV-CONTRACT-2026-3222
PHO-002922,PHO-002736,EDGE-0004041,EV-CONTRACT-2026-6234
PHO-000484,PHO-001143,EDGE-0004042,EV-CONTRACT-2026-5687
PHO-003421,PHO-003287,EDGE-0004043,EV-CONTRACT-2026-6694
PHO-004309,PHO-002056,EDGE-0004044,EV-CONTRACT-2026-5247
PHO-004709,PHO-001430,EDGE-0004045,EV-CONTRACT-2026-4593
PHO-001873,PHO-003247,EDGE-0004046,EV-CONTRACT-2026-4092
PHO-003049,PHO-004432,EDGE-0004047,EV-CONTRACT-2026-9086
PHO-002009,PHO-000127,EDGE-0004048,EV-CONTRACT-2026-6653
PHO-003198,PHO-000086,EDGE-0004049,EV-CONTRACT-2026-9008
PHO-002660,PHO-000631,EDGE-0004050,EV-CONTRACT-2026-6162
PHO-002594,PHO-001767,EDGE-0004051,EV-CONTRACT-2026-3665
PHO-003301,PHO-000967,EDGE-0004052,EV-CONTRACT-2026-3552
PHO-004373,PHO-001560,EDGE-0004053,EV-CONTRACT-2026-5106
PHO-004280,PHO-004576,EDGE-0004054,EV-CONTRACT-2026-5392
PHO-000830,PHO-000509,EDGE-0004055,EV-CONTRACT-2026-4614
PHO-004449,PHO-000441,EDGE-0004056,EV-CONTRACT-2026-4170
PHO-003701,PHO-000635,EDGE-0004057,EV-CONTRACT-2026-2954
PHO-002234,PHO-002417,EDGE-0004058,EV-CONTRACT-2026-5332
PHO-003617,PHO-002940,EDGE-0004059,EV-CONTRACT-2026-9146
PHO-001818,PHO-002241,EDGE-0004060,EV-CONTRACT-2026-3830
PHO-001827,PHO-000384,EDGE-0004061,EV-CONTRACT-2026-8452
PHO-004204,PHO-001232,EDGE-0004062,EV-CONTRACT-2026-7172
PHO-001472,PHO-003355,EDGE-0004063,EV-CONTRACT-2026-8074
PHO-002095,PHO-000393,EDGE-0004064,EV-CONTRACT-2026-5310
PHO-000850,PHO-001024,EDGE-0004065,EV-CONTRACT-2026-7025
PHO-000035,PHO-003820,EDGE-0004066,EV-CONTRACT-2026-2659
PHO-003204,PHO-002747,EDGE-0004067,EV-CONTRACT-2026-8187
PHO-001851,PHO-003795,EDGE-0004068,EV-CONTRACT-2026-6123
PHO-003989,PHO-004779,EDGE-0004069,EV-CONTRACT-2026-8321
PHO-003872,PHO-001770,EDGE-0004070,EV-CONTRACT-2026-6131
PHO-004290,PHO-004330,EDGE-0004071,EV-CONTRACT-2026-4829
PHO-003687,PHO-003640,EDGE-0004072,EV-CONTRACT-2026-3187
PHO-004588,PHO-001789,EDGE-0004073,EV-CONTRACT-2026-4144
PHO-001013,PHO-000162,EDGE-0004074,EV-CONTRACT-2026-6495
PHO-000505,PHO-003752,EDGE-0004075,EV-CONTRACT-2026-5771
PHO-004614,PHO-000274,EDGE-0004076,EV-CONTRACT-2026-7222
PHO-001076,PHO-001892,EDGE-0004077,EV-CONTRACT-2026-2464
PHO-004500,PHO-004736,EDGE-0004078,EV-CONTRACT-2026-6304
PHO-000243,PHO-002736,EDGE-0004079,EV-CONTRACT-2026-6436
PHO-002873,PHO-000944,EDGE-0004080,EV-CONTRACT-2026-8413
PHO-002836,PHO-000202,EDGE-0004081,EV-CONTRACT-2026-9503
PHO-002374,PHO-002468,EDGE-0004082,EV-CONTRACT-2026-2912
PHO-002935,PHO-002558,EDGE-0004083,EV-CONTRACT-2026-2275
PHO-003631,PHO-002409,EDGE-0004084,EV-CONTRACT-2026-6151
PHO-000161,PHO-003409,EDGE-0004085,EV-CONTRACT-2026-2364
PHO-002317,PHO-002617,EDGE-0004086,EV-CONTRACT-2026-9866
PHO-002958,PHO-003052,EDGE-0004087,EV-CONTRACT-2026-9641
PHO-001596,PHO-001520,EDGE-0004088,EV-CONTRACT-2026-5719
PHO-004005,PHO-004518,EDGE-0004089,EV-CONTRACT-2026-4980
PHO-004694,PHO-003627,EDGE-0004090,EV-CONTRACT-2026-5273
PHO-001694,PHO-004864,EDGE-0004091,EV-CONTRACT-2026-3579
PHO-002111,PHO-003740,EDGE-0004092,EV-CONTRACT-2026-1938
PHO-002366,PHO-004932,EDGE-0004093,EV-CONTRACT-2026-6921
PHO-002239,PHO-002768,EDGE-0004094,EV-CONTRACT-2026-9547
PHO-002779,PHO-002955,EDGE-0004095,EV-CONTRACT-2026-4938
PHO-000059,PHO-003534,EDGE-0004096,EV-CONTRACT-2026-2852
PHO-000140,PHO-004261,EDGE-0004097,EV-CONTRACT-2026-4396
PHO-000898,PHO-003596,EDGE-0004098,EV-CONTRACT-2026-2628
PHO-004745,PHO-000679,EDGE-0004099,EV-CONTRACT-2026-4175
PHO-004262,PHO-002950,EDGE-0004100,EV-CONTRACT-2026-4645
PHO-001431,PHO-002805,EDGE-0004101,EV-CONTRACT-2026-7626
PHO-003101,PHO-001506,EDGE-0004102,EV-CONTRACT-2026-9874
PHO-000153,PHO-003884,EDGE-0004103,EV-CONTRACT-2026-9336
PHO-002143,PHO-000090,EDGE-0004104,EV-CONTRACT-2026-1478
PHO-003188,PHO-004339,EDGE-0004105,EV-CONTRACT-2026-1523
PHO-002826,PHO-000777,EDGE-0004106,EV-CONTRACT-2026-1889
PHO-002436,PHO-001648,EDGE-0004107,EV-CONTRACT-2026-4515
PHO-001444,PHO-003650,EDGE-0004108,EV-CONTRACT-2026-6008
PHO-003044,PHO-002460,EDGE-0004109,EV-CONTRACT-2026-3661
PHO-004243,PHO-000456,EDGE-0004110,EV-CONTRACT-2026-8362
PHO-003761,PHO-002534,EDGE-0004111,EV-CONTRACT-2026-6927
PHO-001154,PHO-003626,EDGE-0004112,EV-CONTRACT-2026-8701
PHO-004911,PHO-000895,EDGE-0004113,EV-CONTRACT-2026-5368
PHO-000716,PHO-001545,EDGE-0004114,EV-CONTRACT-2026-7357
PHO-000219,PHO-002284,EDGE-0004115,EV-CONTRACT-2026-2262
PHO-003830,PHO-000076,EDGE-0004116,EV-CONTRACT-2026-2361
PHO-000009,PHO-003426,EDGE-0004117,EV-CONTRACT-2026-9751
PHO-000263,PHO-002956,EDGE-0004118,EV-CONTRACT-2026-2352
PHO-002186,PHO-001069,EDGE-0004119,EV-CONTRACT-2026-7090
PHO-001300,PHO-001599,EDGE-0004120,EV-CONTRACT-2026-1872
PHO-004490,PHO-003348,EDGE-0004121,EV-CONTRACT-2026-7021
PHO-004612,PHO-003148,EDGE-0004122,EV-CONTRACT-2026-8415
PHO-000345,PHO-000316,EDGE-0004123,EV-CONTRACT-2026-4788
PHO-001945,PHO-000842,EDGE-0004124,EV-CONTRACT-2026-8960
PHO-004661,PHO-003273,EDGE-0004125,EV-CONTRACT-2026-5252
PHO-002519,PHO-002556,EDGE-0004126,EV-CONTRACT-2026-1774
PHO-004231,PHO-001657,EDGE-0004127,EV-CONTRACT-2026-8375
PHO-002963,PHO-002513,EDGE-0004128,EV-CONTRACT-2026-8340
PHO-003117,PHO-004533,EDGE-0004129,EV-CONTRACT-2026-4783
PHO-001951,PHO-002075,EDGE-0004130,EV-CONTRACT-2026-7950
PHO-001992,PHO-004165,EDGE-0004131,EV-CONTRACT-2026-2789
PHO-004435,PHO-002754,EDGE-0004132,EV-CONTRACT-2026-4664
PHO-000382,PHO-002121,EDGE-0004133,EV-CONTRACT-2026-7095
PHO-004471,PHO-004137,EDGE-0004134,EV-CONTRACT-2026-8928
PHO-000464,PHO-000029,EDGE-0004135,EV-CONTRACT-2026-4211
PHO-002083,PHO-000434,EDGE-0004136,EV-CONTRACT-2026-4031
PHO-003576,PHO-001744,EDGE-0004137,EV-CONTRACT-2026-8827
PHO-000216,PHO-000146,EDGE-0004138,EV-CONTRACT-2026-8875
PHO-002852,PHO-000765,EDGE-0004139,EV-CONTRACT-2026-2108
PHO-002225,PHO-002073,EDGE-0004140,EV-CONTRACT-2026-9393
PHO-000154,PHO-001797,EDGE-0004141,EV-CONTRACT-2026-8208
PHO-001720,PHO-003925,EDGE-0004142,EV-CONTRACT-2026-1753
PHO-002997,PHO-000104,EDGE-0004143,EV-CONTRACT-2026-7624
PHO-000882,PHO-002508,EDGE-0004144,EV-CONTRACT-2026-9176
PHO-001582,PHO-002803,EDGE-0004145,EV-CONTRACT-2026-2081
PHO-002553,PHO-001281,EDGE-0004146,EV-CONTRACT-2026-8750
PHO-000591,PHO-002010,EDGE-0004147,EV-CONTRACT-2026-7385
PHO-004839,PHO-003035,EDGE-0004148,EV-CONTRACT-2026-6695
PHO-002380,PHO-001962,EDGE-0004149,EV-CONTRACT-2026-3692
PHO-003717,PHO-004073,EDGE-0004150,EV-CONTRACT-2026-7036
PHO-001693,PHO-004109,EDGE-0004151,EV-CONTRACT-2026-3063
PHO-000712,PHO-000831,EDGE-0004152,EV-CONTRACT-2026-3891
PHO-004535,PHO-000391,EDGE-0004153,EV-CONTRACT-2026-5773
PHO-002476,PHO-004678,EDGE-0004154,EV-CONTRACT-2026-5476
PHO-004265,PHO-003389,EDGE-0004155,EV-CONTRACT-2026-8577
PHO-000424,PHO-004521,EDGE-0004156,EV-CONTRACT-2026-7515
PHO-002473,PHO-003745,EDGE-0004157,EV-CONTRACT-2026-1034
PHO-003304,PHO-000211,EDGE-0004158,EV-CONTRACT-2026-7218
PHO-003172,PHO-000316,EDGE-0004159,EV-CONTRACT-2026-3594
PHO-001964,PHO-004471,EDGE-0004160,EV-CONTRACT-2026-2267
PHO-004666,PHO-001620,EDGE-0004161,EV-CONTRACT-2026-5361
PHO-000855,PHO-002217,EDGE-0004162,EV-CONTRACT-2026-2862
PHO-002294,PHO-000607,EDGE-0004163,EV-CONTRACT-2026-9810
PHO-003729,PHO-001978,EDGE-0004164,EV-CONTRACT-2026-5006
PHO-001252,PHO-004574,EDGE-0004165,EV-CONTRACT-2026-6176
PHO-004734,PHO-003347,EDGE-0004166,EV-CONTRACT-2026-3712
PHO-002833,PHO-003451,EDGE-0004167,EV-CONTRACT-2026-6510
PHO-001160,PHO-001757,EDGE-0004168,EV-CONTRACT-2026-5214
PHO-003647,PHO-003697,EDGE-0004169,EV-CONTRACT-2026-2386
PHO-002629,PHO-000833,EDGE-0004170,EV-CONTRACT-2026-7149
PHO-003083,PHO-003149,EDGE-0004171,EV-CONTRACT-2026-7970
PHO-003301,PHO-002619,EDGE-0004172,EV-CONTRACT-2026-9399
PHO-001118,PHO-004578,EDGE-0004173,EV-CONTRACT-2026-5938
PHO-002592,PHO-003650,EDGE-0004174,EV-CONTRACT-2026-1049
PHO-001974,PHO-003875,EDGE-0004175,EV-CONTRACT-2026-8717
PHO-002561,PHO-003535,EDGE-0004176,EV-CONTRACT-2026-2404
PHO-001896,PHO-004092,EDGE-0004177,EV-CONTRACT-2026-5229
PHO-000281,PHO-003794,EDGE-0004178,EV-CONTRACT-2026-6540
PHO-003292,PHO-001420,EDGE-0004179,EV-CONTRACT-2026-7551
PHO-003065,PHO-002424,EDGE-0004180,EV-CONTRACT-2026-7616
PHO-002977,PHO-003767,EDGE-0004181,EV-CONTRACT-2026-3212
PHO-000872,PHO-000693,EDGE-0004182,EV-CONTRACT-2026-3570
PHO-004902,PHO-003689,EDGE-0004183,EV-CONTRACT-2026-3933
PHO-004428,PHO-003838,EDGE-0004184,EV-CONTRACT-2026-3946
PHO-003801,PHO-003980,EDGE-0004185,EV-CONTRACT-2026-1120
PHO-000367,PHO-004345,EDGE-0004186,EV-CONTRACT-2026-4819
PHO-004816,PHO-004348,EDGE-0004187,EV-CONTRACT-2026-1527
PHO-004804,PHO-002911,EDGE-0004188,EV-CONTRACT-2026-8193
PHO-000662,PHO-002544,EDGE-0004189,EV-CONTRACT-2026-4088
PHO-004571,PHO-004926,EDGE-0004190,EV-CONTRACT-2026-2768
PHO-003981,PHO-000381,EDGE-0004191,EV-CONTRACT-2026-6247
PHO-001387,PHO-003457,EDGE-0004192,EV-CONTRACT-2026-3158
PHO-004742,PHO-000704,EDGE-0004193,EV-CONTRACT-2026-4724
PHO-002322,PHO-003442,EDGE-0004194,EV-CONTRACT-2026-8552
PHO-000937,PHO-002670,EDGE-0004195,EV-CONTRACT-2026-1387
PHO-003332,PHO-003215,EDGE-0004196,EV-CONTRACT-2026-7405
PHO-002014,PHO-001408,EDGE-0004197,EV-CONTRACT-2026-8543
PHO-004503,PHO-004747,EDGE-0004198,EV-CONTRACT-2026-7295
PHO-003500,PHO-001698,EDGE-0004199,EV-CONTRACT-2026-6632
PHO-000060,PHO-002093,EDGE-0004200,EV-CONTRACT-2026-5225
PHO-004307,PHO-000620,EDGE-0004201,EV-CONTRACT-2026-4896
PHO-000453,PHO-003605,EDGE-0004202,EV-CONTRACT-2026-3914
PHO-004648,PHO-000679,EDGE-0004203,EV-CONTRACT-2026-1171
PHO-000427,PHO-001760,EDGE-0004204,EV-CONTRACT-2026-7695
PHO-003969,PHO-000741,EDGE-0004205,EV-CONTRACT-2026-5281
PHO-000044,PHO-000739,EDGE-0004206,EV-CONTRACT-2026-4067
PHO-001448,PHO-004357,EDGE-0004207,EV-CONTRACT-2026-4216
PHO-003121,PHO-004027,EDGE-0004208,EV-CONTRACT-2026-8412
PHO-004776,PHO-000887,EDGE-0004209,EV-CONTRACT-2026-8827
PHO-002597,PHO-002959,EDGE-0004210,EV-CONTRACT-2026-2174
PHO-001704,PHO-001682,EDGE-0004211,EV-CONTRACT-2026-5070
PHO-004394,PHO-000698,EDGE-0004212,EV-CONTRACT-2026-5772
PHO-001489,PHO-002046,EDGE-0004213,EV-CONTRACT-2026-6589
PHO-003796,PHO-000665,EDGE-0004214,EV-CONTRACT-2026-2373
PHO-004948,PHO-004163,EDGE-0004215,EV-CONTRACT-2026-2039
PHO-001284,PHO-002823,EDGE-0004216,EV-CONTRACT-2026-6439
PHO-002597,PHO-002057,EDGE-0004217,EV-CONTRACT-2026-7116
PHO-001486,PHO-000439,EDGE-0004218,EV-CONTRACT-2026-9879
PHO-004815,PHO-003139,EDGE-0004219,EV-CONTRACT-2026-1129
PHO-002750,PHO-000352,EDGE-0004220,EV-CONTRACT-2026-5725
PHO-004728,PHO-000013,EDGE-0004221,EV-CONTRACT-2026-5368
PHO-003408,PHO-003743,EDGE-0004222,EV-CONTRACT-2026-3542
PHO-000408,PHO-000168,EDGE-0004223,EV-CONTRACT-2026-7405
PHO-000907,PHO-000920,EDGE-0004224,EV-CONTRACT-2026-2050
PHO-001994,PHO-003454,EDGE-0004225,EV-CONTRACT-2026-8271
PHO-000178,PHO-003280,EDGE-0004226,EV-CONTRACT-2026-2607
PHO-000326,PHO-003531,EDGE-0004227,EV-CONTRACT-2026-4093
PHO-003769,PHO-001268,EDGE-0004228,EV-CONTRACT-2026-9195
PHO-002681,PHO-002004,EDGE-0004229,EV-CONTRACT-2026-3154
PHO-004503,PHO-001078,EDGE-0004230,EV-CONTRACT-2026-1776
PHO-000665,PHO-001503,EDGE-0004231,EV-CONTRACT-2026-9387
PHO-002173,PHO-000215,EDGE-0004232,EV-CONTRACT-2026-8660
PHO-004428,PHO-000711,EDGE-0004233,EV-CONTRACT-2026-4239
PHO-001274,PHO-002242,EDGE-0004234,EV-CONTRACT-2026-6616
PHO-000426,PHO-004367,EDGE-0004235,EV-CONTRACT-2026-3748
PHO-003073,PHO-000098,EDGE-0004236,EV-CONTRACT-2026-2184
PHO-001322,PHO-003707,EDGE-0004237,EV-CONTRACT-2026-9959
PHO-002932,PHO-000635,EDGE-0004238,EV-CONTRACT-2026-2451
PHO-001362,PHO-001191,EDGE-0004239,EV-CONTRACT-2026-7931
PHO-004645,PHO-000441,EDGE-0004240,EV-CONTRACT-2026-2372
PHO-001621,PHO-001328,EDGE-0004241,EV-CONTRACT-2026-7014
PHO-002859,PHO-000968,EDGE-0004242,EV-CONTRACT-2026-9494
PHO-003465,PHO-003314,EDGE-0004243,EV-CONTRACT-2026-7902
PHO-002522,PHO-003997,EDGE-0004244,EV-CONTRACT-2026-2612
PHO-004769,PHO-002337,EDGE-0004245,EV-CONTRACT-2026-2076
PHO-001441,PHO-000545,EDGE-0004246,EV-CONTRACT-2026-8875
PHO-004433,PHO-001409,EDGE-0004247,EV-CONTRACT-2026-7382
PHO-004235,PHO-003591,EDGE-0004248,EV-CONTRACT-2026-9658
PHO-001597,PHO-003978,EDGE-0004249,EV-CONTRACT-2026-4035
PHO-002202,PHO-001497,EDGE-0004250,EV-CONTRACT-2026-5222
PHO-001456,PHO-000804,EDGE-0004251,EV-CONTRACT-2026-3353
PHO-000217,PHO-003133,EDGE-0004252,EV-CONTRACT-2026-2852
PHO-001943,PHO-003729,EDGE-0004253,EV-CONTRACT-2026-1611
PHO-000607,PHO-003800,EDGE-0004254,EV-CONTRACT-2026-1339
PHO-001288,PHO-002134,EDGE-0004255,EV-CONTRACT-2026-5761
PHO-003315,PHO-003002,EDGE-0004256,EV-CONTRACT-2026-4862
PHO-004119,PHO-002046,EDGE-0004257,EV-CONTRACT-2026-4125
PHO-004483,PHO-002034,EDGE-0004258,EV-CONTRACT-2026-3247
PHO-001285,PHO-003402,EDGE-0004259,EV-CONTRACT-2026-3231
PHO-003152,PHO-003244,EDGE-0004260,EV-CONTRACT-2026-2256
PHO-000667,PHO-000192,EDGE-0004261,EV-CONTRACT-2026-9364
PHO-002591,PHO-003318,EDGE-0004262,EV-CONTRACT-2026-4082
PHO-003882,PHO-001684,EDGE-0004263,EV-CONTRACT-2026-5382
PHO-003392,PHO-003297,EDGE-0004264,EV-CONTRACT-2026-5850
PHO-002664,PHO-004009,EDGE-0004265,EV-CONTRACT-2026-2160
PHO-002986,PHO-003874,EDGE-0004266,EV-CONTRACT-2026-3502
PHO-001822,PHO-003052,EDGE-0004267,EV-CONTRACT-2026-1186
PHO-004575,PHO-004809,EDGE-0004268,EV-CONTRACT-2026-1755
PHO-002679,PHO-002776,EDGE-0004269,EV-CONTRACT-2026-2752
PHO-001605,PHO-002378,EDGE-0004270,EV-CONTRACT-2026-5587
PHO-001299,PHO-000928,EDGE-0004271,EV-CONTRACT-2026-5785
PHO-000215,PHO-003260,EDGE-0004272,EV-CONTRACT-2026-8257
PHO-002692,PHO-002549,EDGE-0004273,EV-CONTRACT-2026-3550
PHO-000972,PHO-003096,EDGE-0004274,EV-CONTRACT-2026-6696
PHO-000915,PHO-002413,EDGE-0004275,EV-CONTRACT-2026-2856
PHO-002268,PHO-003241,EDGE-0004276,EV-CONTRACT-2026-8050
PHO-000799,PHO-004241,EDGE-0004277,EV-CONTRACT-2026-5200
PHO-000498,PHO-003182,EDGE-0004278,EV-CONTRACT-2026-7639
PHO-004490,PHO-004389,EDGE-0004279,EV-CONTRACT-2026-5990
PHO-001534,PHO-000735,EDGE-0004280,EV-CONTRACT-2026-6296
PHO-001784,PHO-000299,EDGE-0004281,EV-CONTRACT-2026-2010
PHO-004309,PHO-004321,EDGE-0004282,EV-CONTRACT-2026-7711
PHO-000194,PHO-000895,EDGE-0004283,EV-CONTRACT-2026-8318
PHO-001772,PHO-003277,EDGE-0004284,EV-CONTRACT-2026-9111
PHO-000644,PHO-002022,EDGE-0004285,EV-CONTRACT-2026-3464
PHO-003041,PHO-003359,EDGE-0004286,EV-CONTRACT-2026-7377
PHO-000813,PHO-001486,EDGE-0004287,EV-CONTRACT-2026-8529
PHO-000955,PHO-002427,EDGE-0004288,EV-CONTRACT-2026-9598
PHO-004574,PHO-002214,EDGE-0004289,EV-CONTRACT-2026-2979
PHO-001990,PHO-000321,EDGE-0004290,EV-CONTRACT-2026-4889
PHO-004258,PHO-002358,EDGE-0004291,EV-CONTRACT-2026-6523
PHO-003185,PHO-003078,EDGE-0004292,EV-CONTRACT-2026-5751
PHO-002552,PHO-002984,EDGE-0004293,EV-CONTRACT-2026-3396
PHO-001048,PHO-003648,EDGE-0004294,EV-CONTRACT-2026-3443
PHO-000287,PHO-002184,EDGE-0004295,EV-CONTRACT-2026-5933
PHO-000513,PHO-003864,EDGE-0004296,EV-CONTRACT-2026-7470
PHO-001135,PHO-004495,EDGE-0004297,EV-CONTRACT-2026-6510
PHO-002034,PHO-000836,EDGE-0004298,EV-CONTRACT-2026-2306
PHO-001618,PHO-004528,EDGE-0004299,EV-CONTRACT-2026-8919
PHO-004377,PHO-000868,EDGE-0004300,EV-CONTRACT-2026-5515
PHO-003865,PHO-001188,EDGE-0004301,EV-CONTRACT-2026-4060
PHO-002745,PHO-001646,EDGE-0004302,EV-CONTRACT-2026-9888
PHO-001532,PHO-001048,EDGE-0004303,EV-CONTRACT-2026-2421
PHO-004501,PHO-003384,EDGE-0004304,EV-CONTRACT-2026-2386
PHO-002880,PHO-001007,EDGE-0004305,EV-CONTRACT-2026-1029
PHO-002882,PHO-000654,EDGE-0004306,EV-CONTRACT-2026-7915
PHO-003571,PHO-001605,EDGE-0004307,EV-CONTRACT-2026-6740
PHO-003385,PHO-001558,EDGE-0004308,EV-CONTRACT-2026-8022
PHO-000235,PHO-002853,EDGE-0004309,EV-CONTRACT-2026-1013
PHO-001594,PHO-002451,EDGE-0004310,EV-CONTRACT-2026-9610
PHO-001339,PHO-001645,EDGE-0004311,EV-CONTRACT-2026-4905
PHO-000359,PHO-003235,EDGE-0004312,EV-CONTRACT-2026-9930
PHO-001607,PHO-001318,EDGE-0004313,EV-CONTRACT-2026-5891
PHO-003653,PHO-004730,EDGE-0004314,EV-CONTRACT-2026-1427
PHO-001267,PHO-001298,EDGE-0004315,EV-CONTRACT-2026-9341
PHO-001730,PHO-003484,EDGE-0004316,EV-CONTRACT-2026-8054
PHO-003459,PHO-000511,EDGE-0004317,EV-CONTRACT-2026-5873
PHO-001920,PHO-004655,EDGE-0004318,EV-CONTRACT-2026-4967
PHO-002930,PHO-003646,EDGE-0004319,EV-CONTRACT-2026-7721
PHO-001215,PHO-000469,EDGE-0004320,EV-CONTRACT-2026-3876
PHO-001180,PHO-002582,EDGE-0004321,EV-CONTRACT-2026-6363
PHO-000267,PHO-003897,EDGE-0004322,EV-CONTRACT-2026-2748
PHO-003123,PHO-000930,EDGE-0004323,EV-CONTRACT-2026-7129
PHO-001856,PHO-001181,EDGE-0004324,EV-CONTRACT-2026-6089
PHO-004052,PHO-004447,EDGE-0004325,EV-CONTRACT-2026-3294
PHO-003951,PHO-003588,EDGE-0004326,EV-CONTRACT-2026-2310
PHO-003268,PHO-003524,EDGE-0004327,EV-CONTRACT-2026-3064
PHO-004356,PHO-000051,EDGE-0004328,EV-CONTRACT-2026-5865
PHO-004845,PHO-002566,EDGE-0004329,EV-CONTRACT-2026-5463
PHO-001920,PHO-001347,EDGE-0004330,EV-CONTRACT-2026-2910
PHO-002528,PHO-002873,EDGE-0004331,EV-CONTRACT-2026-2277
PHO-001176,PHO-003040,EDGE-0004332,EV-CONTRACT-2026-8933
PHO-000787,PHO-002855,EDGE-0004333,EV-CONTRACT-2026-7545
PHO-003091,PHO-001754,EDGE-0004334,EV-CONTRACT-2026-9620
PHO-002782,PHO-000755,EDGE-0004335,EV-CONTRACT-2026-5957
PHO-003553,PHO-003437,EDGE-0004336,EV-CONTRACT-2026-9412
PHO-000353,PHO-000649,EDGE-0004337,EV-CONTRACT-2026-8107
PHO-001164,PHO-002094,EDGE-0004338,EV-CONTRACT-2026-8746
PHO-004845,PHO-001684,EDGE-0004339,EV-CONTRACT-2026-3495
PHO-001685,PHO-004663,EDGE-0004340,EV-CONTRACT-2026-1836
PHO-001910,PHO-001781,EDGE-0004341,EV-CONTRACT-2026-7749
PHO-004051,PHO-002586,EDGE-0004342,EV-CONTRACT-2026-5936
PHO-001401,PHO-000404,EDGE-0004343,EV-CONTRACT-2026-3331
PHO-003606,PHO-002891,EDGE-0004344,EV-CONTRACT-2026-5523
PHO-003712,PHO-000832,EDGE-0004345,EV-CONTRACT-2026-3040
PHO-000598,PHO-001875,EDGE-0004346,EV-CONTRACT-2026-7003
PHO-002659,PHO-003307,EDGE-0004347,EV-CONTRACT-2026-4006
PHO-002513,PHO-003324,EDGE-0004348,EV-CONTRACT-2026-7159
PHO-004734,PHO-003853,EDGE-0004349,EV-CONTRACT-2026-1364
PHO-002721,PHO-000390,EDGE-0004350,EV-CONTRACT-2026-7959
PHO-003510,PHO-002479,EDGE-0004351,EV-CONTRACT-2026-9473
PHO-001184,PHO-001615,EDGE-0004352,EV-CONTRACT-2026-1046
PHO-000801,PHO-000229,EDGE-0004353,EV-CONTRACT-2026-4181
PHO-004363,PHO-003190,EDGE-0004354,EV-CONTRACT-2026-5209
PHO-004548,PHO-000283,EDGE-0004355,EV-CONTRACT-2026-4024
PHO-003170,PHO-004836,EDGE-0004356,EV-CONTRACT-2026-6798
PHO-001298,PHO-002586,EDGE-0004357,EV-CONTRACT-2026-1747
PHO-002520,PHO-001006,EDGE-0004358,EV-CONTRACT-2026-4330
PHO-000489,PHO-002596,EDGE-0004359,EV-CONTRACT-2026-4085
PHO-000116,PHO-004976,EDGE-0004360,EV-CONTRACT-2026-5473
PHO-004839,PHO-002190,EDGE-0004361,EV-CONTRACT-2026-3975
PHO-001811,PHO-004545,EDGE-0004362,EV-CONTRACT-2026-2808
PHO-003611,PHO-000382,EDGE-0004363,EV-CONTRACT-2026-6521
PHO-004867,PHO-004720,EDGE-0004364,EV-CONTRACT-2026-6117
PHO-003860,PHO-004762,EDGE-0004365,EV-CONTRACT-2026-4820
PHO-003625,PHO-004181,EDGE-0004366,EV-CONTRACT-2026-1956
PHO-000645,PHO-002733,EDGE-0004367,EV-CONTRACT-2026-4710
PHO-000497,PHO-001163,EDGE-0004368,EV-CONTRACT-2026-8294
PHO-002830,PHO-000067,EDGE-0004369,EV-CONTRACT-2026-5043
PHO-001699,PHO-003819,EDGE-0004370,EV-CONTRACT-2026-7774
PHO-003517,PHO-004178,EDGE-0004371,EV-CONTRACT-2026-4258
PHO-001392,PHO-002009,EDGE-0004372,EV-CONTRACT-2026-9971
PHO-004114,PHO-003211,EDGE-0004373,EV-CONTRACT-2026-9967
PHO-000444,PHO-004513,EDGE-0004374,EV-CONTRACT-2026-2433
PHO-001836,PHO-000996,EDGE-0004375,EV-CONTRACT-2026-6425
PHO-003796,PHO-002003,EDGE-0004376,EV-CONTRACT-2026-3211
PHO-003232,PHO-000572,EDGE-0004377,EV-CONTRACT-2026-8674
PHO-002286,PHO-000394,EDGE-0004378,EV-CONTRACT-2026-5299
PHO-000057,PHO-003400,EDGE-0004379,EV-CONTRACT-2026-1776
PHO-001533,PHO-001618,EDGE-0004380,EV-CONTRACT-2026-7664
PHO-003693,PHO-004150,EDGE-0004381,EV-CONTRACT-2026-3772
PHO-000281,PHO-003230,EDGE-0004382,EV-CONTRACT-2026-5963
PHO-003562,PHO-001320,EDGE-0004383,EV-CONTRACT-2026-4489
PHO-003475,PHO-001766,EDGE-0004384,EV-CONTRACT-2026-7537
PHO-003499,PHO-004222,EDGE-0004385,EV-CONTRACT-2026-1132
PHO-001489,PHO-004747,EDGE-0004386,EV-CONTRACT-2026-2148
PHO-004312,PHO-001360,EDGE-0004387,EV-CONTRACT-2026-6237
PHO-001725,PHO-004143,EDGE-0004388,EV-CONTRACT-2026-1587
PHO-001157,PHO-000826,EDGE-0004389,EV-CONTRACT-2026-5073
PHO-003112,PHO-004289,EDGE-0004390,EV-CONTRACT-2026-3661
PHO-002411,PHO-003692,EDGE-0004391,EV-CONTRACT-2026-2672
PHO-003999,PHO-000364,EDGE-0004392,EV-CONTRACT-2026-6630
PHO-001069,PHO-004708,EDGE-0004393,EV-CONTRACT-2026-6701
PHO-000088,PHO-004912,EDGE-0004394,EV-CONTRACT-2026-6906
PHO-003610,PHO-003588,EDGE-0004395,EV-CONTRACT-2026-5352
PHO-003812,PHO-002843,EDGE-0004396,EV-CONTRACT-2026-4488
PHO-003055,PHO-002978,EDGE-0004397,EV-CONTRACT-2026-7695
PHO-003327,PHO-004636,EDGE-0004398,EV-CONTRACT-2026-2436
PHO-001660,PHO-004920,EDGE-0004399,EV-CONTRACT-2026-3647
PHO-003593,PHO-000110,EDGE-0004400,EV-CONTRACT-2026-6865
PHO-001166,PHO-001934,EDGE-0004401,EV-CONTRACT-2026-6853
PHO-004939,PHO-000740,EDGE-0004402,EV-CONTRACT-2026-2696
PHO-001297,PHO-003454,EDGE-0004403,EV-CONTRACT-2026-3400
PHO-003545,PHO-002602,EDGE-0004404,EV-CONTRACT-2026-6110
PHO-002574,PHO-003493,EDGE-0004405,EV-CONTRACT-2026-8692
PHO-004801,PHO-000705,EDGE-0004406,EV-CONTRACT-2026-3525
PHO-003959,PHO-002056,EDGE-0004407,EV-CONTRACT-2026-2801
PHO-002382,PHO-000396,EDGE-0004408,EV-CONTRACT-2026-2284
PHO-005000,PHO-000275,EDGE-0004409,EV-CONTRACT-2026-1356
PHO-003505,PHO-004606,EDGE-0004410,EV-CONTRACT-2026-4193
PHO-002321,PHO-000737,EDGE-0004411,EV-CONTRACT-2026-9657
PHO-003066,PHO-002867,EDGE-0004412,EV-CONTRACT-2026-3289
PHO-001221,PHO-002229,EDGE-0004413,EV-CONTRACT-2026-1466
PHO-002998,PHO-004353,EDGE-0004414,EV-CONTRACT-2026-4466
PHO-000694,PHO-003414,EDGE-0004415,EV-CONTRACT-2026-6701
PHO-000781,PHO-002646,EDGE-0004416,EV-CONTRACT-2026-6563
PHO-001156,PHO-003737,EDGE-0004417,EV-CONTRACT-2026-2542
PHO-000534,PHO-000595,EDGE-0004418,EV-CONTRACT-2026-8635
PHO-000984,PHO-004800,EDGE-0004419,EV-CONTRACT-2026-4187
PHO-002305,PHO-003116,EDGE-0004420,EV-CONTRACT-2026-6927
PHO-000789,PHO-004412,EDGE-0004421,EV-CONTRACT-2026-7421
PHO-004852,PHO-004783,EDGE-0004422,EV-CONTRACT-2026-4227
PHO-002459,PHO-003123,EDGE-0004423,EV-CONTRACT-2026-7312
PHO-000832,PHO-004122,EDGE-0004424,EV-CONTRACT-2026-2493
PHO-000099,PHO-001507,EDGE-0004425,EV-CONTRACT-2026-1840
PHO-002737,PHO-000730,EDGE-0004426,EV-CONTRACT-2026-5490
PHO-000756,PHO-001375,EDGE-0004427,EV-CONTRACT-2026-5233
PHO-000554,PHO-000517,EDGE-0004428,EV-CONTRACT-2026-5482
PHO-004090,PHO-002290,EDGE-0004429,EV-CONTRACT-2026-5662
PHO-002145,PHO-004600,EDGE-0004430,EV-CONTRACT-2026-6859
PHO-002822,PHO-000664,EDGE-0004431,EV-CONTRACT-2026-6918
PHO-001854,PHO-004682,EDGE-0004432,EV-CONTRACT-2026-5894
PHO-004175,PHO-003039,EDGE-0004433,EV-CONTRACT-2026-8724
PHO-000263,PHO-001377,EDGE-0004434,EV-CONTRACT-2026-8711
PHO-000173,PHO-002100,EDGE-0004435,EV-CONTRACT-2026-1591
PHO-001643,PHO-000104,EDGE-0004436,EV-CONTRACT-2026-4906
PHO-001185,PHO-000860,EDGE-0004437,EV-CONTRACT-2026-7398
PHO-000998,PHO-000097,EDGE-0004438,EV-CONTRACT-2026-4264
PHO-004790,PHO-004166,EDGE-0004439,EV-CONTRACT-2026-8580
PHO-002605,PHO-000565,EDGE-0004440,EV-CONTRACT-2026-1141
PHO-003701,PHO-003490,EDGE-0004441,EV-CONTRACT-2026-1187
PHO-004078,PHO-002850,EDGE-0004442,EV-CONTRACT-2026-8392
PHO-003690,PHO-002883,EDGE-0004443,EV-CONTRACT-2026-3247
PHO-000266,PHO-004073,EDGE-0004444,EV-CONTRACT-2026-8581
PHO-001594,PHO-003235,EDGE-0004445,EV-CONTRACT-2026-4277
PHO-001834,PHO-003113,EDGE-0004446,EV-CONTRACT-2026-1555
PHO-001406,PHO-002198,EDGE-0004447,EV-CONTRACT-2026-9978
PHO-000507,PHO-000607,EDGE-0004448,EV-CONTRACT-2026-4367
PHO-004566,PHO-003890,EDGE-0004449,EV-CONTRACT-2026-3583
PHO-000894,PHO-000346,EDGE-0004450,EV-CONTRACT-2026-6591
PHO-004096,PHO-000992,EDGE-0004451,EV-CONTRACT-2026-1538
PHO-000356,PHO-004317,EDGE-0004452,EV-CONTRACT-2026-3573
PHO-000274,PHO-004829,EDGE-0004453,EV-CONTRACT-2026-3646
PHO-002361,PHO-003157,EDGE-0004454,EV-CONTRACT-2026-5454
PHO-001775,PHO-002855,EDGE-0004455,EV-CONTRACT-2026-9655
PHO-004798,PHO-004781,EDGE-0004456,EV-CONTRACT-2026-6747
PHO-000736,PHO-002899,EDGE-0004457,EV-CONTRACT-2026-2891
PHO-000162,PHO-001652,EDGE-0004458,EV-CONTRACT-2026-2578
PHO-003876,PHO-001203,EDGE-0004459,EV-CONTRACT-2026-5291
PHO-004672,PHO-003854,EDGE-0004460,EV-CONTRACT-2026-1858
PHO-001349,PHO-002852,EDGE-0004461,EV-CONTRACT-2026-8610
PHO-003459,PHO-001989,EDGE-0004462,EV-CONTRACT-2026-6799
PHO-003906,PHO-001526,EDGE-0004463,EV-CONTRACT-2026-4318
PHO-000972,PHO-003708,EDGE-0004464,EV-CONTRACT-2026-9110
PHO-000098,PHO-003607,EDGE-0004465,EV-CONTRACT-2026-8756
PHO-002244,PHO-002143,EDGE-0004466,EV-CONTRACT-2026-5396
PHO-000252,PHO-001526,EDGE-0004467,EV-CONTRACT-2026-1853
PHO-001578,PHO-003434,EDGE-0004468,EV-CONTRACT-2026-4179
PHO-001941,PHO-003962,EDGE-0004469,EV-CONTRACT-2026-8457
PHO-003187,PHO-002778,EDGE-0004470,EV-CONTRACT-2026-9948
PHO-002730,PHO-003593,EDGE-0004471,EV-CONTRACT-2026-5784
PHO-001392,PHO-002255,EDGE-0004472,EV-CONTRACT-2026-8692
PHO-000973,PHO-003125,EDGE-0004473,EV-CONTRACT-2026-7669
PHO-003536,PHO-000334,EDGE-0004474,EV-CONTRACT-2026-8139
PHO-001375,PHO-001414,EDGE-0004475,EV-CONTRACT-2026-9672
PHO-001847,PHO-003504,EDGE-0004476,EV-CONTRACT-2026-2676
PHO-001479,PHO-003961,EDGE-0004477,EV-CONTRACT-2026-9317
PHO-000656,PHO-003252,EDGE-0004478,EV-CONTRACT-2026-7716
PHO-002462,PHO-002356,EDGE-0004479,EV-CONTRACT-2026-8545
PHO-001036,PHO-002404,EDGE-0004480,EV-CONTRACT-2026-2248
PHO-004103,PHO-000073,EDGE-0004481,EV-CONTRACT-2026-1693
PHO-002326,PHO-004358,EDGE-0004482,EV-CONTRACT-2026-4442
PHO-000935,PHO-002671,EDGE-0004483,EV-CONTRACT-2026-9834
PHO-003254,PHO-004417,EDGE-0004484,EV-CONTRACT-2026-2666
PHO-002458,PHO-001717,EDGE-0004485,EV-CONTRACT-2026-5604
PHO-002441,PHO-002805,EDGE-0004486,EV-CONTRACT-2026-9030
PHO-001354,PHO-000631,EDGE-0004487,EV-CONTRACT-2026-7775
PHO-000737,PHO-001335,EDGE-0004488,EV-CONTRACT-2026-4259
PHO-001102,PHO-002727,EDGE-0004489,EV-CONTRACT-2026-1745
PHO-004086,PHO-003359,EDGE-0004490,EV-CONTRACT-2026-9504
PHO-003115,PHO-001926,EDGE-0004491,EV-CONTRACT-2026-5377
PHO-000591,PHO-001500,EDGE-0004492,EV-CONTRACT-2026-8941
PHO-001778,PHO-001896,EDGE-0004493,EV-CONTRACT-2026-1758
PHO-002467,PHO-002687,EDGE-0004494,EV-CONTRACT-2026-1239
PHO-001426,PHO-003417,EDGE-0004495,EV-CONTRACT-2026-3551
PHO-001731,PHO-002557,EDGE-0004496,EV-CONTRACT-2026-9690
PHO-000533,PHO-004452,EDGE-0004497,EV-CONTRACT-2026-3957
PHO-002673,PHO-001635,EDGE-0004498,EV-CONTRACT-2026-4339
PHO-004935,PHO-004779,EDGE-0004499,EV-CONTRACT-2026-8202
PHO-002407,PHO-001563,EDGE-0004500,EV-CONTRACT-2026-4889
PHO-003054,PHO-003731,EDGE-0004501,EV-CONTRACT-2026-5211
PHO-004163,PHO-000550,EDGE-0004502,EV-CONTRACT-2026-5119
PHO-004673,PHO-001738,EDGE-0004503,EV-CONTRACT-2026-1928
PHO-004049,PHO-004790,EDGE-0004504,EV-CONTRACT-2026-3935
PHO-000506,PHO-000358,EDGE-0004505,EV-CONTRACT-2026-7792
PHO-001207,PHO-001510,EDGE-0004506,EV-CONTRACT-2026-3191
PHO-000824,PHO-004793,EDGE-0004507,EV-CONTRACT-2026-8317
PHO-003405,PHO-001498,EDGE-0004508,EV-CONTRACT-2026-8010
PHO-001196,PHO-000266,EDGE-0004509,EV-CONTRACT-2026-5491
PHO-001889,PHO-001351,EDGE-0004510,EV-CONTRACT-2026-1038
PHO-000023,PHO-003117,EDGE-0004511,EV-CONTRACT-2026-2410
PHO-000435,PHO-004355,EDGE-0004512,EV-CONTRACT-2026-7323
PHO-003497,PHO-000946,EDGE-0004513,EV-CONTRACT-2026-8761
PHO-004923,PHO-003396,EDGE-0004514,EV-CONTRACT-2026-5293
PHO-003796,PHO-003709,EDGE-0004515,EV-CONTRACT-2026-2078
PHO-004800,PHO-000294,EDGE-0004516,EV-CONTRACT-2026-6278
PHO-001775,PHO-002201,EDGE-0004517,EV-CONTRACT-2026-8447
PHO-000857,PHO-004491,EDGE-0004518,EV-CONTRACT-2026-4536
PHO-002915,PHO-003426,EDGE-0004519,EV-CONTRACT-2026-9282
PHO-002185,PHO-004432,EDGE-0004520,EV-CONTRACT-2026-7746
PHO-000757,PHO-003861,EDGE-0004521,EV-CONTRACT-2026-5059
PHO-002075,PHO-002316,EDGE-0004522,EV-CONTRACT-2026-8832
PHO-001303,PHO-004503,EDGE-0004523,EV-CONTRACT-2026-4736
PHO-003240,PHO-000058,EDGE-0004524,EV-CONTRACT-2026-9001
PHO-002008,PHO-000453,EDGE-0004525,EV-CONTRACT-2026-7654
PHO-000274,PHO-003690,EDGE-0004526,EV-CONTRACT-2026-5824
PHO-004276,PHO-003681,EDGE-0004527,EV-CONTRACT-2026-6920
PHO-002738,PHO-001435,EDGE-0004528,EV-CONTRACT-2026-1167
PHO-000975,PHO-003330,EDGE-0004529,EV-CONTRACT-2026-3952
PHO-004482,PHO-001308,EDGE-0004530,EV-CONTRACT-2026-9200
PHO-001488,PHO-003677,EDGE-0004531,EV-CONTRACT-2026-6147
PHO-003519,PHO-002034,EDGE-0004532,EV-CONTRACT-2026-4541
PHO-002873,PHO-001244,EDGE-0004533,EV-CONTRACT-2026-2556
PHO-002630,PHO-000759,EDGE-0004534,EV-CONTRACT-2026-5118
PHO-001719,PHO-004405,EDGE-0004535,EV-CONTRACT-2026-5602
PHO-004961,PHO-004206,EDGE-0004536,EV-CONTRACT-2026-9835
PHO-003824,PHO-000734,EDGE-0004537,EV-CONTRACT-2026-1231
PHO-000990,PHO-000683,EDGE-0004538,EV-CONTRACT-2026-4936
PHO-001638,PHO-002372,EDGE-0004539,EV-CONTRACT-2026-8036
PHO-002553,PHO-001830,EDGE-0004540,EV-CONTRACT-2026-9052
PHO-002074,PHO-001152,EDGE-0004541,EV-CONTRACT-2026-4464
PHO-000180,PHO-001610,EDGE-0004542,EV-CONTRACT-2026-9038
PHO-001193,PHO-002416,EDGE-0004543,EV-CONTRACT-2026-5366
PHO-003332,PHO-003152,EDGE-0004544,EV-CONTRACT-2026-7641
PHO-001182,PHO-002349,EDGE-0004545,EV-CONTRACT-2026-5693
PHO-000343,PHO-003923,EDGE-0004546,EV-CONTRACT-2026-9145
PHO-001566,PHO-002887,EDGE-0004547,EV-CONTRACT-2026-6029
PHO-004285,PHO-001105,EDGE-0004548,EV-CONTRACT-2026-8363
PHO-004960,PHO-002902,EDGE-0004549,EV-CONTRACT-2026-6831
PHO-002711,PHO-002374,EDGE-0004550,EV-CONTRACT-2026-3463
PHO-002943,PHO-002055,EDGE-0004551,EV-CONTRACT-2026-5723
PHO-000559,PHO-001332,EDGE-0004552,EV-CONTRACT-2026-9757
PHO-001370,PHO-003206,EDGE-0004553,EV-CONTRACT-2026-6673
PHO-002768,PHO-002642,EDGE-0004554,EV-CONTRACT-2026-7017
PHO-002446,PHO-001013,EDGE-0004555,EV-CONTRACT-2026-2416
PHO-003193,PHO-002672,EDGE-0004556,EV-CONTRACT-2026-2836
PHO-003020,PHO-003060,EDGE-0004557,EV-CONTRACT-2026-5991
PHO-001269,PHO-003900,EDGE-0004558,EV-CONTRACT-2026-5427
PHO-004021,PHO-004285,EDGE-0004559,EV-CONTRACT-2026-8071
PHO-004459,PHO-004846,EDGE-0004560,EV-CONTRACT-2026-2291
PHO-001492,PHO-004689,EDGE-0004561,EV-CONTRACT-2026-6499
PHO-002786,PHO-001229,EDGE-0004562,EV-CONTRACT-2026-7801
PHO-000556,PHO-000571,EDGE-0004563,EV-CONTRACT-2026-8464
PHO-004632,PHO-004676,EDGE-0004564,EV-CONTRACT-2026-7666
PHO-003054,PHO-001907,EDGE-0004565,EV-CONTRACT-2026-4910
PHO-003040,PHO-002413,EDGE-0004566,EV-CONTRACT-2026-5058
PHO-002980,PHO-004213,EDGE-0004567,EV-CONTRACT-2026-4231
PHO-001658,PHO-001705,EDGE-0004568,EV-CONTRACT-2026-5885
PHO-002732,PHO-004595,EDGE-0004569,EV-CONTRACT-2026-9090
PHO-001444,PHO-003635,EDGE-0004570,EV-CONTRACT-2026-9977
PHO-001589,PHO-000203,EDGE-0004571,EV-CONTRACT-2026-4733
PHO-001201,PHO-003571,EDGE-0004572,EV-CONTRACT-2026-5986
PHO-002317,PHO-003886,EDGE-0004573,EV-CONTRACT-2026-3025
PHO-000787,PHO-000866,EDGE-0004574,EV-CONTRACT-2026-3936
PHO-003977,PHO-000499,EDGE-0004575,EV-CONTRACT-2026-2817
PHO-000716,PHO-003107,EDGE-0004576,EV-CONTRACT-2026-5398
PHO-002662,PHO-000194,EDGE-0004577,EV-CONTRACT-2026-9671
PHO-000421,PHO-002682,EDGE-0004578,EV-CONTRACT-2026-5354
PHO-002910,PHO-003846,EDGE-0004579,EV-CONTRACT-2026-8400
PHO-003858,PHO-002279,EDGE-0004580,EV-CONTRACT-2026-8699
PHO-004882,PHO-002405,EDGE-0004581,EV-CONTRACT-2026-5258
PHO-003474,PHO-000995,EDGE-0004582,EV-CONTRACT-2026-9450
PHO-004423,PHO-003426,EDGE-0004583,EV-CONTRACT-2026-6402
PHO-002705,PHO-001778,EDGE-0004584,EV-CONTRACT-2026-5236
PHO-003823,PHO-001761,EDGE-0004585,EV-CONTRACT-2026-1566
PHO-004130,PHO-000509,EDGE-0004586,EV-CONTRACT-2026-5420
PHO-002522,PHO-003962,EDGE-0004587,EV-CONTRACT-2026-5802
PHO-002347,PHO-002287,EDGE-0004588,EV-CONTRACT-2026-6455
PHO-004261,PHO-000858,EDGE-0004589,EV-CONTRACT-2026-4089
PHO-004865,PHO-003092,EDGE-0004590,EV-CONTRACT-2026-7838
PHO-002228,PHO-002223,EDGE-0004591,EV-CONTRACT-2026-3982
PHO-001551,PHO-004495,EDGE-0004592,EV-CONTRACT-2026-8196
PHO-000717,PHO-001474,EDGE-0004593,EV-CONTRACT-2026-9101
PHO-000076,PHO-003580,EDGE-0004594,EV-CONTRACT-2026-4611
PHO-001384,PHO-004217,EDGE-0004595,EV-CONTRACT-2026-5734
PHO-002668,PHO-004733,EDGE-0004596,EV-CONTRACT-2026-8180
PHO-000409,PHO-003555,EDGE-0004597,EV-CONTRACT-2026-1305
PHO-004100,PHO-001213,EDGE-0004598,EV-CONTRACT-2026-1580
PHO-001422,PHO-004001,EDGE-0004599,EV-CONTRACT-2026-7065
PHO-000605,PHO-000047,EDGE-0004600,EV-CONTRACT-2026-3756
PHO-001632,PHO-000076,EDGE-0004601,EV-CONTRACT-2026-8596
PHO-000632,PHO-002275,EDGE-0004602,EV-CONTRACT-2026-6668
PHO-003707,PHO-004435,EDGE-0004603,EV-CONTRACT-2026-6024
PHO-004038,PHO-001352,EDGE-0004604,EV-CONTRACT-2026-4615
PHO-004454,PHO-000129,EDGE-0004605,EV-CONTRACT-2026-1440
PHO-003833,PHO-003164,EDGE-0004606,EV-CONTRACT-2026-6449
PHO-001107,PHO-000749,EDGE-0004607,EV-CONTRACT-2026-8847
PHO-004012,PHO-001767,EDGE-0004608,EV-CONTRACT-2026-2101
PHO-003464,PHO-001349,EDGE-0004609,EV-CONTRACT-2026-2934
PHO-000393,PHO-002125,EDGE-0004610,EV-CONTRACT-2026-3725
PHO-001616,PHO-004370,EDGE-0004611,EV-CONTRACT-2026-4788
PHO-004474,PHO-002631,EDGE-0004612,EV-CONTRACT-2026-9228
PHO-001767,PHO-003059,EDGE-0004613,EV-CONTRACT-2026-1591
PHO-004683,PHO-000088,EDGE-0004614,EV-CONTRACT-2026-4500
PHO-003050,PHO-001673,EDGE-0004615,EV-CONTRACT-2026-7115
PHO-004682,PHO-004185,EDGE-0004616,EV-CONTRACT-2026-6768
PHO-001274,PHO-003097,EDGE-0004617,EV-CONTRACT-2026-6184
PHO-001570,PHO-000321,EDGE-0004618,EV-CONTRACT-2026-1418
PHO-002900,PHO-004941,EDGE-0004619,EV-CONTRACT-2026-1777
PHO-001766,PHO-002484,EDGE-0004620,EV-CONTRACT-2026-6954
PHO-000758,PHO-004724,EDGE-0004621,EV-CONTRACT-2026-4995
PHO-000205,PHO-003954,EDGE-0004622,EV-CONTRACT-2026-5645
PHO-003402,PHO-004510,EDGE-0004623,EV-CONTRACT-2026-7572
PHO-001073,PHO-004702,EDGE-0004624,EV-CONTRACT-2026-6999
PHO-002996,PHO-001905,EDGE-0004625,EV-CONTRACT-2026-5422
PHO-004789,PHO-003587,EDGE-0004626,EV-CONTRACT-2026-1444
PHO-000316,PHO-000824,EDGE-0004627,EV-CONTRACT-2026-4931
PHO-004064,PHO-001349,EDGE-0004628,EV-CONTRACT-2026-9066
PHO-000604,PHO-004441,EDGE-0004629,EV-CONTRACT-2026-2830
PHO-003053,PHO-004868,EDGE-0004630,EV-CONTRACT-2026-2496
PHO-001868,PHO-000093,EDGE-0004631,EV-CONTRACT-2026-5858
PHO-004896,PHO-003724,EDGE-0004632,EV-CONTRACT-2026-7536
PHO-001111,PHO-001175,EDGE-0004633,EV-CONTRACT-2026-9640
PHO-004374,PHO-000739,EDGE-0004634,EV-CONTRACT-2026-6503
PHO-000711,PHO-004657,EDGE-0004635,EV-CONTRACT-2026-1009
PHO-000887,PHO-002369,EDGE-0004636,EV-CONTRACT-2026-8308
PHO-002603,PHO-002029,EDGE-0004637,EV-CONTRACT-2026-4527
PHO-002741,PHO-000181,EDGE-0004638,EV-CONTRACT-2026-1999
PHO-004881,PHO-000028,EDGE-0004639,EV-CONTRACT-2026-3415
PHO-000421,PHO-000384,EDGE-0004640,EV-CONTRACT-2026-5034
PHO-000829,PHO-004676,EDGE-0004641,EV-CONTRACT-2026-1499
PHO-004872,PHO-004462,EDGE-0004642,EV-CONTRACT-2026-8031
PHO-004900,PHO-003484,EDGE-0004643,EV-CONTRACT-2026-2470
PHO-004180,PHO-002622,EDGE-0004644,EV-CONTRACT-2026-3329
PHO-003743,PHO-000195,EDGE-0004645,EV-CONTRACT-2026-3320
PHO-001208,PHO-000550,EDGE-0004646,EV-CONTRACT-2026-6719
PHO-003565,PHO-002445,EDGE-0004647,EV-CONTRACT-2026-5494
PHO-003969,PHO-002384,EDGE-0004648,EV-CONTRACT-2026-7639
PHO-002845,PHO-004485,EDGE-0004649,EV-CONTRACT-2026-6051
PHO-001457,PHO-002557,EDGE-0004650,EV-CONTRACT-2026-2947
PHO-001239,PHO-001323,EDGE-0004651,EV-CONTRACT-2026-4435
PHO-003099,PHO-003305,EDGE-0004652,EV-CONTRACT-2026-7678
PHO-003992,PHO-001318,EDGE-0004653,EV-CONTRACT-2026-4468
PHO-002959,PHO-000237,EDGE-0004654,EV-CONTRACT-2026-1075
PHO-002752,PHO-003329,EDGE-0004655,EV-CONTRACT-2026-9174
PHO-004291,PHO-001689,EDGE-0004656,EV-CONTRACT-2026-4775
PHO-001411,PHO-002177,EDGE-0004657,EV-CONTRACT-2026-7079
PHO-002289,PHO-001034,EDGE-0004658,EV-CONTRACT-2026-8536
PHO-002711,PHO-002764,EDGE-0004659,EV-CONTRACT-2026-2849
PHO-001616,PHO-000631,EDGE-0004660,EV-CONTRACT-2026-8887
PHO-000240,PHO-003747,EDGE-0004661,EV-CONTRACT-2026-8740
PHO-004704,PHO-000567,EDGE-0004662,EV-CONTRACT-2026-6899
PHO-000566,PHO-002651,EDGE-0004663,EV-CONTRACT-2026-4528
PHO-000171,PHO-003143,EDGE-0004664,EV-CONTRACT-2026-2683
PHO-000832,PHO-000959,EDGE-0004665,EV-CONTRACT-2026-5547
PHO-002303,PHO-004067,EDGE-0004666,EV-CONTRACT-2026-9422
PHO-003451,PHO-002553,EDGE-0004667,EV-CONTRACT-2026-8510
PHO-001303,PHO-001758,EDGE-0004668,EV-CONTRACT-2026-8253
PHO-004270,PHO-002759,EDGE-0004669,EV-CONTRACT-2026-9735
PHO-001348,PHO-000065,EDGE-0004670,EV-CONTRACT-2026-6652
PHO-000043,PHO-001599,EDGE-0004671,EV-CONTRACT-2026-5949
PHO-000782,PHO-000815,EDGE-0004672,EV-CONTRACT-2026-3655
PHO-001127,PHO-001210,EDGE-0004673,EV-CONTRACT-2026-1515
PHO-002300,PHO-004202,EDGE-0004674,EV-CONTRACT-2026-7229
PHO-002977,PHO-003577,EDGE-0004675,EV-CONTRACT-2026-3239
PHO-003216,PHO-001349,EDGE-0004676,EV-CONTRACT-2026-8446
PHO-000168,PHO-002095,EDGE-0004677,EV-CONTRACT-2026-1922
PHO-000934,PHO-001086,EDGE-0004678,EV-CONTRACT-2026-8074
PHO-003433,PHO-002685,EDGE-0004679,EV-CONTRACT-2026-5947
PHO-002058,PHO-002076,EDGE-0004680,EV-CONTRACT-2026-5230
PHO-002321,PHO-000400,EDGE-0004681,EV-CONTRACT-2026-8339
PHO-004195,PHO-003797,EDGE-0004682,EV-CONTRACT-2026-2899
PHO-002830,PHO-000419,EDGE-0004683,EV-CONTRACT-2026-6746
PHO-002243,PHO-002250,EDGE-0004684,EV-CONTRACT-2026-5046
PHO-004365,PHO-002542,EDGE-0004685,EV-CONTRACT-2026-6355
PHO-001631,PHO-003397,EDGE-0004686,EV-CONTRACT-2026-6527
PHO-000911,PHO-000162,EDGE-0004687,EV-CONTRACT-2026-3227
PHO-001753,PHO-001282,EDGE-0004688,EV-CONTRACT-2026-6666
PHO-001152,PHO-002576,EDGE-0004689,EV-CONTRACT-2026-9113
PHO-001826,PHO-002977,EDGE-0004690,EV-CONTRACT-2026-5215
PHO-002255,PHO-002222,EDGE-0004691,EV-CONTRACT-2026-2445
PHO-000539,PHO-000297,EDGE-0004692,EV-CONTRACT-2026-8094
PHO-003470,PHO-002775,EDGE-0004693,EV-CONTRACT-2026-8721
PHO-003277,PHO-000902,EDGE-0004694,EV-CONTRACT-2026-4022
PHO-002451,PHO-001449,EDGE-0004695,EV-CONTRACT-2026-4145
PHO-002621,PHO-001947,EDGE-0004696,EV-CONTRACT-2026-2463
PHO-001777,PHO-002904,EDGE-0004697,EV-CONTRACT-2026-2697
PHO-003147,PHO-001411,EDGE-0004698,EV-CONTRACT-2026-1554
PHO-001475,PHO-004897,EDGE-0004699,EV-CONTRACT-2026-4189
PHO-000780,PHO-001901,EDGE-0004700,EV-CONTRACT-2026-2616
PHO-004090,PHO-002472,EDGE-0004701,EV-CONTRACT-2026-1391
PHO-002113,PHO-002295,EDGE-0004702,EV-CONTRACT-2026-1782
PHO-003104,PHO-002741,EDGE-0004703,EV-CONTRACT-2026-3579
PHO-000837,PHO-000338,EDGE-0004704,EV-CONTRACT-2026-4130
PHO-000837,PHO-003381,EDGE-0004705,EV-CONTRACT-2026-4065
PHO-002030,PHO-004094,EDGE-0004706,EV-CONTRACT-2026-6163
PHO-000305,PHO-004170,EDGE-0004707,EV-CONTRACT-2026-8723
PHO-002893,PHO-002877,EDGE-0004708,EV-CONTRACT-2026-4542
PHO-000635,PHO-003897,EDGE-0004709,EV-CONTRACT-2026-2860
PHO-001482,PHO-002874,EDGE-0004710,EV-CONTRACT-2026-9057
PHO-001292,PHO-000418,EDGE-0004711,EV-CONTRACT-2026-3924
PHO-004229,PHO-004383,EDGE-0004712,EV-CONTRACT-2026-6255
PHO-001313,PHO-004366,EDGE-0004713,EV-CONTRACT-2026-9428
PHO-002848,PHO-000742,EDGE-0004714,EV-CONTRACT-2026-4577
PHO-003838,PHO-000245,EDGE-0004715,EV-CONTRACT-2026-6214
PHO-000238,PHO-003132,EDGE-0004716,EV-CONTRACT-2026-8445
PHO-002235,PHO-004260,EDGE-0004717,EV-CONTRACT-2026-4321
PHO-000534,PHO-004041,EDGE-0004718,EV-CONTRACT-2026-7066
PHO-000198,PHO-001326,EDGE-0004719,EV-CONTRACT-2026-6377
PHO-004742,PHO-002165,EDGE-0004720,EV-CONTRACT-2026-3874
PHO-003805,PHO-000148,EDGE-0004721,EV-CONTRACT-2026-8453
PHO-004994,PHO-001783,EDGE-0004722,EV-CONTRACT-2026-6829
PHO-003772,PHO-000863,EDGE-0004723,EV-CONTRACT-2026-1727
PHO-000698,PHO-003783,EDGE-0004724,EV-CONTRACT-2026-6199
PHO-002936,PHO-003256,EDGE-0004725,EV-CONTRACT-2026-5368
PHO-000985,PHO-004623,EDGE-0004726,EV-CONTRACT-2026-5341
PHO-002125,PHO-003004,EDGE-0004727,EV-CONTRACT-2026-5216
PHO-004315,PHO-004677,EDGE-0004728,EV-CONTRACT-2026-7689
PHO-004264,PHO-001033,EDGE-0004729,EV-CONTRACT-2026-9386
PHO-003970,PHO-001098,EDGE-0004730,EV-CONTRACT-2026-6857
PHO-001338,PHO-003176,EDGE-0004731,EV-CONTRACT-2026-6986
PHO-004902,PHO-000356,EDGE-0004732,EV-CONTRACT-2026-4733
PHO-004683,PHO-004948,EDGE-0004733,EV-CONTRACT-2026-3785
PHO-002613,PHO-003143,EDGE-0004734,EV-CONTRACT-2026-7577
PHO-002680,PHO-002307,EDGE-0004735,EV-CONTRACT-2026-7867
PHO-003897,PHO-004713,EDGE-0004736,EV-CONTRACT-2026-7711
PHO-003481,PHO-002958,EDGE-0004737,EV-CONTRACT-2026-2426
PHO-002340,PHO-002755,EDGE-0004738,EV-CONTRACT-2026-1556
PHO-003869,PHO-000239,EDGE-0004739,EV-CONTRACT-2026-9031
PHO-001311,PHO-004188,EDGE-0004740,EV-CONTRACT-2026-8515
PHO-000529,PHO-001987,EDGE-0004741,EV-CONTRACT-2026-3651
PHO-004698,PHO-004838,EDGE-0004742,EV-CONTRACT-2026-9657
PHO-003174,PHO-003783,EDGE-0004743,EV-CONTRACT-2026-4646
PHO-003905,PHO-004176,EDGE-0004744,EV-CONTRACT-2026-4741
PHO-003456,PHO-000750,EDGE-0004745,EV-CONTRACT-2026-7458
PHO-004478,PHO-000826,EDGE-0004746,EV-CONTRACT-2026-8949
PHO-000019,PHO-002030,EDGE-0004747,EV-CONTRACT-2026-9738
PHO-000882,PHO-004371,EDGE-0004748,EV-CONTRACT-2026-5219
PHO-000029,PHO-003142,EDGE-0004749,EV-CONTRACT-2026-6087
PHO-001827,PHO-001066,EDGE-0004750,EV-CONTRACT-2026-1726
PHO-002481,PHO-004731,EDGE-0004751,EV-CONTRACT-2026-7509
PHO-004070,PHO-003964,EDGE-0004752,EV-CONTRACT-2026-6874
PHO-002147,PHO-003176,EDGE-0004753,EV-CONTRACT-2026-4972
PHO-000300,PHO-002700,EDGE-0004754,EV-CONTRACT-2026-5309
PHO-002228,PHO-004679,EDGE-0004755,EV-CONTRACT-2026-8759
PHO-001709,PHO-000519,EDGE-0004756,EV-CONTRACT-2026-6512
PHO-001847,PHO-002386,EDGE-0004757,EV-CONTRACT-2026-2001
PHO-000820,PHO-003866,EDGE-0004758,EV-CONTRACT-2026-2635
PHO-003820,PHO-004561,EDGE-0004759,EV-CONTRACT-2026-1522
PHO-002759,PHO-000353,EDGE-0004760,EV-CONTRACT-2026-6074
PHO-004643,PHO-000291,EDGE-0004761,EV-CONTRACT-2026-9434
PHO-001199,PHO-004700,EDGE-0004762,EV-CONTRACT-2026-3146
PHO-002969,PHO-004708,EDGE-0004763,EV-CONTRACT-2026-1292
PHO-000413,PHO-000903,EDGE-0004764,EV-CONTRACT-2026-9169
PHO-004694,PHO-002673,EDGE-0004765,EV-CONTRACT-2026-9784
PHO-004257,PHO-003800,EDGE-0004766,EV-CONTRACT-2026-2334
PHO-001149,PHO-004913,EDGE-0004767,EV-CONTRACT-2026-8009
PHO-003488,PHO-001896,EDGE-0004768,EV-CONTRACT-2026-9297
PHO-000759,PHO-002392,EDGE-0004769,EV-CONTRACT-2026-9604
PHO-001242,PHO-004981,EDGE-0004770,EV-CONTRACT-2026-5632
PHO-002246,PHO-002369,EDGE-0004771,EV-CONTRACT-2026-4301
PHO-000715,PHO-004343,EDGE-0004772,EV-CONTRACT-2026-1329
PHO-003531,PHO-000965,EDGE-0004773,EV-CONTRACT-2026-8997
PHO-002029,PHO-003891,EDGE-0004774,EV-CONTRACT-2026-9174
PHO-004927,PHO-004917,EDGE-0004775,EV-CONTRACT-2026-4334
PHO-002906,PHO-000086,EDGE-0004776,EV-CONTRACT-2026-6537
PHO-002973,PHO-001406,EDGE-0004777,EV-CONTRACT-2026-1062
PHO-004819,PHO-001353,EDGE-0004778,EV-CONTRACT-2026-1867
PHO-001521,PHO-002787,EDGE-0004779,EV-CONTRACT-2026-9179
PHO-002578,PHO-002377,EDGE-0004780,EV-CONTRACT-2026-9093
PHO-000347,PHO-003561,EDGE-0004781,EV-CONTRACT-2026-7078
PHO-002306,PHO-003628,EDGE-0004782,EV-CONTRACT-2026-6209
PHO-004221,PHO-001676,EDGE-0004783,EV-CONTRACT-2026-8563
PHO-000322,PHO-003295,EDGE-0004784,EV-CONTRACT-2026-9378
PHO-003168,PHO-002198,EDGE-0004785,EV-CONTRACT-2026-9478
PHO-001516,PHO-004707,EDGE-0004786,EV-CONTRACT-2026-4389
PHO-001962,PHO-004186,EDGE-0004787,EV-CONTRACT-2026-1119
PHO-004890,PHO-004174,EDGE-0004788,EV-CONTRACT-2026-5872
PHO-004781,PHO-003876,EDGE-0004789,EV-CONTRACT-2026-5480
PHO-004564,PHO-002407,EDGE-0004790,EV-CONTRACT-2026-2196
PHO-001095,PHO-002103,EDGE-0004791,EV-CONTRACT-2026-8275
PHO-004277,PHO-001946,EDGE-0004792,EV-CONTRACT-2026-9818
PHO-004655,PHO-003829,EDGE-0004793,EV-CONTRACT-2026-5305
PHO-000882,PHO-004938,EDGE-0004794,EV-CONTRACT-2026-9619
PHO-000140,PHO-001069,EDGE-0004795,EV-CONTRACT-2026-1557
PHO-003639,PHO-000291,EDGE-0004796,EV-CONTRACT-2026-2017
PHO-000209,PHO-001595,EDGE-0004797,EV-CONTRACT-2026-9019
PHO-004432,PHO-004279,EDGE-0004798,EV-CONTRACT-2026-4773
PHO-002291,PHO-003674,EDGE-0004799,EV-CONTRACT-2026-5937
PHO-004127,PHO-001262,EDGE-0004800,EV-CONTRACT-2026-9225
PHO-002367,PHO-000566,EDGE-0004801,EV-CONTRACT-2026-8965
PHO-002543,PHO-001748,EDGE-0004802,EV-CONTRACT-2026-1590
PHO-003503,PHO-002434,EDGE-0004803,EV-CONTRACT-2026-2678
PHO-000389,PHO-004225,EDGE-0004804,EV-CONTRACT-2026-9684
PHO-000962,PHO-002184,EDGE-0004805,EV-CONTRACT-2026-9887
PHO-002741,PHO-001547,EDGE-0004806,EV-CONTRACT-2026-5282
PHO-001958,PHO-004480,EDGE-0004807,EV-CONTRACT-2026-1043
PHO-004901,PHO-003197,EDGE-0004808,EV-CONTRACT-2026-3368
PHO-002284,PHO-002334,EDGE-0004809,EV-CONTRACT-2026-9724
PHO-002145,PHO-003555,EDGE-0004810,EV-CONTRACT-2026-7898
PHO-002216,PHO-001715,EDGE-0004811,EV-CONTRACT-2026-2703
PHO-002952,PHO-002749,EDGE-0004812,EV-CONTRACT-2026-7280
PHO-002171,PHO-003635,EDGE-0004813,EV-CONTRACT-2026-6122
PHO-003786,PHO-002697,EDGE-0004814,EV-CONTRACT-2026-6689
PHO-000071,PHO-000902,EDGE-0004815,EV-CONTRACT-2026-5059
PHO-004452,PHO-004575,EDGE-0004816,EV-CONTRACT-2026-2853
PHO-001906,PHO-000644,EDGE-0004817,EV-CONTRACT-2026-8431
PHO-004363,PHO-002987,EDGE-0004818,EV-CONTRACT-2026-6934
PHO-002565,PHO-000530,EDGE-0004819,EV-CONTRACT-2026-9592
PHO-003911,PHO-002026,EDGE-0004820,EV-CONTRACT-2026-9398
PHO-002742,PHO-003542,EDGE-0004821,EV-CONTRACT-2026-1848
PHO-004396,PHO-001078,EDGE-0004822,EV-CONTRACT-2026-9912
PHO-001768,PHO-002435,EDGE-0004823,EV-CONTRACT-2026-2174
PHO-004887,PHO-004234,EDGE-0004824,EV-CONTRACT-2026-5086
PHO-003001,PHO-001831,EDGE-0004825,EV-CONTRACT-2026-4734
PHO-002907,PHO-003413,EDGE-0004826,EV-CONTRACT-2026-9543
PHO-000717,PHO-002426,EDGE-0004827,EV-CONTRACT-2026-6272
PHO-000879,PHO-001144,EDGE-0004828,EV-CONTRACT-2026-9008
PHO-003289,PHO-002696,EDGE-0004829,EV-CONTRACT-2026-8551
PHO-004971,PHO-003167,EDGE-0004830,EV-CONTRACT-2026-1073
PHO-001085,PHO-003980,EDGE-0004831,EV-CONTRACT-2026-6910
PHO-004040,PHO-000308,EDGE-0004832,EV-CONTRACT-2026-5759
PHO-004741,PHO-003520,EDGE-0004833,EV-CONTRACT-2026-4738
PHO-001003,PHO-003580,EDGE-0004834,EV-CONTRACT-2026-4016
PHO-000515,PHO-001196,EDGE-0004835,EV-CONTRACT-2026-4743
PHO-001684,PHO-001302,EDGE-0004836,EV-CONTRACT-2026-3957
PHO-004272,PHO-000333,EDGE-0004837,EV-CONTRACT-2026-8213
PHO-002006,PHO-004105,EDGE-0004838,EV-CONTRACT-2026-2258
PHO-000866,PHO-000952,EDGE-0004839,EV-CONTRACT-2026-8154
PHO-002902,PHO-001941,EDGE-0004840,EV-CONTRACT-2026-6106
PHO-004831,PHO-001471,EDGE-0004841,EV-CONTRACT-2026-8126
PHO-002837,PHO-002618,EDGE-0004842,EV-CONTRACT-2026-7635
PHO-000493,PHO-002324,EDGE-0004843,EV-CONTRACT-2026-9463
PHO-000142,PHO-002048,EDGE-0004844,EV-CONTRACT-2026-1028
PHO-003814,PHO-004440,EDGE-0004845,EV-CONTRACT-2026-8423
PHO-002577,PHO-001373,EDGE-0004846,EV-CONTRACT-2026-9921
PHO-004826,PHO-004622,EDGE-0004847,EV-CONTRACT-2026-6929
PHO-003324,PHO-004886,EDGE-0004848,EV-CONTRACT-2026-1671
PHO-004745,PHO-003780,EDGE-0004849,EV-CONTRACT-2026-4277
PHO-003679,PHO-004483,EDGE-0004850,EV-CONTRACT-2026-4473
PHO-003660,PHO-004074,EDGE-0004851,EV-CONTRACT-2026-7226
PHO-001764,PHO-001612,EDGE-0004852,EV-CONTRACT-2026-2804
PHO-002887,PHO-000218,EDGE-0004853,EV-CONTRACT-2026-9272
PHO-000715,PHO-001659,EDGE-0004854,EV-CONTRACT-2026-3549
PHO-004528,PHO-002676,EDGE-0004855,EV-CONTRACT-2026-8680
PHO-004445,PHO-002702,EDGE-0004856,EV-CONTRACT-2026-5422
PHO-000220,PHO-002485,EDGE-0004857,EV-CONTRACT-2026-3868
PHO-001376,PHO-000736,EDGE-0004858,EV-CONTRACT-2026-7821
PHO-003694,PHO-001132,EDGE-0004859,EV-CONTRACT-2026-8229
PHO-000274,PHO-004912,EDGE-0004860,EV-CONTRACT-2026-1004
PHO-001553,PHO-001366,EDGE-0004861,EV-CONTRACT-2026-8879
PHO-001818,PHO-002383,EDGE-0004862,EV-CONTRACT-2026-2692
PHO-001770,PHO-000538,EDGE-0004863,EV-CONTRACT-2026-3732
PHO-000725,PHO-004830,EDGE-0004864,EV-CONTRACT-2026-3776
PHO-001364,PHO-001207,EDGE-0004865,EV-CONTRACT-2026-2812
PHO-003101,PHO-000427,EDGE-0004866,EV-CONTRACT-2026-8494
PHO-001597,PHO-001363,EDGE-0004867,EV-CONTRACT-2026-9520
PHO-001725,PHO-002480,EDGE-0004868,EV-CONTRACT-2026-9325
PHO-004973,PHO-003638,EDGE-0004869,EV-CONTRACT-2026-2384
PHO-002524,PHO-002320,EDGE-0004870,EV-CONTRACT-2026-9509
PHO-000164,PHO-004205,EDGE-0004871,EV-CONTRACT-2026-6460
PHO-003662,PHO-004332,EDGE-0004872,EV-CONTRACT-2026-5630
PHO-000626,PHO-004381,EDGE-0004873,EV-CONTRACT-2026-2298
PHO-002766,PHO-003515,EDGE-0004874,EV-CONTRACT-2026-8412
PHO-000102,PHO-001556,EDGE-0004875,EV-CONTRACT-2026-3550
PHO-000123,PHO-001089,EDGE-0004876,EV-CONTRACT-2026-5254
PHO-001465,PHO-004124,EDGE-0004877,EV-CONTRACT-2026-5996
PHO-001405,PHO-004555,EDGE-0004878,EV-CONTRACT-2026-6170
PHO-003058,PHO-003847,EDGE-0004879,EV-CONTRACT-2026-9745
PHO-003832,PHO-003650,EDGE-0004880,EV-CONTRACT-2026-1729
PHO-004236,PHO-002011,EDGE-0004881,EV-CONTRACT-2026-3387
PHO-002497,PHO-002121,EDGE-0004882,EV-CONTRACT-2026-5811
PHO-000962,PHO-004313,EDGE-0004883,EV-CONTRACT-2026-1629
PHO-000658,PHO-002668,EDGE-0004884,EV-CONTRACT-2026-8310
PHO-002038,PHO-002086,EDGE-0004885,EV-CONTRACT-2026-8212
PHO-001596,PHO-002700,EDGE-0004886,EV-CONTRACT-2026-8857
PHO-003594,PHO-002986,EDGE-0004887,EV-CONTRACT-2026-4249
PHO-003414,PHO-003532,EDGE-0004888,EV-CONTRACT-2026-5052
PHO-000369,PHO-004300,EDGE-0004889,EV-CONTRACT-2026-7529
PHO-002111,PHO-002614,EDGE-0004890,EV-CONTRACT-2026-9714
PHO-003101,PHO-002648,EDGE-0004891,EV-CONTRACT-2026-5317
PHO-001977,PHO-002052,EDGE-0004892,EV-CONTRACT-2026-8188
PHO-000856,PHO-001980,EDGE-0004893,EV-CONTRACT-2026-2149
PHO-002929,PHO-003415,EDGE-0004894,EV-CONTRACT-2026-5587
PHO-000461,PHO-003381,EDGE-0004895,EV-CONTRACT-2026-8737
PHO-003067,PHO-003423,EDGE-0004896,EV-CONTRACT-2026-9413
PHO-004228,PHO-004570,EDGE-0004897,EV-CONTRACT-2026-3603
PHO-002391,PHO-004723,EDGE-0004898,EV-CONTRACT-2026-1646
PHO-003584,PHO-002892,EDGE-0004899,EV-CONTRACT-2026-4368
PHO-001479,PHO-001471,EDGE-0004900,EV-CONTRACT-2026-7256
PHO-001150,PHO-004953,EDGE-0004901,EV-CONTRACT-2026-6308
PHO-002273,PHO-001011,EDGE-0004902,EV-CONTRACT-2026-9454
PHO-003026,PHO-000694,EDGE-0004903,EV-CONTRACT-2026-1904
PHO-004787,PHO-000750,EDGE-0004904,EV-CONTRACT-2026-7658
PHO-000222,PHO-003960,EDGE-0004905,EV-CONTRACT-2026-1465
PHO-003700,PHO-002186,EDGE-0004906,EV-CONTRACT-2026-4966
PHO-002751,PHO-000510,EDGE-0004907,EV-CONTRACT-2026-6745
PHO-002208,PHO-001597,EDGE-0004908,EV-CONTRACT-2026-9129
PHO-002142,PHO-002335,EDGE-0004909,EV-CONTRACT-2026-1514
PHO-002502,PHO-002077,EDGE-0004910,EV-CONTRACT-2026-9771
PHO-004945,PHO-000585,EDGE-0004911,EV-CONTRACT-2026-3039
PHO-000941,PHO-002040,EDGE-0004912,EV-CONTRACT-2026-1384
PHO-000603,PHO-002582,EDGE-0004913,EV-CONTRACT-2026-7086
PHO-004195,PHO-001735,EDGE-0004914,EV-CONTRACT-2026-4397
PHO-000183,PHO-003570,EDGE-0004915,EV-CONTRACT-2026-6248
PHO-004193,PHO-000028,EDGE-0004916,EV-CONTRACT-2026-3576
PHO-001366,PHO-002107,EDGE-0004917,EV-CONTRACT-2026-1995
PHO-002235,PHO-000197,EDGE-0004918,EV-CONTRACT-2026-6927
PHO-001820,PHO-001142,EDGE-0004919,EV-CONTRACT-2026-3988
PHO-003249,PHO-001701,EDGE-0004920,EV-CONTRACT-2026-7626
PHO-003087,PHO-004967,EDGE-0004921,EV-CONTRACT-2026-9250
PHO-001849,PHO-003774,EDGE-0004922,EV-CONTRACT-2026-8979
PHO-000846,PHO-004610,EDGE-0004923,EV-CONTRACT-2026-8027
PHO-001029,PHO-001035,EDGE-0004924,EV-CONTRACT-2026-5235
PHO-002848,PHO-001421,EDGE-0004925,EV-CONTRACT-2026-9701
PHO-001918,PHO-004069,EDGE-0004926,EV-CONTRACT-2026-9070
PHO-003674,PHO-000142,EDGE-0004927,EV-CONTRACT-2026-2566
PHO-004583,PHO-004492,EDGE-0004928,EV-CONTRACT-2026-9395
PHO-003850,PHO-004135,EDGE-0004929,EV-CONTRACT-2026-9202
PHO-000411,PHO-003055,EDGE-0004930,EV-CONTRACT-2026-1033
PHO-004701,PHO-003018,EDGE-0004931,EV-CONTRACT-2026-4860
PHO-003281,PHO-003139,EDGE-0004932,EV-CONTRACT-2026-8102
PHO-000676,PHO-004455,EDGE-0004933,EV-CONTRACT-2026-4115
PHO-001549,PHO-003916,EDGE-0004934,EV-CONTRACT-2026-6091
PHO-001573,PHO-002165,EDGE-0004935,EV-CONTRACT-2026-8332
PHO-002099,PHO-001671,EDGE-0004936,EV-CONTRACT-2026-4150
PHO-002039,PHO-004500,EDGE-0004937,EV-CONTRACT-2026-6858
PHO-001042,PHO-001100,EDGE-0004938,EV-CONTRACT-2026-5154
PHO-000511,PHO-002794,EDGE-0004939,EV-CONTRACT-2026-6744
PHO-000198,PHO-000081,EDGE-0004940,EV-CONTRACT-2026-6020
PHO-000551,PHO-003325,EDGE-0004941,EV-CONTRACT-2026-9222
PHO-004075,PHO-004234,EDGE-0004942,EV-CONTRACT-2026-3115
PHO-003136,PHO-002407,EDGE-0004943,EV-CONTRACT-2026-2354
PHO-000525,PHO-001492,EDGE-0004944,EV-CONTRACT-2026-2959
PHO-001713,PHO-003461,EDGE-0004945,EV-CONTRACT-2026-5821
PHO-002427,PHO-003329,EDGE-0004946,EV-CONTRACT-2026-3408
PHO-000856,PHO-001296,EDGE-0004947,EV-CONTRACT-2026-2134
PHO-003974,PHO-002536,EDGE-0004948,EV-CONTRACT-2026-3968
PHO-004061,PHO-001249,EDGE-0004949,EV-CONTRACT-2026-2904
PHO-001550,PHO-003715,EDGE-0004950,EV-CONTRACT-2026-5664
PHO-002077,PHO-003994,EDGE-0004951,EV-CONTRACT-2026-7480
PHO-002427,PHO-000186,EDGE-0004952,EV-CONTRACT-2026-9394
PHO-002961,PHO-002807,EDGE-0004953,EV-CONTRACT-2026-5897
PHO-000770,PHO-003662,EDGE-0004954,EV-CONTRACT-2026-2802
PHO-001430,PHO-000500,EDGE-0004955,EV-CONTRACT-2026-6745
PHO-002520,PHO-002350,EDGE-0004956,EV-CONTRACT-2026-8432
PHO-003672,PHO-000537,EDGE-0004957,EV-CONTRACT-2026-6967
PHO-004164,PHO-004406,EDGE-0004958,EV-CONTRACT-2026-8053
PHO-000893,PHO-002240,EDGE-0004959,EV-CONTRACT-2026-9723
PHO-002964,PHO-002861,EDGE-0004960,EV-CONTRACT-2026-7160
PHO-004685,PHO-004262,EDGE-0004961,EV-CONTRACT-2026-5749
PHO-001133,PHO-002676,EDGE-0004962,EV-CONTRACT-2026-1457
PHO-004195,PHO-002113,EDGE-0004963,EV-CONTRACT-2026-7927
PHO-004520,PHO-000125,EDGE-0004964,EV-CONTRACT-2026-1793
PHO-003330,PHO-000417,EDGE-0004965,EV-CONTRACT-2026-3784
PHO-000981,PHO-002438,EDGE-0004966,EV-CONTRACT-2026-9011
PHO-000438,PHO-003995,EDGE-0004967,EV-CONTRACT-2026-9054
PHO-003873,PHO-004836,EDGE-0004968,EV-CONTRACT-2026-6211
PHO-001665,PHO-003980,EDGE-0004969,EV-CONTRACT-2026-4097
PHO-002194,PHO-003833,EDGE-0004970,EV-CONTRACT-2026-6220
PHO-003614,PHO-003706,EDGE-0004971,EV-CONTRACT-2026-3244
PHO-003096,PHO-001143,EDGE-0004972,EV-CONTRACT-2026-8797
PHO-001898,PHO-002579,EDGE-0004973,EV-CONTRACT-2026-5995
PHO-002635,PHO-002839,EDGE-0004974,EV-CONTRACT-2026-6276
PHO-002854,PHO-002501,EDGE-0004975,EV-CONTRACT-2026-8647
PHO-003188,PHO-003366,EDGE-0004976,EV-CONTRACT-2026-9868
PHO-000349,PHO-004010,EDGE-0004977,EV-CONTRACT-2026-6414
PHO-002117,PHO-002025,EDGE-0004978,EV-CONTRACT-2026-5900
PHO-004217,PHO-004306,EDGE-0004979,EV-CONTRACT-2026-6599
PHO-003489,PHO-003830,EDGE-0004980,EV-CONTRACT-2026-1109
PHO-004898,PHO-003834,EDGE-0004981,EV-CONTRACT-2026-7864
PHO-002977,PHO-000897,EDGE-0004982,EV-CONTRACT-2026-7419
PHO-004563,PHO-002742,EDGE-0004983,EV-CONTRACT-2026-2592
PHO-000112,PHO-003028,EDGE-0004984,EV-CONTRACT-2026-1007
PHO-004506,PHO-002101,EDGE-0004985,EV-CONTRACT-2026-7781
PHO-004463,PHO-001232,EDGE-0004986,EV-CONTRACT-2026-7194
PHO-000819,PHO-000429,EDGE-0004987,EV-CONTRACT-2026-5197
PHO-003218,PHO-000825,EDGE-0004988,EV-CONTRACT-2026-9142
PHO-000244,PHO-003199,EDGE-0004989,EV-CONTRACT-2026-9207
PHO-002026,PHO-000534,EDGE-0004990,EV-CONTRACT-2026-6701
PHO-004716,PHO-002014,EDGE-0004991,EV-CONTRACT-2026-6270
PHO-004506,PHO-002736,EDGE-0004992,EV-CONTRACT-2026-3081
PHO-000187,PHO-002202,EDGE-0004993,EV-CONTRACT-2026-6730
PHO-001411,PHO-002379,EDGE-0004994,EV-CONTRACT-2026-3709
PHO-003943,PHO-002958,EDGE-0004995,EV-CONTRACT-2026-8971
PHO-002490,PHO-002900,EDGE-0004996,EV-CONTRACT-2026-2435
PHO-004681,PHO-004259,EDGE-0004997,EV-CONTRACT-2026-9634
PHO-000897,PHO-003557,EDGE-0004998,EV-CONTRACT-2026-6531
PHO-003553,PHO-000062,EDGE-0004999,EV-CONTRACT-2026-3499
PHO-002280,PHO-001887,EDGE-0005000,EV-CONTRACT-2026-8564
PHO-002481,PHO-004501,EDGE-0005001,EV-CONTRACT-2026-8281
PHO-002557,PHO-001480,EDGE-0005002,EV-CONTRACT-2026-2863
PHO-003128,PHO-003393,EDGE-0005003,EV-CONTRACT-2026-9640
PHO-000432,PHO-002644,EDGE-0005004,EV-CONTRACT-2026-2800
PHO-002919,PHO-003406,EDGE-0005005,EV-CONTRACT-2026-4328
PHO-000387,PHO-000744,EDGE-0005006,EV-CONTRACT-2026-4037
PHO-002729,PHO-001961,EDGE-0005007,EV-CONTRACT-2026-4664
PHO-004620,PHO-001431,EDGE-0005008,EV-CONTRACT-2026-8544
PHO-003377,PHO-001170,EDGE-0005009,EV-CONTRACT-2026-3051
PHO-001592,PHO-000979,EDGE-0005010,EV-CONTRACT-2026-1494
PHO-001724,PHO-003418,EDGE-0005011,EV-CONTRACT-2026-7861
PHO-004927,PHO-003717,EDGE-0005012,EV-CONTRACT-2026-5950
PHO-004803,PHO-004694,EDGE-0005013,EV-CONTRACT-2026-4933
PHO-001949,PHO-001842,EDGE-0005014,EV-CONTRACT-2026-8653
PHO-004133,PHO-000179,EDGE-0005015,EV-CONTRACT-2026-8990
PHO-002204,PHO-000841,EDGE-0005016,EV-CONTRACT-2026-9272
PHO-003549,PHO-003632,EDGE-0005017,EV-CONTRACT-2026-9511
PHO-004412,PHO-002109,EDGE-0005018,EV-CONTRACT-2026-8596
PHO-001709,PHO-002658,EDGE-0005019,EV-CONTRACT-2026-2541
PHO-004693,PHO-003343,EDGE-0005020,EV-CONTRACT-2026-5547
PHO-003715,PHO-000364,EDGE-0005021,EV-CONTRACT-2026-9669
PHO-001327,PHO-000808,EDGE-0005022,EV-CONTRACT-2026-2682
PHO-003234,PHO-001530,EDGE-0005023,EV-CONTRACT-2026-1411
PHO-004073,PHO-002889,EDGE-0005024,EV-CONTRACT-2026-3646
PHO-003393,PHO-002787,EDGE-0005025,EV-CONTRACT-2026-4268
PHO-004385,PHO-004707,EDGE-0005026,EV-CONTRACT-2026-7999
PHO-002280,PHO-000558,EDGE-0005027,EV-CONTRACT-2026-4789
PHO-002323,PHO-002184,EDGE-0005028,EV-CONTRACT-2026-4236
PHO-002742,PHO-003359,EDGE-0005029,EV-CONTRACT-2026-2479
PHO-000676,PHO-003446,EDGE-0005030,EV-CONTRACT-2026-9523
PHO-000023,PHO-003200,EDGE-0005031,EV-CONTRACT-2026-8022
PHO-004592,PHO-000254,EDGE-0005032,EV-CONTRACT-2026-9304
PHO-002853,PHO-002743,EDGE-0005033,EV-CONTRACT-2026-5448
PHO-004447,PHO-001421,EDGE-0005034,EV-CONTRACT-2026-4680
PHO-001463,PHO-001954,EDGE-0005035,EV-CONTRACT-2026-3964
PHO-003181,PHO-004966,EDGE-0005036,EV-CONTRACT-2026-9929
PHO-000574,PHO-004611,EDGE-0005037,EV-CONTRACT-2026-1846
PHO-001180,PHO-003379,EDGE-0005038,EV-CONTRACT-2026-2437
PHO-003879,PHO-000890,EDGE-0005039,EV-CONTRACT-2026-4599
PHO-004772,PHO-001252,EDGE-0005040,EV-CONTRACT-2026-1252
PHO-004033,PHO-001617,EDGE-0005041,EV-CONTRACT-2026-6217
PHO-002661,PHO-003389,EDGE-0005042,EV-CONTRACT-2026-3115
PHO-001367,PHO-004380,EDGE-0005043,EV-CONTRACT-2026-8892
PHO-004068,PHO-001325,EDGE-0005044,EV-CONTRACT-2026-1595
PHO-004048,PHO-001899,EDGE-0005045,EV-CONTRACT-2026-7199
PHO-001915,PHO-004105,EDGE-0005046,EV-CONTRACT-2026-4759
PHO-001234,PHO-004630,EDGE-0005047,EV-CONTRACT-2026-2071
PHO-003937,PHO-004479,EDGE-0005048,EV-CONTRACT-2026-3069
PHO-004462,PHO-003975,EDGE-0005049,EV-CONTRACT-2026-6365
PHO-004640,PHO-002761,EDGE-0005050,EV-CONTRACT-2026-8611
PHO-000437,PHO-000271,EDGE-0005051,EV-CONTRACT-2026-6854
PHO-003560,PHO-002805,EDGE-0005052,EV-CONTRACT-2026-8670
PHO-001442,PHO-000493,EDGE-0005053,EV-CONTRACT-2026-1724
PHO-000454,PHO-002752,EDGE-0005054,EV-CONTRACT-2026-8250
PHO-004379,PHO-002394,EDGE-0005055,EV-CONTRACT-2026-7348
PHO-000797,PHO-002131,EDGE-0005056,EV-CONTRACT-2026-2718
PHO-001150,PHO-002496,EDGE-0005057,EV-CONTRACT-2026-2728
PHO-004854,PHO-004720,EDGE-0005058,EV-CONTRACT-2026-7665
PHO-002839,PHO-001099,EDGE-0005059,EV-CONTRACT-2026-4684
PHO-000397,PHO-001516,EDGE-0005060,EV-CONTRACT-2026-6590
PHO-002333,PHO-002401,EDGE-0005061,EV-CONTRACT-2026-7797
PHO-001841,PHO-004307,EDGE-0005062,EV-CONTRACT-2026-2039
PHO-004625,PHO-002984,EDGE-0005063,EV-CONTRACT-2026-1067
PHO-002098,PHO-003942,EDGE-0005064,EV-CONTRACT-2026-4932
PHO-003491,PHO-001412,EDGE-0005065,EV-CONTRACT-2026-1034
PHO-003904,PHO-004968,EDGE-0005066,EV-CONTRACT-2026-4325
PHO-003578,PHO-001174,EDGE-0005067,EV-CONTRACT-2026-6358
PHO-001825,PHO-000796,EDGE-0005068,EV-CONTRACT-2026-1348
PHO-000638,PHO-003225,EDGE-0005069,EV-CONTRACT-2026-7047
PHO-004300,PHO-002085,EDGE-0005070,EV-CONTRACT-2026-4685
PHO-000843,PHO-002577,EDGE-0005071,EV-CONTRACT-2026-6741
PHO-002563,PHO-003620,EDGE-0005072,EV-CONTRACT-2026-5924
PHO-004246,PHO-000552,EDGE-0005073,EV-CONTRACT-2026-1182
PHO-002323,PHO-001012,EDGE-0005074,EV-CONTRACT-2026-9799
PHO-001482,PHO-002961,EDGE-0005075,EV-CONTRACT-2026-3200
PHO-004981,PHO-000156,EDGE-0005076,EV-CONTRACT-2026-2880
PHO-004876,PHO-001605,EDGE-0005077,EV-CONTRACT-2026-7647
PHO-001564,PHO-000048,EDGE-0005078,EV-CONTRACT-2026-4538
PHO-003766,PHO-000534,EDGE-0005079,EV-CONTRACT-2026-6943
PHO-000642,PHO-002585,EDGE-0005080,EV-CONTRACT-2026-7646
PHO-001938,PHO-001150,EDGE-0005081,EV-CONTRACT-2026-2708
PHO-003825,PHO-004198,EDGE-0005082,EV-CONTRACT-2026-3872
PHO-004222,PHO-001413,EDGE-0005083,EV-CONTRACT-2026-7448
PHO-003115,PHO-001026,EDGE-0005084,EV-CONTRACT-2026-4425
PHO-003379,PHO-004415,EDGE-0005085,EV-CONTRACT-2026-4215
PHO-001528,PHO-002688,EDGE-0005086,EV-CONTRACT-2026-7269
PHO-003195,PHO-003558,EDGE-0005087,EV-CONTRACT-2026-5092
PHO-003217,PHO-001400,EDGE-0005088,EV-CONTRACT-2026-7716
PHO-000040,PHO-004999,EDGE-0005089,EV-CONTRACT-2026-2842
PHO-002023,PHO-000287,EDGE-0005090,EV-CONTRACT-2026-1364
PHO-003572,PHO-002609,EDGE-0005091,EV-CONTRACT-2026-3461
PHO-004643,PHO-002793,EDGE-0005092,EV-CONTRACT-2026-3435
PHO-003177,PHO-000558,EDGE-0005093,EV-CONTRACT-2026-8632
PHO-004022,PHO-000727,EDGE-0005094,EV-CONTRACT-2026-9606
PHO-003999,PHO-004276,EDGE-0005095,EV-CONTRACT-2026-5320
PHO-001229,PHO-004366,EDGE-0005096,EV-CONTRACT-2026-8310
PHO-002120,PHO-003450,EDGE-0005097,EV-CONTRACT-2026-1173
PHO-004332,PHO-004219,EDGE-0005098,EV-CONTRACT-2026-1984
PHO-003961,PHO-000488,EDGE-0005099,EV-CONTRACT-2026-1567
PHO-004287,PHO-001913,EDGE-0005100,EV-CONTRACT-2026-5194
PHO-001537,PHO-004700,EDGE-0005101,EV-CONTRACT-2026-4512
PHO-002692,PHO-003706,EDGE-0005102,EV-CONTRACT-2026-1951
PHO-000728,PHO-002981,EDGE-0005103,EV-CONTRACT-2026-1528
PHO-002490,PHO-004079,EDGE-0005104,EV-CONTRACT-2026-1625
PHO-002320,PHO-001366,EDGE-0005105,EV-CONTRACT-2026-1502
PHO-004144,PHO-001604,EDGE-0005106,EV-CONTRACT-2026-1729
PHO-003886,PHO-004269,EDGE-0005107,EV-CONTRACT-2026-4992
PHO-000141,PHO-000370,EDGE-0005108,EV-CONTRACT-2026-2611
PHO-003883,PHO-000672,EDGE-0005109,EV-CONTRACT-2026-8146
PHO-003703,PHO-001005,EDGE-0005110,EV-CONTRACT-2026-2002
PHO-001922,PHO-001639,EDGE-0005111,EV-CONTRACT-2026-1504
PHO-004411,PHO-001273,EDGE-0005112,EV-CONTRACT-2026-8385
PHO-001533,PHO-003196,EDGE-0005113,EV-CONTRACT-2026-6532
PHO-002599,PHO-002993,EDGE-0005114,EV-CONTRACT-2026-7611
PHO-001828,PHO-000977,EDGE-0005115,EV-CONTRACT-2026-6678
PHO-002900,PHO-002622,EDGE-0005116,EV-CONTRACT-2026-3882
PHO-002436,PHO-002818,EDGE-0005117,EV-CONTRACT-2026-3992
PHO-004033,PHO-002851,EDGE-0005118,EV-CONTRACT-2026-3128
PHO-003408,PHO-003957,EDGE-0005119,EV-CONTRACT-2026-1808
PHO-003254,PHO-002858,EDGE-0005120,EV-CONTRACT-2026-9520
PHO-001016,PHO-002091,EDGE-0005121,EV-CONTRACT-2026-6054
PHO-002835,PHO-002352,EDGE-0005122,EV-CONTRACT-2026-4770
PHO-000192,PHO-002148,EDGE-0005123,EV-CONTRACT-2026-9677
PHO-003724,PHO-000027,EDGE-0005124,EV-CONTRACT-2026-8567
PHO-000613,PHO-002549,EDGE-0005125,EV-CONTRACT-2026-9117
PHO-004033,PHO-003878,EDGE-0005126,EV-CONTRACT-2026-1613
PHO-001418,PHO-003990,EDGE-0005127,EV-CONTRACT-2026-3801
PHO-001692,PHO-000370,EDGE-0005128,EV-CONTRACT-2026-4677
PHO-003199,PHO-002018,EDGE-0005129,EV-CONTRACT-2026-3768
PHO-004470,PHO-000725,EDGE-0005130,EV-CONTRACT-2026-7044
PHO-003752,PHO-002002,EDGE-0005131,EV-CONTRACT-2026-3546
PHO-001306,PHO-004547,EDGE-0005132,EV-CONTRACT-2026-1726
PHO-000441,PHO-004466,EDGE-0005133,EV-CONTRACT-2026-1740
PHO-002313,PHO-002019,EDGE-0005134,EV-CONTRACT-2026-3787
PHO-001833,PHO-001798,EDGE-0005135,EV-CONTRACT-2026-3051
PHO-001508,PHO-001550,EDGE-0005136,EV-CONTRACT-2026-2058
PHO-001865,PHO-002457,EDGE-0005137,EV-CONTRACT-2026-7661
PHO-002550,PHO-001763,EDGE-0005138,EV-CONTRACT-2026-2638
PHO-001663,PHO-001925,EDGE-0005139,EV-CONTRACT-2026-6907
PHO-001897,PHO-000077,EDGE-0005140,EV-CONTRACT-2026-3183
PHO-004037,PHO-000879,EDGE-0005141,EV-CONTRACT-2026-8728
PHO-004697,PHO-001440,EDGE-0005142,EV-CONTRACT-2026-4579
PHO-004330,PHO-003684,EDGE-0005143,EV-CONTRACT-2026-5487
PHO-003059,PHO-004287,EDGE-0005144,EV-CONTRACT-2026-8045
PHO-001574,PHO-004747,EDGE-0005145,EV-CONTRACT-2026-6473
PHO-000491,PHO-001541,EDGE-0005146,EV-CONTRACT-2026-8916
PHO-004177,PHO-001335,EDGE-0005147,EV-CONTRACT-2026-5138
PHO-004585,PHO-003959,EDGE-0005148,EV-CONTRACT-2026-1029
PHO-003358,PHO-004967,EDGE-0005149,EV-CONTRACT-2026-6784
PHO-001029,PHO-003128,EDGE-0005150,EV-CONTRACT-2026-7151
PHO-002358,PHO-002934,EDGE-0005151,EV-CONTRACT-2026-5946
PHO-002024,PHO-000283,EDGE-0005152,EV-CONTRACT-2026-3003
PHO-000159,PHO-001278,EDGE-0005153,EV-CONTRACT-2026-8874
PHO-003702,PHO-000036,EDGE-0005154,EV-CONTRACT-2026-2444
PHO-004216,PHO-004984,EDGE-0005155,EV-CONTRACT-2026-6454
PHO-003945,PHO-003850,EDGE-0005156,EV-CONTRACT-2026-1999
PHO-001995,PHO-003818,EDGE-0005157,EV-CONTRACT-2026-7403
PHO-002970,PHO-002934,EDGE-0005158,EV-CONTRACT-2026-3680
PHO-003659,PHO-001306,EDGE-0005159,EV-CONTRACT-2026-4190
PHO-004101,PHO-002954,EDGE-0005160,EV-CONTRACT-2026-1570
PHO-004081,PHO-000764,EDGE-0005161,EV-CONTRACT-2026-6828
PHO-001090,PHO-003265,EDGE-0005162,EV-CONTRACT-2026-9257
PHO-001988,PHO-002791,EDGE-0005163,EV-CONTRACT-2026-4655
PHO-004580,PHO-000346,EDGE-0005164,EV-CONTRACT-2026-1848
PHO-004055,PHO-004382,EDGE-0005165,EV-CONTRACT-2026-1776
PHO-001562,PHO-003174,EDGE-0005166,EV-CONTRACT-2026-3583
PHO-002236,PHO-000176,EDGE-0005167,EV-CONTRACT-2026-5221
PHO-000600,PHO-002213,EDGE-0005168,EV-CONTRACT-2026-7546
PHO-003146,PHO-002663,EDGE-0005169,EV-CONTRACT-2026-9266
PHO-001996,PHO-000913,EDGE-0005170,EV-CONTRACT-2026-3634
PHO-000136,PHO-001735,EDGE-0005171,EV-CONTRACT-2026-6210
PHO-002138,PHO-000692,EDGE-0005172,EV-CONTRACT-2026-8197
PHO-004808,PHO-003951,EDGE-0005173,EV-CONTRACT-2026-9134
PHO-001504,PHO-002133,EDGE-0005174,EV-CONTRACT-2026-5906
PHO-004547,PHO-003850,EDGE-0005175,EV-CONTRACT-2026-3239
PHO-004925,PHO-002444,EDGE-0005176,EV-CONTRACT-2026-3467
PHO-004793,PHO-004263,EDGE-0005177,EV-CONTRACT-2026-7715
PHO-003449,PHO-004768,EDGE-0005178,EV-CONTRACT-2026-1877
PHO-002470,PHO-002974,EDGE-0005179,EV-CONTRACT-2026-8773
PHO-001512,PHO-003940,EDGE-0005180,EV-CONTRACT-2026-8290
PHO-001012,PHO-000009,EDGE-0005181,EV-CONTRACT-2026-9809
PHO-001872,PHO-001932,EDGE-0005182,EV-CONTRACT-2026-8156
PHO-004316,PHO-003579,EDGE-0005183,EV-CONTRACT-2026-7473
PHO-000010,PHO-002356,EDGE-0005184,EV-CONTRACT-2026-9854
PHO-004777,PHO-002358,EDGE-0005185,EV-CONTRACT-2026-1027
PHO-001214,PHO-000330,EDGE-0005186,EV-CONTRACT-2026-5825
PHO-000161,PHO-004592,EDGE-0005187,EV-CONTRACT-2026-3471
PHO-004259,PHO-000652,EDGE-0005188,EV-CONTRACT-2026-9376
PHO-000191,PHO-000892,EDGE-0005189,EV-CONTRACT-2026-4856
PHO-000673,PHO-000308,EDGE-0005190,EV-CONTRACT-2026-9010
PHO-002003,PHO-004757,EDGE-0005191,EV-CONTRACT-2026-3372
PHO-001779,PHO-002580,EDGE-0005192,EV-CONTRACT-2026-5308
PHO-004947,PHO-003607,EDGE-0005193,EV-CONTRACT-2026-1012
PHO-001665,PHO-001824,EDGE-0005194,EV-CONTRACT-2026-1471
PHO-002724,PHO-004671,EDGE-0005195,EV-CONTRACT-2026-7296
PHO-001369,PHO-002138,EDGE-0005196,EV-CONTRACT-2026-1373
PHO-000892,PHO-004704,EDGE-0005197,EV-CONTRACT-2026-1176
PHO-003854,PHO-001776,EDGE-0005198,EV-CONTRACT-2026-7422
PHO-004557,PHO-003873,EDGE-0005199,EV-CONTRACT-2026-4042
PHO-002403,PHO-002654,EDGE-0005200,EV-CONTRACT-2026-8257
PHO-004594,PHO-001289,EDGE-0005201,EV-CONTRACT-2026-6504
PHO-002276,PHO-004560,EDGE-0005202,EV-CONTRACT-2026-3139
PHO-001357,PHO-004900,EDGE-0005203,EV-CONTRACT-2026-8864
PHO-002727,PHO-001396,EDGE-0005204,EV-CONTRACT-2026-9071
PHO-004401,PHO-003298,EDGE-0005205,EV-CONTRACT-2026-6665
PHO-000860,PHO-003678,EDGE-0005206,EV-CONTRACT-2026-4148
PHO-002726,PHO-004578,EDGE-0005207,EV-CONTRACT-2026-6630
PHO-004377,PHO-000029,EDGE-0005208,EV-CONTRACT-2026-5027
PHO-001636,PHO-004615,EDGE-0005209,EV-CONTRACT-2026-1917
PHO-003888,PHO-001627,EDGE-0005210,EV-CONTRACT-2026-7381
PHO-000447,PHO-001211,EDGE-0005211,EV-CONTRACT-2026-3149
PHO-001490,PHO-003714,EDGE-0005212,EV-CONTRACT-2026-2099
PHO-000313,PHO-004050,EDGE-0005213,EV-CONTRACT-2026-2656
PHO-002284,PHO-003649,EDGE-0005214,EV-CONTRACT-2026-7591
PHO-002572,PHO-001648,EDGE-0005215,EV-CONTRACT-2026-5241
PHO-002226,PHO-004542,EDGE-0005216,EV-CONTRACT-2026-8481
PHO-002368,PHO-001905,EDGE-0005217,EV-CONTRACT-2026-8825
PHO-001178,PHO-002443,EDGE-0005218,EV-CONTRACT-2026-1519
PHO-003980,PHO-004819,EDGE-0005219,EV-CONTRACT-2026-6875
PHO-004960,PHO-002939,EDGE-0005220,EV-CONTRACT-2026-7156
PHO-004670,PHO-001048,EDGE-0005221,EV-CONTRACT-2026-1949
PHO-000602,PHO-001785,EDGE-0005222,EV-CONTRACT-2026-6974
PHO-003966,PHO-003473,EDGE-0005223,EV-CONTRACT-2026-9575
PHO-003948,PHO-001526,EDGE-0005224,EV-CONTRACT-2026-9560
PHO-003126,PHO-003421,EDGE-0005225,EV-CONTRACT-2026-9920
PHO-001116,PHO-002810,EDGE-0005226,EV-CONTRACT-2026-9445
PHO-003826,PHO-001955,EDGE-0005227,EV-CONTRACT-2026-7023
PHO-002355,PHO-004391,EDGE-0005228,EV-CONTRACT-2026-7271
PHO-000261,PHO-003440,EDGE-0005229,EV-CONTRACT-2026-8638
PHO-004314,PHO-003256,EDGE-0005230,EV-CONTRACT-2026-1765
PHO-004447,PHO-003851,EDGE-0005231,EV-CONTRACT-2026-4673
PHO-003733,PHO-002443,EDGE-0005232,EV-CONTRACT-2026-7422
PHO-002961,PHO-004857,EDGE-0005233,EV-CONTRACT-2026-1991
PHO-002925,PHO-001122,EDGE-0005234,EV-CONTRACT-2026-5268
PHO-002170,PHO-003692,EDGE-0005235,EV-CONTRACT-2026-7049
PHO-000830,PHO-004676,EDGE-0005236,EV-CONTRACT-2026-7317
PHO-002280,PHO-002859,EDGE-0005237,EV-CONTRACT-2026-5489
PHO-001591,PHO-000415,EDGE-0005238,EV-CONTRACT-2026-9366
PHO-001453,PHO-003948,EDGE-0005239,EV-CONTRACT-2026-1891
PHO-001103,PHO-003380,EDGE-0005240,EV-CONTRACT-2026-3024
PHO-001441,PHO-001273,EDGE-0005241,EV-CONTRACT-2026-3509
PHO-001742,PHO-004548,EDGE-0005242,EV-CONTRACT-2026-8124
PHO-002585,PHO-002802,EDGE-0005243,EV-CONTRACT-2026-8349
PHO-002198,PHO-003526,EDGE-0005244,EV-CONTRACT-2026-2662
PHO-001643,PHO-001792,EDGE-0005245,EV-CONTRACT-2026-6085
PHO-000349,PHO-002853,EDGE-0005246,EV-CONTRACT-2026-8277
PHO-002528,PHO-002463,EDGE-0005247,EV-CONTRACT-2026-7148
PHO-000971,PHO-003029,EDGE-0005248,EV-CONTRACT-2026-5717
PHO-004599,PHO-003563,EDGE-0005249,EV-CONTRACT-2026-7936
PHO-000510,PHO-000146,EDGE-0005250,EV-CONTRACT-2026-8635
PHO-004060,PHO-000268,EDGE-0005251,EV-CONTRACT-2026-4744
PHO-003166,PHO-000183,EDGE-0005252,EV-CONTRACT-2026-8985
PHO-004575,PHO-002784,EDGE-0005253,EV-CONTRACT-2026-3544
PHO-003039,PHO-002516,EDGE-0005254,EV-CONTRACT-2026-6270
PHO-001123,PHO-000980,EDGE-0005255,EV-CONTRACT-2026-5465
PHO-004441,PHO-002038,EDGE-0005256,EV-CONTRACT-2026-6648
PHO-004044,PHO-002756,EDGE-0005257,EV-CONTRACT-2026-7859
PHO-001603,PHO-004808,EDGE-0005258,EV-CONTRACT-2026-8536
PHO-001979,PHO-002331,EDGE-0005259,EV-CONTRACT-2026-3410
PHO-000970,PHO-001712,EDGE-0005260,EV-CONTRACT-2026-7345
PHO-004662,PHO-001532,EDGE-0005261,EV-CONTRACT-2026-2092
PHO-003546,PHO-004113,EDGE-0005262,EV-CONTRACT-2026-2411
PHO-001765,PHO-002398,EDGE-0005263,EV-CONTRACT-2026-9614
PHO-002331,PHO-003809,EDGE-0005264,EV-CONTRACT-2026-8633
PHO-003867,PHO-003756,EDGE-0005265,EV-CONTRACT-2026-8643
PHO-001747,PHO-004614,EDGE-0005266,EV-CONTRACT-2026-2899
PHO-004542,PHO-004519,EDGE-0005267,EV-CONTRACT-2026-2604
PHO-004491,PHO-004729,EDGE-0005268,EV-CONTRACT-2026-2697
PHO-002195,PHO-002103,EDGE-0005269,EV-CONTRACT-2026-3267
PHO-003805,PHO-002456,EDGE-0005270,EV-CONTRACT-2026-4084
PHO-001031,PHO-003538,EDGE-0005271,EV-CONTRACT-2026-8492
PHO-003003,PHO-001989,EDGE-0005272,EV-CONTRACT-2026-6056
PHO-001038,PHO-004315,EDGE-0005273,EV-CONTRACT-2026-7378
PHO-001769,PHO-003382,EDGE-0005274,EV-CONTRACT-2026-4281
PHO-002965,PHO-000788,EDGE-0005275,EV-CONTRACT-2026-5269
PHO-002014,PHO-003303,EDGE-0005276,EV-CONTRACT-2026-8089
PHO-001216,PHO-002598,EDGE-0005277,EV-CONTRACT-2026-5996
PHO-002179,PHO-002994,EDGE-0005278,EV-CONTRACT-2026-1903
PHO-004632,PHO-004819,EDGE-0005279,EV-CONTRACT-2026-3197
PHO-003516,PHO-003292,EDGE-0005280,EV-CONTRACT-2026-9429
PHO-002376,PHO-000111,EDGE-0005281,EV-CONTRACT-2026-6732
PHO-002722,PHO-004453,EDGE-0005282,EV-CONTRACT-2026-9253
PHO-002420,PHO-000143,EDGE-0005283,EV-CONTRACT-2026-9096
PHO-002867,PHO-000344,EDGE-0005284,EV-CONTRACT-2026-8426
PHO-002940,PHO-003049,EDGE-0005285,EV-CONTRACT-2026-6384
PHO-004400,PHO-001928,EDGE-0005286,EV-CONTRACT-2026-3956
PHO-000112,PHO-001878,EDGE-0005287,EV-CONTRACT-2026-7339
PHO-001826,PHO-004945,EDGE-0005288,EV-CONTRACT-2026-4848
PHO-002849,PHO-001553,EDGE-0005289,EV-CONTRACT-2026-9480
PHO-002628,PHO-000929,EDGE-0005290,EV-CONTRACT-2026-2987
PHO-003460,PHO-001257,EDGE-0005291,EV-CONTRACT-2026-5240
PHO-004280,PHO-002961,EDGE-0005292,EV-CONTRACT-2026-4004
PHO-001372,PHO-004713,EDGE-0005293,EV-CONTRACT-2026-6961
PHO-000165,PHO-000879,EDGE-0005294,EV-CONTRACT-2026-2896
PHO-004221,PHO-000731,EDGE-0005295,EV-CONTRACT-2026-9771
PHO-002541,PHO-003181,EDGE-0005296,EV-CONTRACT-2026-8946
PHO-001779,PHO-001959,EDGE-0005297,EV-CONTRACT-2026-2884
PHO-003621,PHO-004685,EDGE-0005298,EV-CONTRACT-2026-4631
PHO-004986,PHO-002447,EDGE-0005299,EV-CONTRACT-2026-3636
PHO-001677,PHO-003801,EDGE-0005300,EV-CONTRACT-2026-3167
PHO-004164,PHO-003709,EDGE-0005301,EV-CONTRACT-2026-5101
PHO-004748,PHO-001653,EDGE-0005302,EV-CONTRACT-2026-2073
PHO-000827,PHO-002548,EDGE-0005303,EV-CONTRACT-2026-7070
PHO-001874,PHO-004915,EDGE-0005304,EV-CONTRACT-2026-3433
PHO-004017,PHO-001459,EDGE-0005305,EV-CONTRACT-2026-7010
PHO-003229,PHO-004146,EDGE-0005306,EV-CONTRACT-2026-5904
PHO-000495,PHO-000727,EDGE-0005307,EV-CONTRACT-2026-1774
PHO-001453,PHO-003847,EDGE-0005308,EV-CONTRACT-2026-7774
PHO-000315,PHO-004369,EDGE-0005309,EV-CONTRACT-2026-3049
PHO-002216,PHO-000155,EDGE-0005310,EV-CONTRACT-2026-4316
PHO-003184,PHO-003507,EDGE-0005311,EV-CONTRACT-2026-9688
PHO-000728,PHO-001433,EDGE-0005312,EV-CONTRACT-2026-8746
PHO-002220,PHO-004314,EDGE-0005313,EV-CONTRACT-2026-1306
PHO-001983,PHO-004385,EDGE-0005314,EV-CONTRACT-2026-9065
PHO-000310,PHO-003286,EDGE-0005315,EV-CONTRACT-2026-1933
PHO-000880,PHO-002941,EDGE-0005316,EV-CONTRACT-2026-1050
PHO-001276,PHO-001735,EDGE-0005317,EV-CONTRACT-2026-1618
PHO-004711,PHO-000530,EDGE-0005318,EV-CONTRACT-2026-7951
PHO-003036,PHO-002941,EDGE-0005319,EV-CONTRACT-2026-9111
PHO-004501,PHO-000017,EDGE-0005320,EV-CONTRACT-2026-7050
PHO-003158,PHO-000292,EDGE-0005321,EV-CONTRACT-2026-6962
PHO-002695,PHO-002565,EDGE-0005322,EV-CONTRACT-2026-3078
PHO-004831,PHO-000581,EDGE-0005323,EV-CONTRACT-2026-7717
PHO-002859,PHO-003455,EDGE-0005324,EV-CONTRACT-2026-1499
PHO-001971,PHO-002590,EDGE-0005325,EV-CONTRACT-2026-7195
PHO-002228,PHO-001256,EDGE-0005326,EV-CONTRACT-2026-1039
PHO-003130,PHO-000615,EDGE-0005327,EV-CONTRACT-2026-8321
PHO-000848,PHO-000803,EDGE-0005328,EV-CONTRACT-2026-5546
PHO-004602,PHO-003843,EDGE-0005329,EV-CONTRACT-2026-6479
PHO-002752,PHO-003429,EDGE-0005330,EV-CONTRACT-2026-3709
PHO-002538,PHO-001464,EDGE-0005331,EV-CONTRACT-2026-2240
PHO-000059,PHO-000229,EDGE-0005332,EV-CONTRACT-2026-6998
PHO-000685,PHO-004503,EDGE-0005333,EV-CONTRACT-2026-2899
PHO-001856,PHO-004570,EDGE-0005334,EV-CONTRACT-2026-2842
PHO-002729,PHO-001640,EDGE-0005335,EV-CONTRACT-2026-2822
PHO-004425,PHO-001564,EDGE-0005336,EV-CONTRACT-2026-6904
PHO-002748,PHO-000190,EDGE-0005337,EV-CONTRACT-2026-2957
PHO-004931,PHO-003703,EDGE-0005338,EV-CONTRACT-2026-8149
PHO-002165,PHO-000311,EDGE-0005339,EV-CONTRACT-2026-3762
PHO-003582,PHO-003610,EDGE-0005340,EV-CONTRACT-2026-1049
PHO-003912,PHO-002514,EDGE-0005341,EV-CONTRACT-2026-9747
PHO-002472,PHO-000919,EDGE-0005342,EV-CONTRACT-2026-6558
PHO-004826,PHO-001680,EDGE-0005343,EV-CONTRACT-2026-8799
PHO-003736,PHO-000582,EDGE-0005344,EV-CONTRACT-2026-6573
PHO-003129,PHO-001667,EDGE-0005345,EV-CONTRACT-2026-8427
PHO-000965,PHO-002736,EDGE-0005346,EV-CONTRACT-2026-7395
PHO-003870,PHO-000676,EDGE-0005347,EV-CONTRACT-2026-7434
PHO-002775,PHO-001633,EDGE-0005348,EV-CONTRACT-2026-9936
PHO-003551,PHO-002634,EDGE-0005349,EV-CONTRACT-2026-9940
PHO-003569,PHO-004967,EDGE-0005350,EV-CONTRACT-2026-2352
PHO-004600,PHO-001711,EDGE-0005351,EV-CONTRACT-2026-6412
PHO-002027,PHO-000193,EDGE-0005352,EV-CONTRACT-2026-7467
PHO-001238,PHO-001533,EDGE-0005353,EV-CONTRACT-2026-8204
PHO-001368,PHO-000092,EDGE-0005354,EV-CONTRACT-2026-4724
PHO-004437,PHO-001235,EDGE-0005355,EV-CONTRACT-2026-9243
PHO-002406,PHO-002078,EDGE-0005356,EV-CONTRACT-2026-1652
PHO-003222,PHO-003159,EDGE-0005357,EV-CONTRACT-2026-7336
PHO-001835,PHO-002474,EDGE-0005358,EV-CONTRACT-2026-5301
PHO-001195,PHO-002920,EDGE-0005359,EV-CONTRACT-2026-7904
PHO-000176,PHO-001099,EDGE-0005360,EV-CONTRACT-2026-6893
PHO-002309,PHO-003205,EDGE-0005361,EV-CONTRACT-2026-8220
PHO-000766,PHO-003134,EDGE-0005362,EV-CONTRACT-2026-7602
PHO-003654,PHO-004116,EDGE-0005363,EV-CONTRACT-2026-9309
PHO-001129,PHO-000294,EDGE-0005364,EV-CONTRACT-2026-8078
PHO-001585,PHO-001157,EDGE-0005365,EV-CONTRACT-2026-2125
PHO-003265,PHO-004581,EDGE-0005366,EV-CONTRACT-2026-1949
PHO-002509,PHO-000562,EDGE-0005367,EV-CONTRACT-2026-5414
PHO-001945,PHO-000824,EDGE-0005368,EV-CONTRACT-2026-4043
PHO-004668,PHO-004270,EDGE-0005369,EV-CONTRACT-2026-9168
PHO-003199,PHO-003727,EDGE-0005370,EV-CONTRACT-2026-4960
PHO-002316,PHO-001083,EDGE-0005371,EV-CONTRACT-2026-7039
PHO-002219,PHO-003352,EDGE-0005372,EV-CONTRACT-2026-6815
PHO-000089,PHO-001329,EDGE-0005373,EV-CONTRACT-2026-7373
PHO-001432,PHO-002867,EDGE-0005374,EV-CONTRACT-2026-7973
PHO-004170,PHO-000157,EDGE-0005375,EV-CONTRACT-2026-2010
PHO-003453,PHO-003659,EDGE-0005376,EV-CONTRACT-2026-1031
PHO-002511,PHO-000996,EDGE-0005377,EV-CONTRACT-2026-3268
PHO-002077,PHO-001380,EDGE-0005378,EV-CONTRACT-2026-8421
PHO-001236,PHO-004603,EDGE-0005379,EV-CONTRACT-2026-8756
PHO-003703,PHO-004311,EDGE-0005380,EV-CONTRACT-2026-3940
PHO-002427,PHO-004712,EDGE-0005381,EV-CONTRACT-2026-8052
PHO-001737,PHO-004737,EDGE-0005382,EV-CONTRACT-2026-3105
PHO-004308,PHO-002022,EDGE-0005383,EV-CONTRACT-2026-3017
PHO-002986,PHO-002923,EDGE-0005384,EV-CONTRACT-2026-4019
PHO-002432,PHO-000141,EDGE-0005385,EV-CONTRACT-2026-4181
PHO-000555,PHO-000885,EDGE-0005386,EV-CONTRACT-2026-9956
PHO-003195,PHO-004322,EDGE-0005387,EV-CONTRACT-2026-2951
PHO-005000,PHO-004964,EDGE-0005388,EV-CONTRACT-2026-1112
PHO-000081,PHO-001178,EDGE-0005389,EV-CONTRACT-2026-5972
PHO-004590,PHO-004509,EDGE-0005390,EV-CONTRACT-2026-4909
PHO-001283,PHO-003279,EDGE-0005391,EV-CONTRACT-2026-1577
PHO-003139,PHO-000206,EDGE-0005392,EV-CONTRACT-2026-3230
PHO-002299,PHO-001369,EDGE-0005393,EV-CONTRACT-2026-2750
PHO-001446,PHO-000866,EDGE-0005394,EV-CONTRACT-2026-3786
PHO-004463,PHO-002548,EDGE-0005395,EV-CONTRACT-2026-1496
PHO-004463,PHO-003133,EDGE-0005396,EV-CONTRACT-2026-9655
PHO-000589,PHO-000477,EDGE-0005397,EV-CONTRACT-2026-7869
PHO-002100,PHO-001681,EDGE-0005398,EV-CONTRACT-2026-1620
PHO-000717,PHO-000237,EDGE-0005399,EV-CONTRACT-2026-3273
PHO-001467,PHO-004069,EDGE-0005400,EV-CONTRACT-2026-6876
PHO-001770,PHO-004374,EDGE-0005401,EV-CONTRACT-2026-1441
PHO-002079,PHO-001268,EDGE-0005402,EV-CONTRACT-2026-6667
PHO-003129,PHO-000523,EDGE-0005403,EV-CONTRACT-2026-4501
PHO-002495,PHO-004506,EDGE-0005404,EV-CONTRACT-2026-9626
PHO-004027,PHO-003698,EDGE-0005405,EV-CONTRACT-2026-3974
PHO-004410,PHO-004431,EDGE-0005406,EV-CONTRACT-2026-7837
PHO-004399,PHO-003437,EDGE-0005407,EV-CONTRACT-2026-9936
PHO-004814,PHO-001117,EDGE-0005408,EV-CONTRACT-2026-1893
PHO-004656,PHO-004630,EDGE-0005409,EV-CONTRACT-2026-9397
PHO-001606,PHO-001378,EDGE-0005410,EV-CONTRACT-2026-2741
PHO-004883,PHO-001525,EDGE-0005411,EV-CONTRACT-2026-2540
PHO-004079,PHO-003730,EDGE-0005412,EV-CONTRACT-2026-5799
PHO-003040,PHO-000918,EDGE-0005413,EV-CONTRACT-2026-1947
PHO-003713,PHO-000790,EDGE-0005414,EV-CONTRACT-2026-4504
PHO-000031,PHO-000762,EDGE-0005415,EV-CONTRACT-2026-8310
PHO-000845,PHO-002824,EDGE-0005416,EV-CONTRACT-2026-9446
PHO-003862,PHO-000035,EDGE-0005417,EV-CONTRACT-2026-5284
PHO-003912,PHO-002405,EDGE-0005418,EV-CONTRACT-2026-1943
PHO-001491,PHO-003596,EDGE-0005419,EV-CONTRACT-2026-7479
PHO-004887,PHO-001923,EDGE-0005420,EV-CONTRACT-2026-2292
PHO-004988,PHO-000802,EDGE-0005421,EV-CONTRACT-2026-6944
PHO-001942,PHO-004002,EDGE-0005422,EV-CONTRACT-2026-3220
PHO-004228,PHO-000551,EDGE-0005423,EV-CONTRACT-2026-5297
PHO-002385,PHO-004428,EDGE-0005424,EV-CONTRACT-2026-7806
PHO-001470,PHO-000559,EDGE-0005425,EV-CONTRACT-2026-5687
PHO-000293,PHO-001641,EDGE-0005426,EV-CONTRACT-2026-2925
PHO-004898,PHO-002428,EDGE-0005427,EV-CONTRACT-2026-3336
PHO-003472,PHO-000043,EDGE-0005428,EV-CONTRACT-2026-8452
PHO-004129,PHO-002029,EDGE-0005429,EV-CONTRACT-2026-4736
PHO-002826,PHO-000237,EDGE-0005430,EV-CONTRACT-2026-8605
PHO-003851,PHO-002127,EDGE-0005431,EV-CONTRACT-2026-1238
PHO-000786,PHO-000232,EDGE-0005432,EV-CONTRACT-2026-6194
PHO-001913,PHO-003010,EDGE-0005433,EV-CONTRACT-2026-7914
PHO-002317,PHO-000538,EDGE-0005434,EV-CONTRACT-2026-3456
PHO-002104,PHO-001105,EDGE-0005435,EV-CONTRACT-2026-1296
PHO-000746,PHO-000173,EDGE-0005436,EV-CONTRACT-2026-9779
PHO-003971,PHO-000976,EDGE-0005437,EV-CONTRACT-2026-8964
PHO-002376,PHO-001068,EDGE-0005438,EV-CONTRACT-2026-3647
PHO-002097,PHO-004001,EDGE-0005439,EV-CONTRACT-2026-1477
PHO-004461,PHO-004385,EDGE-0005440,EV-CONTRACT-2026-4694
PHO-000361,PHO-003022,EDGE-0005441,EV-CONTRACT-2026-2750
PHO-003421,PHO-001465,EDGE-0005442,EV-CONTRACT-2026-2947
PHO-000880,PHO-003270,EDGE-0005443,EV-CONTRACT-2026-5813
PHO-003988,PHO-001230,EDGE-0005444,EV-CONTRACT-2026-4942
PHO-004285,PHO-000654,EDGE-0005445,EV-CONTRACT-2026-1105
PHO-000867,PHO-000230,EDGE-0005446,EV-CONTRACT-2026-3912
PHO-000620,PHO-002896,EDGE-0005447,EV-CONTRACT-2026-9402
PHO-003363,PHO-000339,EDGE-0005448,EV-CONTRACT-2026-7667
PHO-000849,PHO-002597,EDGE-0005449,EV-CONTRACT-2026-9221
PHO-004720,PHO-001455,EDGE-0005450,EV-CONTRACT-2026-2306
PHO-002460,PHO-000735,EDGE-0005451,EV-CONTRACT-2026-3502
PHO-001319,PHO-004105,EDGE-0005452,EV-CONTRACT-2026-6659
PHO-000268,PHO-000505,EDGE-0005453,EV-CONTRACT-2026-2323
PHO-004963,PHO-003107,EDGE-0005454,EV-CONTRACT-2026-2474
PHO-000783,PHO-002567,EDGE-0005455,EV-CONTRACT-2026-3538
PHO-003760,PHO-001603,EDGE-0005456,EV-CONTRACT-2026-3528
PHO-001583,PHO-004498,EDGE-0005457,EV-CONTRACT-2026-5063
PHO-002382,PHO-001591,EDGE-0005458,EV-CONTRACT-2026-4220
PHO-002120,PHO-004238,EDGE-0005459,EV-CONTRACT-2026-9646
PHO-002653,PHO-001888,EDGE-0005460,EV-CONTRACT-2026-8492
PHO-002667,PHO-000142,EDGE-0005461,EV-CONTRACT-2026-8300
PHO-004150,PHO-002679,EDGE-0005462,EV-CONTRACT-2026-7683
PHO-003920,PHO-004917,EDGE-0005463,EV-CONTRACT-2026-6207
PHO-000988,PHO-004571,EDGE-0005464,EV-CONTRACT-2026-8958
PHO-002572,PHO-001330,EDGE-0005465,EV-CONTRACT-2026-9297
PHO-001387,PHO-002689,EDGE-0005466,EV-CONTRACT-2026-6480
PHO-004578,PHO-003047,EDGE-0005467,EV-CONTRACT-2026-6504
PHO-004784,PHO-001152,EDGE-0005468,EV-CONTRACT-2026-1029
PHO-001087,PHO-003796,EDGE-0005469,EV-CONTRACT-2026-3688
PHO-004343,PHO-002782,EDGE-0005470,EV-CONTRACT-2026-6072
PHO-004397,PHO-004186,EDGE-0005471,EV-CONTRACT-2026-1143
PHO-004059,PHO-002987,EDGE-0005472,EV-CONTRACT-2026-4947
PHO-000079,PHO-000238,EDGE-0005473,EV-CONTRACT-2026-2738
PHO-000196,PHO-003981,EDGE-0005474,EV-CONTRACT-2026-2688
PHO-002616,PHO-001418,EDGE-0005475,EV-CONTRACT-2026-8790
PHO-004980,PHO-001407,EDGE-0005476,EV-CONTRACT-2026-1712
PHO-000818,PHO-003450,EDGE-0005477,EV-CONTRACT-2026-9842
PHO-000922,PHO-001043,EDGE-0005478,EV-CONTRACT-2026-1135
PHO-000980,PHO-003142,EDGE-0005479,EV-CONTRACT-2026-9146
PHO-002939,PHO-001572,EDGE-0005480,EV-CONTRACT-2026-7706
PHO-001499,PHO-003124,EDGE-0005481,EV-CONTRACT-2026-4726
PHO-000407,PHO-000631,EDGE-0005482,EV-CONTRACT-2026-9979
PHO-001537,PHO-003098,EDGE-0005483,EV-CONTRACT-2026-3922
PHO-004192,PHO-004111,EDGE-0005484,EV-CONTRACT-2026-9058
PHO-004563,PHO-001293,EDGE-0005485,EV-CONTRACT-2026-1532
PHO-004055,PHO-000640,EDGE-0005486,EV-CONTRACT-2026-9386
PHO-002529,PHO-001070,EDGE-0005487,EV-CONTRACT-2026-4929
PHO-001346,PHO-003976,EDGE-0005488,EV-CONTRACT-2026-9080
PHO-003175,PHO-000279,EDGE-0005489,EV-CONTRACT-2026-1009
PHO-004797,PHO-002702,EDGE-0005490,EV-CONTRACT-2026-5887
PHO-004247,PHO-003968,EDGE-0005491,EV-CONTRACT-2026-8858
PHO-001958,PHO-002411,EDGE-0005492,EV-CONTRACT-2026-8741
PHO-001612,PHO-001790,EDGE-0005493,EV-CONTRACT-2026-8825
PHO-004695,PHO-003000,EDGE-0005494,EV-CONTRACT-2026-4253
PHO-001951,PHO-004732,EDGE-0005495,EV-CONTRACT-2026-6768
PHO-002236,PHO-000497,EDGE-0005496,EV-CONTRACT-2026-8018
PHO-003646,PHO-004933,EDGE-0005497,EV-CONTRACT-2026-9293
PHO-004800,PHO-003251,EDGE-0005498,EV-CONTRACT-2026-8736
PHO-003957,PHO-000253,EDGE-0005499,EV-CONTRACT-2026-8043
PHO-004903,PHO-002591,EDGE-0005500,EV-CONTRACT-2026-8694
PHO-001793,PHO-002514,EDGE-0005501,EV-CONTRACT-2026-9999
PHO-004906,PHO-002585,EDGE-0005502,EV-CONTRACT-2026-1881
PHO-000208,PHO-004359,EDGE-0005503,EV-CONTRACT-2026-6334
PHO-002010,PHO-000787,EDGE-0005504,EV-CONTRACT-2026-9154
PHO-000718,PHO-003026,EDGE-0005505,EV-CONTRACT-2026-6041
PHO-004726,PHO-003764,EDGE-0005506,EV-CONTRACT-2026-4552
PHO-002745,PHO-002568,EDGE-0005507,EV-CONTRACT-2026-3121
PHO-004891,PHO-000712,EDGE-0005508,EV-CONTRACT-2026-5350
PHO-004171,PHO-002157,EDGE-0005509,EV-CONTRACT-2026-3307
PHO-001407,PHO-003678,EDGE-0005510,EV-CONTRACT-2026-5264
PHO-004146,PHO-000798,EDGE-0005511,EV-CONTRACT-2026-5211
PHO-001758,PHO-001191,EDGE-0005512,EV-CONTRACT-2026-5682
PHO-003894,PHO-001148,EDGE-0005513,EV-CONTRACT-2026-7087
PHO-003273,PHO-001673,EDGE-0005514,EV-CONTRACT-2026-3321
PHO-000031,PHO-001020,EDGE-0005515,EV-CONTRACT-2026-6142
PHO-002213,PHO-001422,EDGE-0005516,EV-CONTRACT-2026-7043
PHO-004162,PHO-003221,EDGE-0005517,EV-CONTRACT-2026-1918
PHO-004944,PHO-003106,EDGE-0005518,EV-CONTRACT-2026-8058
PHO-003324,PHO-002540,EDGE-0005519,EV-CONTRACT-2026-1535
PHO-003576,PHO-000232,EDGE-0005520,EV-CONTRACT-2026-3804
PHO-004911,PHO-004065,EDGE-0005521,EV-CONTRACT-2026-9425
PHO-002579,PHO-002632,EDGE-0005522,EV-CONTRACT-2026-6415
PHO-002590,PHO-004951,EDGE-0005523,EV-CONTRACT-2026-6277
PHO-000298,PHO-000672,EDGE-0005524,EV-CONTRACT-2026-4751
PHO-003613,PHO-001324,EDGE-0005525,EV-CONTRACT-2026-5510
PHO-003059,PHO-000304,EDGE-0005526,EV-CONTRACT-2026-6951
PHO-003218,PHO-001004,EDGE-0005527,EV-CONTRACT-2026-4898
PHO-003132,PHO-001986,EDGE-0005528,EV-CONTRACT-2026-7946
PHO-002110,PHO-000922,EDGE-0005529,EV-CONTRACT-2026-9440
PHO-000344,PHO-000342,EDGE-0005530,EV-CONTRACT-2026-8816
PHO-001452,PHO-004856,EDGE-0005531,EV-CONTRACT-2026-2062
PHO-001883,PHO-000006,EDGE-0005532,EV-CONTRACT-2026-1157
PHO-001460,PHO-000539,EDGE-0005533,EV-CONTRACT-2026-5459
PHO-002337,PHO-003795,EDGE-0005534,EV-CONTRACT-2026-1042
PHO-004041,PHO-001022,EDGE-0005535,EV-CONTRACT-2026-1002
PHO-004959,PHO-001317,EDGE-0005536,EV-CONTRACT-2026-3466
PHO-002125,PHO-002501,EDGE-0005537,EV-CONTRACT-2026-6300
PHO-001042,PHO-000179,EDGE-0005538,EV-CONTRACT-2026-4546
PHO-000159,PHO-002236,EDGE-0005539,EV-CONTRACT-2026-2194
PHO-000024,PHO-003901,EDGE-0005540,EV-CONTRACT-2026-9158
PHO-002650,PHO-002406,EDGE-0005541,EV-CONTRACT-2026-2448
PHO-002928,PHO-004474,EDGE-0005542,EV-CONTRACT-2026-5053
PHO-004285,PHO-002903,EDGE-0005543,EV-CONTRACT-2026-2804
PHO-002172,PHO-003632,EDGE-0005544,EV-CONTRACT-2026-9797
PHO-004811,PHO-001054,EDGE-0005545,EV-CONTRACT-2026-1831
PHO-003126,PHO-001844,EDGE-0005546,EV-CONTRACT-2026-8280
PHO-001333,PHO-001670,EDGE-0005547,EV-CONTRACT-2026-7855
PHO-002366,PHO-000901,EDGE-0005548,EV-CONTRACT-2026-6318
PHO-004973,PHO-000960,EDGE-0005549,EV-CONTRACT-2026-5935
PHO-001409,PHO-003621,EDGE-0005550,EV-CONTRACT-2026-7089
PHO-001095,PHO-004572,EDGE-0005551,EV-CONTRACT-2026-2867
PHO-002127,PHO-001935,EDGE-0005552,EV-CONTRACT-2026-9033
PHO-002133,PHO-004998,EDGE-0005553,EV-CONTRACT-2026-1371
PHO-000268,PHO-000095,EDGE-0005554,EV-CONTRACT-2026-3240
PHO-000223,PHO-003131,EDGE-0005555,EV-CONTRACT-2026-3553
PHO-001868,PHO-001564,EDGE-0005556,EV-CONTRACT-2026-5503
PHO-000466,PHO-002210,EDGE-0005557,EV-CONTRACT-2026-5213
PHO-004519,PHO-002581,EDGE-0005558,EV-CONTRACT-2026-9925
PHO-004370,PHO-002385,EDGE-0005559,EV-CONTRACT-2026-1421
PHO-003568,PHO-000596,EDGE-0005560,EV-CONTRACT-2026-3462
PHO-000365,PHO-002295,EDGE-0005561,EV-CONTRACT-2026-9820
PHO-000471,PHO-000702,EDGE-0005562,EV-CONTRACT-2026-9001
PHO-001056,PHO-003747,EDGE-0005563,EV-CONTRACT-2026-9231
PHO-001590,PHO-000291,EDGE-0005564,EV-CONTRACT-2026-5299
PHO-001674,PHO-004913,EDGE-0005565,EV-CONTRACT-2026-9068
PHO-003776,PHO-004810,EDGE-0005566,EV-CONTRACT-2026-4230
PHO-001020,PHO-000974,EDGE-0005567,EV-CONTRACT-2026-8513
PHO-004286,PHO-004849,EDGE-0005568,EV-CONTRACT-2026-8042
PHO-004053,PHO-002084,EDGE-0005569,EV-CONTRACT-2026-3262
PHO-001566,PHO-003959,EDGE-0005570,EV-CONTRACT-2026-2238
PHO-001663,PHO-003957,EDGE-0005571,EV-CONTRACT-2026-3875
PHO-001663,PHO-001667,EDGE-0005572,EV-CONTRACT-2026-9762
PHO-003631,PHO-003641,EDGE-0005573,EV-CONTRACT-2026-4244
PHO-003576,PHO-000275,EDGE-0005574,EV-CONTRACT-2026-2023
PHO-004201,PHO-000599,EDGE-0005575,EV-CONTRACT-2026-5878
PHO-003619,PHO-001983,EDGE-0005576,EV-CONTRACT-2026-7022
PHO-000944,PHO-000012,EDGE-0005577,EV-CONTRACT-2026-2435
PHO-000221,PHO-001473,EDGE-0005578,EV-CONTRACT-2026-2192
PHO-000127,PHO-003179,EDGE-0005579,EV-CONTRACT-2026-6280
PHO-001262,PHO-003963,EDGE-0005580,EV-CONTRACT-2026-6732
PHO-000929,PHO-003779,EDGE-0005581,EV-CONTRACT-2026-4438
PHO-004289,PHO-003937,EDGE-0005582,EV-CONTRACT-2026-9822
PHO-002191,PHO-004036,EDGE-0005583,EV-CONTRACT-2026-1962
PHO-001766,PHO-003945,EDGE-0005584,EV-CONTRACT-2026-6883
PHO-002117,PHO-001847,EDGE-0005585,EV-CONTRACT-2026-6178
PHO-001296,PHO-000916,EDGE-0005586,EV-CONTRACT-2026-4444
PHO-003155,PHO-004184,EDGE-0005587,EV-CONTRACT-2026-3954
PHO-003565,PHO-003337,EDGE-0005588,EV-CONTRACT-2026-4574
PHO-004848,PHO-003172,EDGE-0005589,EV-CONTRACT-2026-4862
PHO-002852,PHO-003611,EDGE-0005590,EV-CONTRACT-2026-4821
PHO-003258,PHO-000736,EDGE-0005591,EV-CONTRACT-2026-2725
PHO-003171,PHO-001593,EDGE-0005592,EV-CONTRACT-2026-2745
PHO-002551,PHO-002041,EDGE-0005593,EV-CONTRACT-2026-5014
PHO-004787,PHO-001275,EDGE-0005594,EV-CONTRACT-2026-2375
PHO-001507,PHO-001363,EDGE-0005595,EV-CONTRACT-2026-7366
PHO-001051,PHO-000619,EDGE-0005596,EV-CONTRACT-2026-1909
PHO-001246,PHO-002314,EDGE-0005597,EV-CONTRACT-2026-5377
PHO-000206,PHO-003218,EDGE-0005598,EV-CONTRACT-2026-4978
PHO-003798,PHO-004858,EDGE-0005599,EV-CONTRACT-2026-1060
PHO-003126,PHO-003507,EDGE-0005600,EV-CONTRACT-2026-1776
PHO-003040,PHO-003057,EDGE-0005601,EV-CONTRACT-2026-2981
PHO-000142,PHO-001990,EDGE-0005602,EV-CONTRACT-2026-4034
PHO-004752,PHO-003705,EDGE-0005603,EV-CONTRACT-2026-9023
PHO-002251,PHO-001521,EDGE-0005604,EV-CONTRACT-2026-7452
PHO-001466,PHO-004367,EDGE-0005605,EV-CONTRACT-2026-3139
PHO-001604,PHO-002929,EDGE-0005606,EV-CONTRACT-2026-1092
PHO-004105,PHO-001747,EDGE-0005607,EV-CONTRACT-2026-7474
PHO-002565,PHO-002049,EDGE-0005608,EV-CONTRACT-2026-2732
PHO-002350,PHO-000517,EDGE-0005609,EV-CONTRACT-2026-2735
PHO-000071,PHO-001714,EDGE-0005610,EV-CONTRACT-2026-3397
PHO-000154,PHO-002389,EDGE-0005611,EV-CONTRACT-2026-3797
PHO-001288,PHO-001084,EDGE-0005612,EV-CONTRACT-2026-8382
PHO-000383,PHO-004940,EDGE-0005613,EV-CONTRACT-2026-9050
PHO-000936,PHO-003858,EDGE-0005614,EV-CONTRACT-2026-2493
PHO-001379,PHO-003293,EDGE-0005615,EV-CONTRACT-2026-5637
PHO-004746,PHO-001658,EDGE-0005616,EV-CONTRACT-2026-3197
PHO-003535,PHO-003874,EDGE-0005617,EV-CONTRACT-2026-3647
PHO-000040,PHO-003844,EDGE-0005618,EV-CONTRACT-2026-9574
PHO-002424,PHO-001214,EDGE-0005619,EV-CONTRACT-2026-2056
PHO-001507,PHO-003098,EDGE-0005620,EV-CONTRACT-2026-8264
PHO-004948,PHO-003458,EDGE-0005621,EV-CONTRACT-2026-9140
PHO-001536,PHO-002171,EDGE-0005622,EV-CONTRACT-2026-6788
PHO-002212,PHO-000853,EDGE-0005623,EV-CONTRACT-2026-4146
PHO-001286,PHO-003151,EDGE-0005624,EV-CONTRACT-2026-8290
PHO-003655,PHO-004623,EDGE-0005625,EV-CONTRACT-2026-7358
PHO-002607,PHO-004716,EDGE-0005626,EV-CONTRACT-2026-5996
PHO-004871,PHO-000664,EDGE-0005627,EV-CONTRACT-2026-1441
PHO-004382,PHO-002947,EDGE-0005628,EV-CONTRACT-2026-7050
PHO-003117,PHO-004944,EDGE-0005629,EV-CONTRACT-2026-4930
PHO-000294,PHO-001904,EDGE-0005630,EV-CONTRACT-2026-9066
PHO-002113,PHO-001846,EDGE-0005631,EV-CONTRACT-2026-5753
PHO-003203,PHO-000320,EDGE-0005632,EV-CONTRACT-2026-8749
PHO-004058,PHO-000036,EDGE-0005633,EV-CONTRACT-2026-9156
PHO-001427,PHO-003526,EDGE-0005634,EV-CONTRACT-2026-8484
PHO-003597,PHO-002249,EDGE-0005635,EV-CONTRACT-2026-7509
PHO-003525,PHO-003177,EDGE-0005636,EV-CONTRACT-2026-9902
PHO-003650,PHO-001525,EDGE-0005637,EV-CONTRACT-2026-8068
PHO-000228,PHO-004075,EDGE-0005638,EV-CONTRACT-2026-7638
PHO-001691,PHO-003841,EDGE-0005639,EV-CONTRACT-2026-7102
PHO-004531,PHO-004221,EDGE-0005640,EV-CONTRACT-2026-6562
PHO-002154,PHO-002350,EDGE-0005641,EV-CONTRACT-2026-2966
PHO-002535,PHO-004600,EDGE-0005642,EV-CONTRACT-2026-5798
PHO-001519,PHO-003060,EDGE-0005643,EV-CONTRACT-2026-8874
PHO-001652,PHO-001986,EDGE-0005644,EV-CONTRACT-2026-9822
PHO-002470,PHO-003216,EDGE-0005645,EV-CONTRACT-2026-2561
PHO-002636,PHO-001023,EDGE-0005646,EV-CONTRACT-2026-7115
PHO-003052,PHO-004742,EDGE-0005647,EV-CONTRACT-2026-6292
PHO-000868,PHO-004970,EDGE-0005648,EV-CONTRACT-2026-4277
PHO-000790,PHO-003573,EDGE-0005649,EV-CONTRACT-2026-2457
PHO-002286,PHO-002901,EDGE-0005650,EV-CONTRACT-2026-6847
PHO-000442,PHO-002002,EDGE-0005651,EV-CONTRACT-2026-5791
PHO-001046,PHO-003315,EDGE-0005652,EV-CONTRACT-2026-1664
PHO-001924,PHO-003784,EDGE-0005653,EV-CONTRACT-2026-1103
PHO-002844,PHO-002667,EDGE-0005654,EV-CONTRACT-2026-6813
PHO-001344,PHO-002678,EDGE-0005655,EV-CONTRACT-2026-4662
PHO-004093,PHO-004372,EDGE-0005656,EV-CONTRACT-2026-6605
PHO-001677,PHO-001305,EDGE-0005657,EV-CONTRACT-2026-6682
PHO-001529,PHO-003902,EDGE-0005658,EV-CONTRACT-2026-8147
PHO-003157,PHO-003520,EDGE-0005659,EV-CONTRACT-2026-5196
PHO-001993,PHO-001569,EDGE-0005660,EV-CONTRACT-2026-7651
PHO-000870,PHO-003875,EDGE-0005661,EV-CONTRACT-2026-2205
PHO-002914,PHO-000992,EDGE-0005662,EV-CONTRACT-2026-2399
PHO-004428,PHO-002979,EDGE-0005663,EV-CONTRACT-2026-9437
PHO-002593,PHO-001774,EDGE-0005664,EV-CONTRACT-2026-5713
PHO-004255,PHO-003093,EDGE-0005665,EV-CONTRACT-2026-2794
PHO-004768,PHO-000842,EDGE-0005666,EV-CONTRACT-2026-8832
PHO-001961,PHO-004547,EDGE-0005667,EV-CONTRACT-2026-2387
PHO-004641,PHO-000564,EDGE-0005668,EV-CONTRACT-2026-8963
PHO-001321,PHO-000199,EDGE-0005669,EV-CONTRACT-2026-6879
PHO-000443,PHO-002486,EDGE-0005670,EV-CONTRACT-2026-3982
PHO-001201,PHO-003012,EDGE-0005671,EV-CONTRACT-2026-2597
PHO-003445,PHO-000462,EDGE-0005672,EV-CONTRACT-2026-2217
PHO-004775,PHO-001499,EDGE-0005673,EV-CONTRACT-2026-2441
PHO-000470,PHO-001481,EDGE-0005674,EV-CONTRACT-2026-6683
PHO-003343,PHO-002131,EDGE-0005675,EV-CONTRACT-2026-9719
PHO-004940,PHO-002958,EDGE-0005676,EV-CONTRACT-2026-5920
PHO-003976,PHO-000004,EDGE-0005677,EV-CONTRACT-2026-8488
PHO-000679,PHO-004638,EDGE-0005678,EV-CONTRACT-2026-5674
PHO-004000,PHO-001754,EDGE-0005679,EV-CONTRACT-2026-6435
PHO-004335,PHO-000501,EDGE-0005680,EV-CONTRACT-2026-6486
PHO-002809,PHO-002924,EDGE-0005681,EV-CONTRACT-2026-2408
PHO-000750,PHO-001764,EDGE-0005682,EV-CONTRACT-2026-2500
PHO-000292,PHO-000848,EDGE-0005683,EV-CONTRACT-2026-8957
PHO-004844,PHO-004391,EDGE-0005684,EV-CONTRACT-2026-1731
PHO-000407,PHO-002782,EDGE-0005685,EV-CONTRACT-2026-2537
PHO-003487,PHO-002795,EDGE-0005686,EV-CONTRACT-2026-6837
PHO-001562,PHO-002953,EDGE-0005687,EV-CONTRACT-2026-6401
PHO-000950,PHO-002324,EDGE-0005688,EV-CONTRACT-2026-8785
PHO-003729,PHO-000022,EDGE-0005689,EV-CONTRACT-2026-9490
PHO-001628,PHO-003591,EDGE-0005690,EV-CONTRACT-2026-5884
PHO-004657,PHO-004540,EDGE-0005691,EV-CONTRACT-2026-4622
PHO-004670,PHO-000822,EDGE-0005692,EV-CONTRACT-2026-4886
PHO-002648,PHO-002335,EDGE-0005693,EV-CONTRACT-2026-3894
PHO-002954,PHO-004332,EDGE-0005694,EV-CONTRACT-2026-7770
PHO-000419,PHO-004531,EDGE-0005695,EV-CONTRACT-2026-1379
PHO-004077,PHO-000697,EDGE-0005696,EV-CONTRACT-2026-1637
PHO-003138,PHO-003416,EDGE-0005697,EV-CONTRACT-2026-6210
PHO-002859,PHO-004148,EDGE-0005698,EV-CONTRACT-2026-8168
PHO-004903,PHO-004740,EDGE-0005699,EV-CONTRACT-2026-1096
PHO-000732,PHO-001860,EDGE-0005700,EV-CONTRACT-2026-4549
PHO-004239,PHO-000242,EDGE-0005701,EV-CONTRACT-2026-9338
PHO-004536,PHO-003961,EDGE-0005702,EV-CONTRACT-2026-2093
PHO-000500,PHO-003293,EDGE-0005703,EV-CONTRACT-2026-1948
PHO-004271,PHO-000340,EDGE-0005704,EV-CONTRACT-2026-8592
PHO-002725,PHO-004716,EDGE-0005705,EV-CONTRACT-2026-8344
PHO-002747,PHO-003033,EDGE-0005706,EV-CONTRACT-2026-4756
PHO-001077,PHO-000013,EDGE-0005707,EV-CONTRACT-2026-1004
PHO-003847,PHO-003941,EDGE-0005708,EV-CONTRACT-2026-9796
PHO-002872,PHO-004621,EDGE-0005709,EV-CONTRACT-2026-9103
PHO-002822,PHO-003902,EDGE-0005710,EV-CONTRACT-2026-6466
PHO-001093,PHO-003111,EDGE-0005711,EV-CONTRACT-2026-8851
PHO-002859,PHO-005000,EDGE-0005712,EV-CONTRACT-2026-1322
PHO-003520,PHO-000290,EDGE-0005713,EV-CONTRACT-2026-2427
PHO-003045,PHO-004348,EDGE-0005714,EV-CONTRACT-2026-8750
PHO-001227,PHO-000706,EDGE-0005715,EV-CONTRACT-2026-4527
PHO-000585,PHO-004721,EDGE-0005716,EV-CONTRACT-2026-2072
PHO-003315,PHO-001561,EDGE-0005717,EV-CONTRACT-2026-9958
PHO-002336,PHO-000194,EDGE-0005718,EV-CONTRACT-2026-2956
PHO-001065,PHO-003671,EDGE-0005719,EV-CONTRACT-2026-8108
PHO-004997,PHO-005000,EDGE-0005720,EV-CONTRACT-2026-6821
PHO-003709,PHO-000810,EDGE-0005721,EV-CONTRACT-2026-8327
PHO-004156,PHO-003280,EDGE-0005722,EV-CONTRACT-2026-5728
PHO-004444,PHO-002236,EDGE-0005723,EV-CONTRACT-2026-5527
PHO-002057,PHO-003979,EDGE-0005724,EV-CONTRACT-2026-1967
PHO-001111,PHO-004862,EDGE-0005725,EV-CONTRACT-2026-9172
PHO-004640,PHO-002788,EDGE-0005726,EV-CONTRACT-2026-8839
PHO-004573,PHO-003984,EDGE-0005727,EV-CONTRACT-2026-3794
PHO-003472,PHO-000816,EDGE-0005728,EV-CONTRACT-2026-2998
PHO-001542,PHO-003725,EDGE-0005729,EV-CONTRACT-2026-6125
PHO-004902,PHO-003325,EDGE-0005730,EV-CONTRACT-2026-6528
PHO-002842,PHO-001469,EDGE-0005731,EV-CONTRACT-2026-6383
PHO-000483,PHO-000234,EDGE-0005732,EV-CONTRACT-2026-4517
PHO-004568,PHO-001966,EDGE-0005733,EV-CONTRACT-2026-7377
PHO-003538,PHO-000057,EDGE-0005734,EV-CONTRACT-2026-3895
PHO-004216,PHO-001115,EDGE-0005735,EV-CONTRACT-2026-2934
PHO-004396,PHO-002601,EDGE-0005736,EV-CONTRACT-2026-1089
PHO-002959,PHO-001345,EDGE-0005737,EV-CONTRACT-2026-7301
PHO-000377,PHO-003233,EDGE-0005738,EV-CONTRACT-2026-3435
PHO-004733,PHO-000155,EDGE-0005739,EV-CONTRACT-2026-3473
PHO-003321,PHO-003193,EDGE-0005740,EV-CONTRACT-2026-7179
PHO-003747,PHO-003309,EDGE-0005741,EV-CONTRACT-2026-4673
PHO-003536,PHO-003562,EDGE-0005742,EV-CONTRACT-2026-7104
PHO-002158,PHO-003917,EDGE-0005743,EV-CONTRACT-2026-4982
PHO-003998,PHO-000161,EDGE-0005744,EV-CONTRACT-2026-3003
PHO-001469,PHO-003147,EDGE-0005745,EV-CONTRACT-2026-7334
PHO-003543,PHO-004202,EDGE-0005746,EV-CONTRACT-2026-6735
PHO-003272,PHO-003850,EDGE-0005747,EV-CONTRACT-2026-5762
PHO-004523,PHO-004331,EDGE-0005748,EV-CONTRACT-2026-5404
PHO-002260,PHO-004758,EDGE-0005749,EV-CONTRACT-2026-2631
PHO-001411,PHO-003581,EDGE-0005750,EV-CONTRACT-2026-2464
PHO-002518,PHO-003584,EDGE-0005751,EV-CONTRACT-2026-1401
PHO-000333,PHO-000056,EDGE-0005752,EV-CONTRACT-2026-2666
PHO-002017,PHO-000396,EDGE-0005753,EV-CONTRACT-2026-1459
PHO-000653,PHO-000657,EDGE-0005754,EV-CONTRACT-2026-2641
PHO-002450,PHO-000833,EDGE-0005755,EV-CONTRACT-2026-3871
PHO-004838,PHO-000356,EDGE-0005756,EV-CONTRACT-2026-2635
PHO-000358,PHO-000285,EDGE-0005757,EV-CONTRACT-2026-3569
PHO-002667,PHO-000271,EDGE-0005758,EV-CONTRACT-2026-2704
PHO-000400,PHO-000512,EDGE-0005759,EV-CONTRACT-2026-8472
PHO-002677,PHO-000025,EDGE-0005760,EV-CONTRACT-2026-6749
PHO-003799,PHO-000784,EDGE-0005761,EV-CONTRACT-2026-4050
PHO-000807,PHO-000280,EDGE-0005762,EV-CONTRACT-2026-5930
PHO-000754,PHO-000086,EDGE-0005763,EV-CONTRACT-2026-2073
PHO-000164,PHO-001734,EDGE-0005764,EV-CONTRACT-2026-7902
PHO-002723,PHO-004219,EDGE-0005765,EV-CONTRACT-2026-1342
PHO-001640,PHO-004822,EDGE-0005766,EV-CONTRACT-2026-7850
PHO-001862,PHO-003066,EDGE-0005767,EV-CONTRACT-2026-9925
PHO-001479,PHO-004022,EDGE-0005768,EV-CONTRACT-2026-7530
PHO-001294,PHO-001745,EDGE-0005769,EV-CONTRACT-2026-3898
PHO-003698,PHO-004848,EDGE-0005770,EV-CONTRACT-2026-1823
PHO-000700,PHO-001732,EDGE-0005771,EV-CONTRACT-2026-2599
PHO-000357,PHO-002526,EDGE-0005772,EV-CONTRACT-2026-7182
PHO-004039,PHO-000774,EDGE-0005773,EV-CONTRACT-2026-8105
PHO-002205,PHO-001340,EDGE-0005774,EV-CONTRACT-2026-7215
PHO-004550,PHO-000231,EDGE-0005775,EV-CONTRACT-2026-3934
PHO-000935,PHO-002073,EDGE-0005776,EV-CONTRACT-2026-4534
PHO-001192,PHO-004785,EDGE-0005777,EV-CONTRACT-2026-4802
PHO-001527,PHO-003381,EDGE-0005778,EV-CONTRACT-2026-5770
PHO-000976,PHO-000071,EDGE-0005779,EV-CONTRACT-2026-8329
PHO-000771,PHO-003751,EDGE-0005780,EV-CONTRACT-2026-5753
PHO-004051,PHO-003048,EDGE-0005781,EV-CONTRACT-2026-6442
PHO-003035,PHO-003791,EDGE-0005782,EV-CONTRACT-2026-7753
PHO-002396,PHO-002931,EDGE-0005783,EV-CONTRACT-2026-2236
PHO-004481,PHO-000858,EDGE-0005784,EV-CONTRACT-2026-2926
PHO-002383,PHO-002509,EDGE-0005785,EV-CONTRACT-2026-4513
PHO-004866,PHO-002952,EDGE-0005786,EV-CONTRACT-2026-4962
PHO-002820,PHO-000582,EDGE-0005787,EV-CONTRACT-2026-7669
PHO-003610,PHO-000274,EDGE-0005788,EV-CONTRACT-2026-6051
PHO-000298,PHO-004464,EDGE-0005789,EV-CONTRACT-2026-2197
PHO-001360,PHO-000749,EDGE-0005790,EV-CONTRACT-2026-4127
PHO-000888,PHO-004489,EDGE-0005791,EV-CONTRACT-2026-3528
PHO-000890,PHO-000127,EDGE-0005792,EV-CONTRACT-2026-3608
PHO-003077,PHO-001978,EDGE-0005793,EV-CONTRACT-2026-8826
PHO-000001,PHO-001000,EDGE-0005794,EV-CONTRACT-2026-2714
PHO-002244,PHO-002130,EDGE-0005795,EV-CONTRACT-2026-1852
PHO-003189,PHO-003431,EDGE-0005796,EV-CONTRACT-2026-2306
PHO-000113,PHO-003255,EDGE-0005797,EV-CONTRACT-2026-4876
PHO-000207,PHO-002262,EDGE-0005798,EV-CONTRACT-2026-6822
PHO-000787,PHO-000367,EDGE-0005799,EV-CONTRACT-2026-9912
PHO-003943,PHO-004520,EDGE-0005800,EV-CONTRACT-2026-3195
PHO-002298,PHO-003669,EDGE-0005801,EV-CONTRACT-2026-6865
PHO-001743,PHO-004983,EDGE-0005802,EV-CONTRACT-2026-4165
PHO-001943,PHO-004259,EDGE-0005803,EV-CONTRACT-2026-2335
PHO-000542,PHO-004476,EDGE-0005804,EV-CONTRACT-2026-3317
PHO-004500,PHO-001965,EDGE-0005805,EV-CONTRACT-2026-6126
PHO-004929,PHO-002407,EDGE-0005806,EV-CONTRACT-2026-9224
PHO-004649,PHO-000883,EDGE-0005807,EV-CONTRACT-2026-4375
PHO-004509,PHO-002312,EDGE-0005808,EV-CONTRACT-2026-9874
PHO-000122,PHO-001915,EDGE-0005809,EV-CONTRACT-2026-9866
PHO-000482,PHO-002874,EDGE-0005810,EV-CONTRACT-2026-2039
PHO-004092,PHO-003647,EDGE-0005811,EV-CONTRACT-2026-1930
PHO-004866,PHO-003493,EDGE-0005812,EV-CONTRACT-2026-3563
PHO-000995,PHO-003180,EDGE-0005813,EV-CONTRACT-2026-3320
PHO-000307,PHO-004108,EDGE-0005814,EV-CONTRACT-2026-9013
PHO-001880,PHO-003139,EDGE-0005815,EV-CONTRACT-2026-4900
PHO-002906,PHO-002373,EDGE-0005816,EV-CONTRACT-2026-6675
PHO-003964,PHO-002017,EDGE-0005817,EV-CONTRACT-2026-5418
PHO-004935,PHO-003573,EDGE-0005818,EV-CONTRACT-2026-8739
PHO-001573,PHO-002458,EDGE-0005819,EV-CONTRACT-2026-8897
PHO-003836,PHO-004578,EDGE-0005820,EV-CONTRACT-2026-5024
PHO-000187,PHO-003998,EDGE-0005821,EV-CONTRACT-2026-4293
PHO-002441,PHO-000203,EDGE-0005822,EV-CONTRACT-2026-9429
PHO-004405,PHO-000579,EDGE-0005823,EV-CONTRACT-2026-7498
PHO-000711,PHO-003211,EDGE-0005824,EV-CONTRACT-2026-1143
PHO-004663,PHO-000352,EDGE-0005825,EV-CONTRACT-2026-1840
PHO-002728,PHO-002942,EDGE-0005826,EV-CONTRACT-2026-7522
PHO-000784,PHO-002913,EDGE-0005827,EV-CONTRACT-2026-3541
PHO-004434,PHO-003482,EDGE-0005828,EV-CONTRACT-2026-2119
PHO-003899,PHO-002880,EDGE-0005829,EV-CONTRACT-2026-8984
PHO-004680,PHO-000761,EDGE-0005830,EV-CONTRACT-2026-6419
PHO-004192,PHO-001916,EDGE-0005831,EV-CONTRACT-2026-1491
PHO-001359,PHO-002255,EDGE-0005832,EV-CONTRACT-2026-1630
PHO-001566,PHO-002380,EDGE-0005833,EV-CONTRACT-2026-8655
PHO-002384,PHO-002582,EDGE-0005834,EV-CONTRACT-2026-8596
PHO-000793,PHO-003873,EDGE-0005835,EV-CONTRACT-2026-1749
PHO-004285,PHO-000193,EDGE-0005836,EV-CONTRACT-2026-5299
PHO-000064,PHO-003317,EDGE-0005837,EV-CONTRACT-2026-4975
PHO-004334,PHO-000770,EDGE-0005838,EV-CONTRACT-2026-2792
PHO-000376,PHO-003547,EDGE-0005839,EV-CONTRACT-2026-5041
PHO-000835,PHO-004629,EDGE-0005840,EV-CONTRACT-2026-5992
PHO-002355,PHO-001865,EDGE-0005841,EV-CONTRACT-2026-1102
PHO-003813,PHO-002771,EDGE-0005842,EV-CONTRACT-2026-2310
PHO-004620,PHO-003665,EDGE-0005843,EV-CONTRACT-2026-5228
PHO-000551,PHO-002977,EDGE-0005844,EV-CONTRACT-2026-1808
PHO-003340,PHO-002599,EDGE-0005845,EV-CONTRACT-2026-9712
PHO-001588,PHO-000766,EDGE-0005846,EV-CONTRACT-2026-7210
PHO-001780,PHO-004281,EDGE-0005847,EV-CONTRACT-2026-9918
PHO-003582,PHO-001633,EDGE-0005848,EV-CONTRACT-2026-5100
PHO-002467,PHO-001017,EDGE-0005849,EV-CONTRACT-2026-9669
PHO-004748,PHO-004550,EDGE-0005850,EV-CONTRACT-2026-8807
PHO-001240,PHO-001324,EDGE-0005851,EV-CONTRACT-2026-4872
PHO-003274,PHO-000105,EDGE-0005852,EV-CONTRACT-2026-9265
PHO-000120,PHO-000233,EDGE-0005853,EV-CONTRACT-2026-3046
PHO-004900,PHO-001751,EDGE-0005854,EV-CONTRACT-2026-6183
PHO-000034,PHO-002254,EDGE-0005855,EV-CONTRACT-2026-2165
PHO-002235,PHO-004296,EDGE-0005856,EV-CONTRACT-2026-5546
PHO-002782,PHO-002805,EDGE-0005857,EV-CONTRACT-2026-5823
PHO-001181,PHO-004945,EDGE-0005858,EV-CONTRACT-2026-4922
PHO-000265,PHO-001564,EDGE-0005859,EV-CONTRACT-2026-2184
PHO-004500,PHO-002096,EDGE-0005860,EV-CONTRACT-2026-3170
PHO-004076,PHO-003534,EDGE-0005861,EV-CONTRACT-2026-8870
PHO-003333,PHO-000716,EDGE-0005862,EV-CONTRACT-2026-2402
PHO-002917,PHO-003673,EDGE-0005863,EV-CONTRACT-2026-5270
PHO-001410,PHO-003955,EDGE-0005864,EV-CONTRACT-2026-2525
PHO-001668,PHO-004710,EDGE-0005865,EV-CONTRACT-2026-3586
PHO-002282,PHO-001267,EDGE-0005866,EV-CONTRACT-2026-1195
PHO-003301,PHO-002445,EDGE-0005867,EV-CONTRACT-2026-4107
PHO-001556,PHO-000598,EDGE-0005868,EV-CONTRACT-2026-4746
PHO-002347,PHO-000875,EDGE-0005869,EV-CONTRACT-2026-7135
PHO-004754,PHO-000843,EDGE-0005870,EV-CONTRACT-2026-6599
PHO-001223,PHO-002245,EDGE-0005871,EV-CONTRACT-2026-1422
PHO-000601,PHO-003567,EDGE-0005872,EV-CONTRACT-2026-9660
PHO-004806,PHO-000688,EDGE-0005873,EV-CONTRACT-2026-2712
PHO-004688,PHO-003870,EDGE-0005874,EV-CONTRACT-2026-1071
PHO-002377,PHO-003373,EDGE-0005875,EV-CONTRACT-2026-8535
PHO-003782,PHO-004656,EDGE-0005876,EV-CONTRACT-2026-8607
PHO-000620,PHO-002396,EDGE-0005877,EV-CONTRACT-2026-4908
PHO-001542,PHO-004565,EDGE-0005878,EV-CONTRACT-2026-7888
PHO-000209,PHO-000549,EDGE-0005879,EV-CONTRACT-2026-9639
PHO-003681,PHO-000406,EDGE-0005880,EV-CONTRACT-2026-4195
PHO-001738,PHO-003323,EDGE-0005881,EV-CONTRACT-2026-4146
PHO-004690,PHO-002662,EDGE-0005882,EV-CONTRACT-2026-4753
PHO-000105,PHO-003665,EDGE-0005883,EV-CONTRACT-2026-9900
PHO-001072,PHO-000298,EDGE-0005884,EV-CONTRACT-2026-7786
PHO-004949,PHO-004204,EDGE-0005885,EV-CONTRACT-2026-4271
PHO-002380,PHO-002043,EDGE-0005886,EV-CONTRACT-2026-9447
PHO-001368,PHO-002824,EDGE-0005887,EV-CONTRACT-2026-6453
PHO-002478,PHO-001003,EDGE-0005888,EV-CONTRACT-2026-2150
PHO-000166,PHO-001160,EDGE-0005889,EV-CONTRACT-2026-9667
PHO-003031,PHO-002349,EDGE-0005890,EV-CONTRACT-2026-7328
PHO-002655,PHO-001996,EDGE-0005891,EV-CONTRACT-2026-7737
PHO-002020,PHO-002575,EDGE-0005892,EV-CONTRACT-2026-7856
PHO-004015,PHO-000021,EDGE-0005893,EV-CONTRACT-2026-5492
PHO-003531,PHO-000005,EDGE-0005894,EV-CONTRACT-2026-5053
PHO-004787,PHO-001306,EDGE-0005895,EV-CONTRACT-2026-1969
PHO-003929,PHO-004171,EDGE-0005896,EV-CONTRACT-2026-1808
PHO-003828,PHO-001828,EDGE-0005897,EV-CONTRACT-2026-9660
PHO-000851,PHO-004232,EDGE-0005898,EV-CONTRACT-2026-4374
PHO-000527,PHO-003625,EDGE-0005899,EV-CONTRACT-2026-7605
PHO-003183,PHO-004913,EDGE-0005900,EV-CONTRACT-2026-9506
PHO-000096,PHO-001888,EDGE-0005901,EV-CONTRACT-2026-7473
PHO-000169,PHO-003315,EDGE-0005902,EV-CONTRACT-2026-3283
PHO-002684,PHO-001009,EDGE-0005903,EV-CONTRACT-2026-4962
PHO-000798,PHO-002839,EDGE-0005904,EV-CONTRACT-2026-5505
PHO-000566,PHO-001924,EDGE-0005905,EV-CONTRACT-2026-6558
PHO-003134,PHO-003588,EDGE-0005906,EV-CONTRACT-2026-7736
PHO-001014,PHO-001393,EDGE-0005907,EV-CONTRACT-2026-5735
PHO-000796,PHO-000216,EDGE-0005908,EV-CONTRACT-2026-5290
PHO-004474,PHO-003988,EDGE-0005909,EV-CONTRACT-2026-9476
PHO-003134,PHO-003082,EDGE-0005910,EV-CONTRACT-2026-8063
PHO-003586,PHO-002680,EDGE-0005911,EV-CONTRACT-2026-9797
PHO-002161,PHO-000745,EDGE-0005912,EV-CONTRACT-2026-4351
PHO-003139,PHO-000829,EDGE-0005913,EV-CONTRACT-2026-5175
PHO-002809,PHO-004193,EDGE-0005914,EV-CONTRACT-2026-1437
PHO-000306,PHO-000493,EDGE-0005915,EV-CONTRACT-2026-3677
PHO-000246,PHO-000851,EDGE-0005916,EV-CONTRACT-2026-4421
PHO-001032,PHO-004418,EDGE-0005917,EV-CONTRACT-2026-5628
PHO-003536,PHO-002036,EDGE-0005918,EV-CONTRACT-2026-1800
PHO-001077,PHO-001792,EDGE-0005919,EV-CONTRACT-2026-9869
PHO-002486,PHO-001385,EDGE-0005920,EV-CONTRACT-2026-5328
PHO-004939,PHO-003901,EDGE-0005921,EV-CONTRACT-2026-1524
PHO-002287,PHO-000564,EDGE-0005922,EV-CONTRACT-2026-9394
PHO-004962,PHO-001848,EDGE-0005923,EV-CONTRACT-2026-9065
PHO-003190,PHO-000686,EDGE-0005924,EV-CONTRACT-2026-5723
PHO-001950,PHO-002334,EDGE-0005925,EV-CONTRACT-2026-5988
PHO-002630,PHO-002728,EDGE-0005926,EV-CONTRACT-2026-7914
PHO-000674,PHO-004469,EDGE-0005927,EV-CONTRACT-2026-8732
PHO-004347,PHO-004450,EDGE-0005928,EV-CONTRACT-2026-6966
PHO-000163,PHO-000688,EDGE-0005929,EV-CONTRACT-2026-5623
PHO-001661,PHO-000914,EDGE-0005930,EV-CONTRACT-2026-9416
PHO-004080,PHO-002131,EDGE-0005931,EV-CONTRACT-2026-9561
PHO-003049,PHO-003690,EDGE-0005932,EV-CONTRACT-2026-4603
PHO-001808,PHO-001382,EDGE-0005933,EV-CONTRACT-2026-8077
PHO-004040,PHO-002695,EDGE-0005934,EV-CONTRACT-2026-5992
PHO-001700,PHO-002344,EDGE-0005935,EV-CONTRACT-2026-6670
PHO-003801,PHO-001298,EDGE-0005936,EV-CONTRACT-2026-8510
PHO-004435,PHO-000398,EDGE-0005937,EV-CONTRACT-2026-6612
PHO-004403,PHO-000014,EDGE-0005938,EV-CONTRACT-2026-7582
PHO-000073,PHO-003372,EDGE-0005939,EV-CONTRACT-2026-1757
PHO-004612,PHO-002615,EDGE-0005940,EV-CONTRACT-2026-3535
PHO-000445,PHO-003839,EDGE-0005941,EV-CONTRACT-2026-7876
PHO-003232,PHO-001108,EDGE-0005942,EV-CONTRACT-2026-1926
PHO-002925,PHO-001325,EDGE-0005943,EV-CONTRACT-2026-8290
PHO-003533,PHO-004462,EDGE-0005944,EV-CONTRACT-2026-2976
PHO-001894,PHO-003982,EDGE-0005945,EV-CONTRACT-2026-9069
PHO-002797,PHO-000601,EDGE-0005946,EV-CONTRACT-2026-4091
PHO-002900,PHO-001483,EDGE-0005947,EV-CONTRACT-2026-4910
PHO-001501,PHO-003307,EDGE-0005948,EV-CONTRACT-2026-4850
PHO-004904,PHO-001740,EDGE-0005949,EV-CONTRACT-2026-1505
PHO-001779,PHO-001997,EDGE-0005950,EV-CONTRACT-2026-7780
PHO-003200,PHO-001271,EDGE-0005951,EV-CONTRACT-2026-4021
PHO-001203,PHO-003022,EDGE-0005952,EV-CONTRACT-2026-5652
PHO-003901,PHO-004830,EDGE-0005953,EV-CONTRACT-2026-9129
PHO-002192,PHO-001150,EDGE-0005954,EV-CONTRACT-2026-2413
PHO-003345,PHO-002883,EDGE-0005955,EV-CONTRACT-2026-8566
PHO-003262,PHO-000280,EDGE-0005956,EV-CONTRACT-2026-4117
PHO-003024,PHO-000647,EDGE-0005957,EV-CONTRACT-2026-4646
PHO-002260,PHO-000802,EDGE-0005958,EV-CONTRACT-2026-1770
PHO-001631,PHO-000449,EDGE-0005959,EV-CONTRACT-2026-9677
PHO-002683,PHO-001164,EDGE-0005960,EV-CONTRACT-2026-3444
PHO-000818,PHO-003541,EDGE-0005961,EV-CONTRACT-2026-2940
PHO-004256,PHO-004244,EDGE-0005962,EV-CONTRACT-2026-6249
PHO-003176,PHO-004020,EDGE-0005963,EV-CONTRACT-2026-6782
PHO-001264,PHO-000531,EDGE-0005964,EV-CONTRACT-2026-8664
PHO-002658,PHO-002330,EDGE-0005965,EV-CONTRACT-2026-5953
PHO-003856,PHO-004891,EDGE-0005966,EV-CONTRACT-2026-5606
PHO-002745,PHO-001618,EDGE-0005967,EV-CONTRACT-2026-3352
PHO-000479,PHO-000037,EDGE-0005968,EV-CONTRACT-2026-3415
PHO-001078,PHO-003469,EDGE-0005969,EV-CONTRACT-2026-1388
PHO-001430,PHO-004725,EDGE-0005970,EV-CONTRACT-2026-1614
PHO-002818,PHO-000466,EDGE-0005971,EV-CONTRACT-2026-2756
PHO-001184,PHO-000082,EDGE-0005972,EV-CONTRACT-2026-6118
PHO-000985,PHO-002238,EDGE-0005973,EV-CONTRACT-2026-1082
PHO-000363,PHO-004386,EDGE-0005974,EV-CONTRACT-2026-5695
PHO-001699,PHO-004966,EDGE-0005975,EV-CONTRACT-2026-2404
PHO-000313,PHO-001359,EDGE-0005976,EV-CONTRACT-2026-6453
PHO-003208,PHO-001725,EDGE-0005977,EV-CONTRACT-2026-9623
PHO-004724,PHO-002216,EDGE-0005978,EV-CONTRACT-2026-1570
PHO-003194,PHO-001555,EDGE-0005979,EV-CONTRACT-2026-7464
PHO-003198,PHO-002516,EDGE-0005980,EV-CONTRACT-2026-1851
PHO-003601,PHO-001916,EDGE-0005981,EV-CONTRACT-2026-4261
PHO-003067,PHO-003279,EDGE-0005982,EV-CONTRACT-2026-5479
PHO-004584,PHO-000081,EDGE-0005983,EV-CONTRACT-2026-4486
PHO-002348,PHO-004198,EDGE-0005984,EV-CONTRACT-2026-1295
PHO-002459,PHO-001663,EDGE-0005985,EV-CONTRACT-2026-6193
PHO-002721,PHO-002873,EDGE-0005986,EV-CONTRACT-2026-6676
PHO-002252,PHO-001776,EDGE-0005987,EV-CONTRACT-2026-7092
PHO-001459,PHO-002181,EDGE-0005988,EV-CONTRACT-2026-8672
PHO-004743,PHO-003641,EDGE-0005989,EV-CONTRACT-2026-7531
PHO-003167,PHO-001700,EDGE-0005990,EV-CONTRACT-2026-8656
PHO-001199,PHO-004331,EDGE-0005991,EV-CONTRACT-2026-2891
PHO-000108,PHO-004180,EDGE-0005992,EV-CONTRACT-2026-7192
PHO-003731,PHO-001308,EDGE-0005993,EV-CONTRACT-2026-8258
PHO-000643,PHO-004792,EDGE-0005994,EV-CONTRACT-2026-2762
PHO-001646,PHO-003971,EDGE-0005995,EV-CONTRACT-2026-9908
PHO-004962,PHO-002786,EDGE-0005996,EV-CONTRACT-2026-6975
PHO-004497,PHO-001780,EDGE-0005997,EV-CONTRACT-2026-9152
PHO-004266,PHO-004855,EDGE-0005998,EV-CONTRACT-2026-1551
PHO-004383,PHO-004485,EDGE-0005999,EV-CONTRACT-2026-6618
PHO-004302,PHO-003309,EDGE-0006000,EV-CONTRACT-2026-1725
PHO-003167,PHO-000658,EDGE-0006001,EV-CONTRACT-2026-1573
PHO-003288,PHO-004776,EDGE-0006002,EV-CONTRACT-2026-8752
PHO-002861,PHO-000857,EDGE-0006003,EV-CONTRACT-2026-8042
PHO-001767,PHO-002511,EDGE-0006004,EV-CONTRACT-2026-6860
PHO-001097,PHO-004547,EDGE-0006005,EV-CONTRACT-2026-8715
PHO-003344,PHO-000374,EDGE-0006006,EV-CONTRACT-2026-1484
PHO-002702,PHO-004088,EDGE-0006007,EV-CONTRACT-2026-8196
PHO-002856,PHO-003344,EDGE-0006008,EV-CONTRACT-2026-4698
PHO-004689,PHO-001145,EDGE-0006009,EV-CONTRACT-2026-5392
PHO-001740,PHO-001008,EDGE-0006010,EV-CONTRACT-2026-7380
PHO-004719,PHO-003239,EDGE-0006011,EV-CONTRACT-2026-6077
PHO-002821,PHO-001180,EDGE-0006012,EV-CONTRACT-2026-7288
PHO-002706,PHO-001120,EDGE-0006013,EV-CONTRACT-2026-6523
PHO-001418,PHO-004929,EDGE-0006014,EV-CONTRACT-2026-4876
PHO-003540,PHO-001136,EDGE-0006015,EV-CONTRACT-2026-6942
PHO-004080,PHO-002754,EDGE-0006016,EV-CONTRACT-2026-9711
PHO-001865,PHO-004576,EDGE-0006017,EV-CONTRACT-2026-9666
PHO-003270,PHO-004657,EDGE-0006018,EV-CONTRACT-2026-9233
PHO-001518,PHO-000439,EDGE-0006019,EV-CONTRACT-2026-3092
PHO-001352,PHO-000383,EDGE-0006020,EV-CONTRACT-2026-2682
PHO-002455,PHO-000174,EDGE-0006021,EV-CONTRACT-2026-3509
PHO-003858,PHO-002382,EDGE-0006022,EV-CONTRACT-2026-1574
PHO-001716,PHO-004858,EDGE-0006023,EV-CONTRACT-2026-1811
PHO-003436,PHO-004242,EDGE-0006024,EV-CONTRACT-2026-1721
PHO-003132,PHO-000302,EDGE-0006025,EV-CONTRACT-2026-5462
PHO-002179,PHO-001857,EDGE-0006026,EV-CONTRACT-2026-3052
PHO-003822,PHO-003114,EDGE-0006027,EV-CONTRACT-2026-7046
PHO-003832,PHO-001551,EDGE-0006028,EV-CONTRACT-2026-5615
PHO-002521,PHO-004739,EDGE-0006029,EV-CONTRACT-2026-6437
PHO-001518,PHO-003173,EDGE-0006030,EV-CONTRACT-2026-3462
PHO-003823,PHO-003851,EDGE-0006031,EV-CONTRACT-2026-4078
PHO-002555,PHO-001260,EDGE-0006032,EV-CONTRACT-2026-6818
PHO-002947,PHO-002834,EDGE-0006033,EV-CONTRACT-2026-5203
PHO-002140,PHO-004388,EDGE-0006034,EV-CONTRACT-2026-2782
PHO-001941,PHO-004546,EDGE-0006035,EV-CONTRACT-2026-2901
PHO-003850,PHO-001107,EDGE-0006036,EV-CONTRACT-2026-1787
PHO-001306,PHO-001106,EDGE-0006037,EV-CONTRACT-2026-7497
PHO-003520,PHO-002487,EDGE-0006038,EV-CONTRACT-2026-3416
PHO-004012,PHO-001239,EDGE-0006039,EV-CONTRACT-2026-2372
PHO-001208,PHO-001628,EDGE-0006040,EV-CONTRACT-2026-4663
PHO-002157,PHO-003426,EDGE-0006041,EV-CONTRACT-2026-7184
PHO-004998,PHO-002048,EDGE-0006042,EV-CONTRACT-2026-7345
PHO-000593,PHO-004324,EDGE-0006043,EV-CONTRACT-2026-2317
PHO-004450,PHO-004228,EDGE-0006044,EV-CONTRACT-2026-4290
PHO-000521,PHO-004540,EDGE-0006045,EV-CONTRACT-2026-9847
PHO-002098,PHO-000678,EDGE-0006046,EV-CONTRACT-2026-4839
PHO-001504,PHO-000472,EDGE-0006047,EV-CONTRACT-2026-7131
PHO-003262,PHO-004137,EDGE-0006048,EV-CONTRACT-2026-4172
PHO-003868,PHO-000778,EDGE-0006049,EV-CONTRACT-2026-5608
PHO-002328,PHO-001465,EDGE-0006050,EV-CONTRACT-2026-4743
PHO-002770,PHO-002309,EDGE-0006051,EV-CONTRACT-2026-5950
PHO-000032,PHO-004681,EDGE-0006052,EV-CONTRACT-2026-8169
PHO-000321,PHO-001545,EDGE-0006053,EV-CONTRACT-2026-6527
PHO-002457,PHO-003066,EDGE-0006054,EV-CONTRACT-2026-5451
PHO-002528,PHO-000029,EDGE-0006055,EV-CONTRACT-2026-9526
PHO-000958,PHO-004166,EDGE-0006056,EV-CONTRACT-2026-3520
PHO-001630,PHO-001749,EDGE-0006057,EV-CONTRACT-2026-4409
PHO-003903,PHO-000280,EDGE-0006058,EV-CONTRACT-2026-6053
PHO-000293,PHO-001617,EDGE-0006059,EV-CONTRACT-2026-1561
PHO-003672,PHO-002655,EDGE-0006060,EV-CONTRACT-2026-3788
PHO-001015,PHO-002437,EDGE-0006061,EV-CONTRACT-2026-2203
PHO-001390,PHO-001355,EDGE-0006062,EV-CONTRACT-2026-4998
PHO-001624,PHO-002781,EDGE-0006063,EV-CONTRACT-2026-4588
PHO-000291,PHO-004041,EDGE-0006064,EV-CONTRACT-2026-7920
PHO-003853,PHO-000008,EDGE-0006065,EV-CONTRACT-2026-1540
PHO-002659,PHO-001684,EDGE-0006066,EV-CONTRACT-2026-3340
PHO-002818,PHO-003763,EDGE-0006067,EV-CONTRACT-2026-3669
PHO-004950,PHO-001198,EDGE-0006068,EV-CONTRACT-2026-6404
PHO-003178,PHO-001716,EDGE-0006069,EV-CONTRACT-2026-4978
PHO-004072,PHO-004603,EDGE-0006070,EV-CONTRACT-2026-9291
PHO-001808,PHO-004096,EDGE-0006071,EV-CONTRACT-2026-8968
PHO-004885,PHO-004343,EDGE-0006072,EV-CONTRACT-2026-1785
PHO-001212,PHO-001201,EDGE-0006073,EV-CONTRACT-2026-3100
PHO-004902,PHO-003622,EDGE-0006074,EV-CONTRACT-2026-1514
PHO-001194,PHO-000194,EDGE-0006075,EV-CONTRACT-2026-2611
PHO-000096,PHO-004195,EDGE-0006076,EV-CONTRACT-2026-9871
PHO-002293,PHO-000351,EDGE-0006077,EV-CONTRACT-2026-1692
PHO-002734,PHO-004294,EDGE-0006078,EV-CONTRACT-2026-1534
PHO-003045,PHO-004707,EDGE-0006079,EV-CONTRACT-2026-8595
PHO-004698,PHO-002988,EDGE-0006080,EV-CONTRACT-2026-3275
PHO-000514,PHO-004045,EDGE-0006081,EV-CONTRACT-2026-9749
PHO-002216,PHO-001679,EDGE-0006082,EV-CONTRACT-2026-1127
PHO-004143,PHO-001884,EDGE-0006083,EV-CONTRACT-2026-1193
PHO-002426,PHO-000059,EDGE-0006084,EV-CONTRACT-2026-1280
PHO-001022,PHO-000040,EDGE-0006085,EV-CONTRACT-2026-1803
PHO-000720,PHO-000955,EDGE-0006086,EV-CONTRACT-2026-2675
PHO-001670,PHO-004984,EDGE-0006087,EV-CONTRACT-2026-8288
PHO-002308,PHO-003172,EDGE-0006088,EV-CONTRACT-2026-4736
PHO-001020,PHO-002354,EDGE-0006089,EV-CONTRACT-2026-8865
PHO-002121,PHO-002982,EDGE-0006090,EV-CONTRACT-2026-3629
PHO-002297,PHO-003295,EDGE-0006091,EV-CONTRACT-2026-2561
PHO-000932,PHO-004630,EDGE-0006092,EV-CONTRACT-2026-2654
PHO-002894,PHO-000095,EDGE-0006093,EV-CONTRACT-2026-7225
PHO-002921,PHO-001226,EDGE-0006094,EV-CONTRACT-2026-6129
PHO-002327,PHO-003289,EDGE-0006095,EV-CONTRACT-2026-7866
PHO-001575,PHO-004872,EDGE-0006096,EV-CONTRACT-2026-7653
PHO-003379,PHO-001191,EDGE-0006097,EV-CONTRACT-2026-7060
PHO-001270,PHO-004120,EDGE-0006098,EV-CONTRACT-2026-7524
PHO-000071,PHO-001844,EDGE-0006099,EV-CONTRACT-2026-9732
PHO-000494,PHO-003238,EDGE-0006100,EV-CONTRACT-2026-9628
PHO-003446,PHO-003549,EDGE-0006101,EV-CONTRACT-2026-3779
PHO-003391,PHO-001512,EDGE-0006102,EV-CONTRACT-2026-8975
PHO-004592,PHO-004090,EDGE-0006103,EV-CONTRACT-2026-9890
PHO-002859,PHO-002078,EDGE-0006104,EV-CONTRACT-2026-9410
PHO-001224,PHO-003243,EDGE-0006105,EV-CONTRACT-2026-1023
PHO-003981,PHO-004996,EDGE-0006106,EV-CONTRACT-2026-6633
PHO-000186,PHO-000703,EDGE-0006107,EV-CONTRACT-2026-2375
PHO-003841,PHO-004891,EDGE-0006108,EV-CONTRACT-2026-8265
PHO-000828,PHO-002297,EDGE-0006109,EV-CONTRACT-2026-2770
PHO-000075,PHO-001668,EDGE-0006110,EV-CONTRACT-2026-9048
PHO-002586,PHO-001132,EDGE-0006111,EV-CONTRACT-2026-6841
PHO-004840,PHO-002757,EDGE-0006112,EV-CONTRACT-2026-1065
PHO-004250,PHO-004289,EDGE-0006113,EV-CONTRACT-2026-8322
PHO-000168,PHO-002213,EDGE-0006114,EV-CONTRACT-2026-1322
PHO-001201,PHO-004848,EDGE-0006115,EV-CONTRACT-2026-2545
PHO-001815,PHO-004346,EDGE-0006116,EV-CONTRACT-2026-7318
PHO-001350,PHO-002006,EDGE-0006117,EV-CONTRACT-2026-2506
PHO-003526,PHO-001687,EDGE-0006118,EV-CONTRACT-2026-3614
PHO-002583,PHO-000320,EDGE-0006119,EV-CONTRACT-2026-1773
PHO-002171,PHO-002773,EDGE-0006120,EV-CONTRACT-2026-6723
PHO-000965,PHO-002642,EDGE-0006121,EV-CONTRACT-2026-6930
PHO-001289,PHO-003119,EDGE-0006122,EV-CONTRACT-2026-1730
PHO-004197,PHO-002948,EDGE-0006123,EV-CONTRACT-2026-2698
PHO-002207,PHO-003330,EDGE-0006124,EV-CONTRACT-2026-2332
PHO-001239,PHO-002120,EDGE-0006125,EV-CONTRACT-2026-4611
PHO-002665,PHO-000676,EDGE-0006126,EV-CONTRACT-2026-4961
PHO-000825,PHO-004090,EDGE-0006127,EV-CONTRACT-2026-6312
PHO-003621,PHO-001887,EDGE-0006128,EV-CONTRACT-2026-2716
PHO-004211,PHO-004387,EDGE-0006129,EV-CONTRACT-2026-6557
PHO-003722,PHO-003790,EDGE-0006130,EV-CONTRACT-2026-5184
PHO-003368,PHO-003300,EDGE-0006131,EV-CONTRACT-2026-6171
PHO-001189,PHO-004823,EDGE-0006132,EV-CONTRACT-2026-1943
PHO-002914,PHO-001399,EDGE-0006133,EV-CONTRACT-2026-3626
PHO-003504,PHO-000282,EDGE-0006134,EV-CONTRACT-2026-3654
PHO-000226,PHO-002530,EDGE-0006135,EV-CONTRACT-2026-3863
PHO-000565,PHO-000149,EDGE-0006136,EV-CONTRACT-2026-3215
PHO-000879,PHO-002113,EDGE-0006137,EV-CONTRACT-2026-5303
PHO-004263,PHO-000076,EDGE-0006138,EV-CONTRACT-2026-6133
PHO-003470,PHO-004928,EDGE-0006139,EV-CONTRACT-2026-2748
PHO-001760,PHO-002184,EDGE-0006140,EV-CONTRACT-2026-9427
PHO-003252,PHO-002698,EDGE-0006141,EV-CONTRACT-2026-6548
PHO-000649,PHO-003705,EDGE-0006142,EV-CONTRACT-2026-7639
PHO-004639,PHO-001735,EDGE-0006143,EV-CONTRACT-2026-1318
PHO-003817,PHO-003722,EDGE-0006144,EV-CONTRACT-2026-5991
PHO-001766,PHO-002728,EDGE-0006145,EV-CONTRACT-2026-1985
PHO-002982,PHO-003727,EDGE-0006146,EV-CONTRACT-2026-2577
PHO-001138,PHO-000510,EDGE-0006147,EV-CONTRACT-2026-9381
PHO-003318,PHO-002115,EDGE-0006148,EV-CONTRACT-2026-3502
PHO-004108,PHO-002753,EDGE-0006149,EV-CONTRACT-2026-2021
PHO-003155,PHO-003215,EDGE-0006150,EV-CONTRACT-2026-6131
PHO-001596,PHO-003342,EDGE-0006151,EV-CONTRACT-2026-7327
PHO-000998,PHO-001855,EDGE-0006152,EV-CONTRACT-2026-9049
PHO-003729,PHO-003154,EDGE-0006153,EV-CONTRACT-2026-1498
PHO-003596,PHO-000988,EDGE-0006154,EV-CONTRACT-2026-6871
PHO-001247,PHO-004114,EDGE-0006155,EV-CONTRACT-2026-1341
PHO-003241,PHO-001049,EDGE-0006156,EV-CONTRACT-2026-6572
PHO-003716,PHO-004465,EDGE-0006157,EV-CONTRACT-2026-8949
PHO-001738,PHO-004831,EDGE-0006158,EV-CONTRACT-2026-8045
PHO-000409,PHO-004780,EDGE-0006159,EV-CONTRACT-2026-7902
PHO-000960,PHO-004057,EDGE-0006160,EV-CONTRACT-2026-1417
PHO-002368,PHO-000536,EDGE-0006161,EV-CONTRACT-2026-8931
PHO-002939,PHO-001059,EDGE-0006162,EV-CONTRACT-2026-1940
PHO-004772,PHO-000300,EDGE-0006163,EV-CONTRACT-2026-5532
PHO-003578,PHO-001365,EDGE-0006164,EV-CONTRACT-2026-7295
PHO-000386,PHO-001579,EDGE-0006165,EV-CONTRACT-2026-3225
PHO-000245,PHO-001868,EDGE-0006166,EV-CONTRACT-2026-6845
PHO-003379,PHO-002071,EDGE-0006167,EV-CONTRACT-2026-5783
PHO-002280,PHO-000899,EDGE-0006168,EV-CONTRACT-2026-2315
PHO-002428,PHO-000577,EDGE-0006169,EV-CONTRACT-2026-1517
PHO-004846,PHO-004037,EDGE-0006170,EV-CONTRACT-2026-9931
PHO-003749,PHO-002950,EDGE-0006171,EV-CONTRACT-2026-4308
PHO-003854,PHO-001784,EDGE-0006172,EV-CONTRACT-2026-9829
PHO-001768,PHO-000748,EDGE-0006173,EV-CONTRACT-2026-9238
PHO-001292,PHO-003526,EDGE-0006174,EV-CONTRACT-2026-7230
PHO-002422,PHO-004972,EDGE-0006175,EV-CONTRACT-2026-6967
PHO-000187,PHO-002640,EDGE-0006176,EV-CONTRACT-2026-6563
PHO-002560,PHO-001844,EDGE-0006177,EV-CONTRACT-2026-2788
PHO-001159,PHO-004553,EDGE-0006178,EV-CONTRACT-2026-1148
PHO-004274,PHO-000889,EDGE-0006179,EV-CONTRACT-2026-1481
PHO-003030,PHO-004195,EDGE-0006180,EV-CONTRACT-2026-5239
PHO-001046,PHO-001269,EDGE-0006181,EV-CONTRACT-2026-5966
PHO-004695,PHO-000617,EDGE-0006182,EV-CONTRACT-2026-8196
PHO-004544,PHO-002752,EDGE-0006183,EV-CONTRACT-2026-8311
PHO-004554,PHO-002162,EDGE-0006184,EV-CONTRACT-2026-4267
PHO-003572,PHO-003243,EDGE-0006185,EV-CONTRACT-2026-1795
PHO-001324,PHO-002195,EDGE-0006186,EV-CONTRACT-2026-5181
PHO-001167,PHO-001023,EDGE-0006187,EV-CONTRACT-2026-8212
PHO-000758,PHO-000199,EDGE-0006188,EV-CONTRACT-2026-2587
PHO-003985,PHO-003993,EDGE-0006189,EV-CONTRACT-2026-7437
PHO-003385,PHO-002152,EDGE-0006190,EV-CONTRACT-2026-7432
PHO-003250,PHO-002113,EDGE-0006191,EV-CONTRACT-2026-1169
PHO-000325,PHO-004521,EDGE-0006192,EV-CONTRACT-2026-2604
PHO-000606,PHO-003788,EDGE-0006193,EV-CONTRACT-2026-9460
PHO-004453,PHO-002963,EDGE-0006194,EV-CONTRACT-2026-3823
PHO-000617,PHO-000674,EDGE-0006195,EV-CONTRACT-2026-8499
PHO-004327,PHO-004974,EDGE-0006196,EV-CONTRACT-2026-7144
PHO-002955,PHO-003753,EDGE-0006197,EV-CONTRACT-2026-8333
PHO-001657,PHO-003669,EDGE-0006198,EV-CONTRACT-2026-4650
PHO-002979,PHO-004503,EDGE-0006199,EV-CONTRACT-2026-4352
PHO-002735,PHO-001822,EDGE-0006200,EV-CONTRACT-2026-3957
PHO-000860,PHO-004455,EDGE-0006201,EV-CONTRACT-2026-2822
PHO-000323,PHO-004418,EDGE-0006202,EV-CONTRACT-2026-3750
PHO-000967,PHO-000749,EDGE-0006203,EV-CONTRACT-2026-5021
PHO-000817,PHO-003566,EDGE-0006204,EV-CONTRACT-2026-2633
PHO-004957,PHO-002835,EDGE-0006205,EV-CONTRACT-2026-6005
PHO-000971,PHO-000700,EDGE-0006206,EV-CONTRACT-2026-5356
PHO-002608,PHO-001080,EDGE-0006207,EV-CONTRACT-2026-8015
PHO-001515,PHO-004882,EDGE-0006208,EV-CONTRACT-2026-4767
PHO-004618,PHO-000865,EDGE-0006209,EV-CONTRACT-2026-8152
PHO-002527,PHO-000250,EDGE-0006210,EV-CONTRACT-2026-5912
PHO-002318,PHO-003016,EDGE-0006211,EV-CONTRACT-2026-2573
PHO-003372,PHO-004515,EDGE-0006212,EV-CONTRACT-2026-1702
PHO-003067,PHO-001672,EDGE-0006213,EV-CONTRACT-2026-7546
PHO-003222,PHO-002012,EDGE-0006214,EV-CONTRACT-2026-7996
PHO-004211,PHO-004417,EDGE-0006215,EV-CONTRACT-2026-6269
PHO-003911,PHO-003928,EDGE-0006216,EV-CONTRACT-2026-9120
PHO-003892,PHO-003330,EDGE-0006217,EV-CONTRACT-2026-4784
PHO-000090,PHO-003804,EDGE-0006218,EV-CONTRACT-2026-5239
PHO-003538,PHO-001806,EDGE-0006219,EV-CONTRACT-2026-9930
PHO-001850,PHO-004768,EDGE-0006220,EV-CONTRACT-2026-2238
PHO-003796,PHO-003487,EDGE-0006221,EV-CONTRACT-2026-9167
PHO-002565,PHO-000487,EDGE-0006222,EV-CONTRACT-2026-6039
PHO-002167,PHO-001722,EDGE-0006223,EV-CONTRACT-2026-2469
PHO-004890,PHO-004029,EDGE-0006224,EV-CONTRACT-2026-2867
PHO-004756,PHO-003989,EDGE-0006225,EV-CONTRACT-2026-9223
PHO-003189,PHO-002517,EDGE-0006226,EV-CONTRACT-2026-3469
PHO-003663,PHO-004279,EDGE-0006227,EV-CONTRACT-2026-9365
PHO-001811,PHO-000849,EDGE-0006228,EV-CONTRACT-2026-3080
PHO-004542,PHO-002154,EDGE-0006229,EV-CONTRACT-2026-9758
PHO-000911,PHO-003825,EDGE-0006230,EV-CONTRACT-2026-2048
PHO-000006,PHO-002695,EDGE-0006231,EV-CONTRACT-2026-1782
PHO-001683,PHO-004962,EDGE-0006232,EV-CONTRACT-2026-4638
PHO-003193,PHO-004375,EDGE-0006233,EV-CONTRACT-2026-3966
PHO-004019,PHO-000391,EDGE-0006234,EV-CONTRACT-2026-5796
PHO-004974,PHO-004118,EDGE-0006235,EV-CONTRACT-2026-6373
PHO-000345,PHO-001584,EDGE-0006236,EV-CONTRACT-2026-2157
PHO-000106,PHO-001387,EDGE-0006237,EV-CONTRACT-2026-5735
PHO-001803,PHO-003972,EDGE-0006238,EV-CONTRACT-2026-2869
PHO-001171,PHO-000803,EDGE-0006239,EV-CONTRACT-2026-7234
PHO-004383,PHO-001311,EDGE-0006240,EV-CONTRACT-2026-5698
PHO-003945,PHO-003614,EDGE-0006241,EV-CONTRACT-2026-9339
PHO-000654,PHO-002565,EDGE-0006242,EV-CONTRACT-2026-3762
PHO-000706,PHO-001147,EDGE-0006243,EV-CONTRACT-2026-6938
PHO-002862,PHO-004348,EDGE-0006244,EV-CONTRACT-2026-6563
PHO-004561,PHO-003654,EDGE-0006245,EV-CONTRACT-2026-2384
PHO-002391,PHO-004561,EDGE-0006246,EV-CONTRACT-2026-1333
PHO-000587,PHO-003991,EDGE-0006247,EV-CONTRACT-2026-4887
PHO-003296,PHO-000677,EDGE-0006248,EV-CONTRACT-2026-1234
PHO-003553,PHO-003082,EDGE-0006249,EV-CONTRACT-2026-6320
PHO-004149,PHO-003039,EDGE-0006250,EV-CONTRACT-2026-9621
PHO-000062,PHO-000194,EDGE-0006251,EV-CONTRACT-2026-9321
PHO-000545,PHO-003065,EDGE-0006252,EV-CONTRACT-2026-9889
PHO-003320,PHO-003592,EDGE-0006253,EV-CONTRACT-2026-8554
PHO-000653,PHO-004056,EDGE-0006254,EV-CONTRACT-2026-8625
PHO-003841,PHO-004758,EDGE-0006255,EV-CONTRACT-2026-1203
PHO-001085,PHO-001052,EDGE-0006256,EV-CONTRACT-2026-4709
PHO-000197,PHO-003776,EDGE-0006257,EV-CONTRACT-2026-8814
PHO-003915,PHO-003059,EDGE-0006258,EV-CONTRACT-2026-9067
PHO-004230,PHO-000278,EDGE-0006259,EV-CONTRACT-2026-5974
PHO-000159,PHO-002043,EDGE-0006260,EV-CONTRACT-2026-2251
PHO-003170,PHO-004241,EDGE-0006261,EV-CONTRACT-2026-5787
PHO-000570,PHO-003022,EDGE-0006262,EV-CONTRACT-2026-7937
PHO-002594,PHO-001207,EDGE-0006263,EV-CONTRACT-2026-3233
PHO-004540,PHO-004713,EDGE-0006264,EV-CONTRACT-2026-8313
PHO-003983,PHO-004523,EDGE-0006265,EV-CONTRACT-2026-3139
PHO-001411,PHO-002106,EDGE-0006266,EV-CONTRACT-2026-6231
PHO-003837,PHO-004199,EDGE-0006267,EV-CONTRACT-2026-7645
PHO-002421,PHO-000165,EDGE-0006268,EV-CONTRACT-2026-3125
PHO-004385,PHO-002908,EDGE-0006269,EV-CONTRACT-2026-3714
PHO-003632,PHO-000698,EDGE-0006270,EV-CONTRACT-2026-2752
PHO-004735,PHO-002439,EDGE-0006271,EV-CONTRACT-2026-9918
PHO-001440,PHO-004445,EDGE-0006272,EV-CONTRACT-2026-2247
PHO-001106,PHO-001529,EDGE-0006273,EV-CONTRACT-2026-3284
PHO-004360,PHO-001845,EDGE-0006274,EV-CONTRACT-2026-6844
PHO-004133,PHO-003320,EDGE-0006275,EV-CONTRACT-2026-2768
PHO-000246,PHO-001188,EDGE-0006276,EV-CONTRACT-2026-1919
PHO-002969,PHO-002150,EDGE-0006277,EV-CONTRACT-2026-4703
PHO-001934,PHO-000815,EDGE-0006278,EV-CONTRACT-2026-2160
PHO-002130,PHO-001967,EDGE-0006279,EV-CONTRACT-2026-9263
PHO-001831,PHO-001611,EDGE-0006280,EV-CONTRACT-2026-9227
PHO-002484,PHO-000364,EDGE-0006281,EV-CONTRACT-2026-5217
PHO-000942,PHO-001318,EDGE-0006282,EV-CONTRACT-2026-3870
PHO-000526,PHO-001189,EDGE-0006283,EV-CONTRACT-2026-5117
PHO-001237,PHO-004565,EDGE-0006284,EV-CONTRACT-2026-8660
PHO-003901,PHO-000602,EDGE-0006285,EV-CONTRACT-2026-4870
PHO-002582,PHO-004536,EDGE-0006286,EV-CONTRACT-2026-1722
PHO-001461,PHO-000759,EDGE-0006287,EV-CONTRACT-2026-6757
PHO-001695,PHO-004471,EDGE-0006288,EV-CONTRACT-2026-3204
PHO-002437,PHO-004676,EDGE-0006289,EV-CONTRACT-2026-4009
PHO-003383,PHO-001634,EDGE-0006290,EV-CONTRACT-2026-1075
PHO-000246,PHO-001311,EDGE-0006291,EV-CONTRACT-2026-1208
PHO-000393,PHO-004222,EDGE-0006292,EV-CONTRACT-2026-7678
PHO-004088,PHO-004999,EDGE-0006293,EV-CONTRACT-2026-8712
PHO-003400,PHO-003248,EDGE-0006294,EV-CONTRACT-2026-1828
PHO-002758,PHO-003156,EDGE-0006295,EV-CONTRACT-2026-2109
PHO-003132,PHO-000099,EDGE-0006296,EV-CONTRACT-2026-2608
PHO-004528,PHO-000106,EDGE-0006297,EV-CONTRACT-2026-3900
PHO-002422,PHO-004089,EDGE-0006298,EV-CONTRACT-2026-4965
PHO-003665,PHO-004583,EDGE-0006299,EV-CONTRACT-2026-9476
PHO-004250,PHO-002602,EDGE-0006300,EV-CONTRACT-2026-3048
PHO-003989,PHO-001514,EDGE-0006301,EV-CONTRACT-2026-6288
PHO-001497,PHO-004835,EDGE-0006302,EV-CONTRACT-2026-7391
PHO-002455,PHO-000129,EDGE-0006303,EV-CONTRACT-2026-4184
PHO-004811,PHO-003133,EDGE-0006304,EV-CONTRACT-2026-4304
PHO-003531,PHO-004591,EDGE-0006305,EV-CONTRACT-2026-2485
PHO-003793,PHO-000040,EDGE-0006306,EV-CONTRACT-2026-4837
PHO-001068,PHO-002778,EDGE-0006307,EV-CONTRACT-2026-8600
PHO-000854,PHO-002872,EDGE-0006308,EV-CONTRACT-2026-7772
PHO-002772,PHO-004788,EDGE-0006309,EV-CONTRACT-2026-2088
PHO-002325,PHO-002441,EDGE-0006310,EV-CONTRACT-2026-8524
PHO-000268,PHO-001160,EDGE-0006311,EV-CONTRACT-2026-7123
PHO-000673,PHO-001385,EDGE-0006312,EV-CONTRACT-2026-2425
PHO-003295,PHO-004294,EDGE-0006313,EV-CONTRACT-2026-1307
PHO-003293,PHO-001521,EDGE-0006314,EV-CONTRACT-2026-5714
PHO-003489,PHO-000917,EDGE-0006315,EV-CONTRACT-2026-5316
PHO-003582,PHO-003045,EDGE-0006316,EV-CONTRACT-2026-5826
PHO-000614,PHO-002618,EDGE-0006317,EV-CONTRACT-2026-1475
PHO-002856,PHO-004288,EDGE-0006318,EV-CONTRACT-2026-7659
PHO-003656,PHO-001542,EDGE-0006319,EV-CONTRACT-2026-6470
PHO-001519,PHO-000217,EDGE-0006320,EV-CONTRACT-2026-4667
PHO-001601,PHO-002713,EDGE-0006321,EV-CONTRACT-2026-6613
PHO-003999,PHO-001639,EDGE-0006322,EV-CONTRACT-2026-6042
PHO-000596,PHO-000237,EDGE-0006323,EV-CONTRACT-2026-9724
PHO-001281,PHO-001761,EDGE-0006324,EV-CONTRACT-2026-2416
PHO-002090,PHO-001664,EDGE-0006325,EV-CONTRACT-2026-5510
PHO-002176,PHO-003037,EDGE-0006326,EV-CONTRACT-2026-4893
PHO-001705,PHO-004443,EDGE-0006327,EV-CONTRACT-2026-8254
PHO-004312,PHO-001581,EDGE-0006328,EV-CONTRACT-2026-2763
PHO-003401,PHO-003844,EDGE-0006329,EV-CONTRACT-2026-9260
PHO-002348,PHO-002169,EDGE-0006330,EV-CONTRACT-2026-3762
PHO-003042,PHO-004651,EDGE-0006331,EV-CONTRACT-2026-7017
PHO-001352,PHO-003257,EDGE-0006332,EV-CONTRACT-2026-9096
PHO-001780,PHO-001083,EDGE-0006333,EV-CONTRACT-2026-2844
PHO-004009,PHO-001992,EDGE-0006334,EV-CONTRACT-2026-9460
PHO-004825,PHO-000325,EDGE-0006335,EV-CONTRACT-2026-3709
PHO-000369,PHO-003946,EDGE-0006336,EV-CONTRACT-2026-1466
PHO-001165,PHO-003887,EDGE-0006337,EV-CONTRACT-2026-1720
PHO-000485,PHO-001056,EDGE-0006338,EV-CONTRACT-2026-2626
PHO-002620,PHO-004384,EDGE-0006339,EV-CONTRACT-2026-7585
PHO-000180,PHO-002987,EDGE-0006340,EV-CONTRACT-2026-1989
PHO-004531,PHO-001060,EDGE-0006341,EV-CONTRACT-2026-6231
PHO-004520,PHO-000183,EDGE-0006342,EV-CONTRACT-2026-8573
PHO-000640,PHO-000639,EDGE-0006343,EV-CONTRACT-2026-5050
PHO-002143,PHO-002932,EDGE-0006344,EV-CONTRACT-2026-7758
PHO-001271,PHO-002836,EDGE-0006345,EV-CONTRACT-2026-5530
PHO-004910,PHO-001390,EDGE-0006346,EV-CONTRACT-2026-8563
PHO-003283,PHO-000281,EDGE-0006347,EV-CONTRACT-2026-1192
PHO-001874,PHO-001744,EDGE-0006348,EV-CONTRACT-2026-4534
PHO-000238,PHO-001796,EDGE-0006349,EV-CONTRACT-2026-2945
PHO-004017,PHO-002167,EDGE-0006350,EV-CONTRACT-2026-9530
PHO-000754,PHO-000038,EDGE-0006351,EV-CONTRACT-2026-1831
PHO-004577,PHO-002100,EDGE-0006352,EV-CONTRACT-2026-9284
PHO-001731,PHO-003741,EDGE-0006353,EV-CONTRACT-2026-5899
PHO-003921,PHO-001720,EDGE-0006354,EV-CONTRACT-2026-1623
PHO-000388,PHO-004225,EDGE-0006355,EV-CONTRACT-2026-2434
PHO-001984,PHO-003877,EDGE-0006356,EV-CONTRACT-2026-7555
PHO-001755,PHO-000344,EDGE-0006357,EV-CONTRACT-2026-3580
PHO-003140,PHO-001332,EDGE-0006358,EV-CONTRACT-2026-8548
PHO-000123,PHO-000624,EDGE-0006359,EV-CONTRACT-2026-3379
PHO-000125,PHO-003146,EDGE-0006360,EV-CONTRACT-2026-3330
PHO-000693,PHO-002009,EDGE-0006361,EV-CONTRACT-2026-3062
PHO-003973,PHO-004989,EDGE-0006362,EV-CONTRACT-2026-4284
PHO-003247,PHO-004677,EDGE-0006363,EV-CONTRACT-2026-1563
PHO-003989,PHO-000888,EDGE-0006364,EV-CONTRACT-2026-6421
PHO-001383,PHO-004379,EDGE-0006365,EV-CONTRACT-2026-7168
PHO-000985,PHO-003553,EDGE-0006366,EV-CONTRACT-2026-9226
PHO-004591,PHO-000723,EDGE-0006367,EV-CONTRACT-2026-3025
PHO-004995,PHO-004488,EDGE-0006368,EV-CONTRACT-2026-1307
PHO-002787,PHO-004787,EDGE-0006369,EV-CONTRACT-2026-3686
PHO-000243,PHO-002435,EDGE-0006370,EV-CONTRACT-2026-9793
PHO-004135,PHO-000926,EDGE-0006371,EV-CONTRACT-2026-1098
PHO-001978,PHO-002893,EDGE-0006372,EV-CONTRACT-2026-5703
PHO-004188,PHO-000063,EDGE-0006373,EV-CONTRACT-2026-6744
PHO-001699,PHO-000836,EDGE-0006374,EV-CONTRACT-2026-9023
PHO-000574,PHO-001512,EDGE-0006375,EV-CONTRACT-2026-6501
PHO-000619,PHO-002325,EDGE-0006376,EV-CONTRACT-2026-1781
PHO-004808,PHO-002807,EDGE-0006377,EV-CONTRACT-2026-4877
PHO-002553,PHO-002584,EDGE-0006378,EV-CONTRACT-2026-9410
PHO-004183,PHO-001724,EDGE-0006379,EV-CONTRACT-2026-8010
PHO-001506,PHO-004734,EDGE-0006380,EV-CONTRACT-2026-9542
PHO-004572,PHO-002219,EDGE-0006381,EV-CONTRACT-2026-5239
PHO-003834,PHO-004096,EDGE-0006382,EV-CONTRACT-2026-4843
PHO-000922,PHO-002462,EDGE-0006383,EV-CONTRACT-2026-2923
PHO-003470,PHO-003549,EDGE-0006384,EV-CONTRACT-2026-1271
PHO-004169,PHO-003746,EDGE-0006385,EV-CONTRACT-2026-8454
PHO-003026,PHO-004764,EDGE-0006386,EV-CONTRACT-2026-6116
PHO-002155,PHO-003630,EDGE-0006387,EV-CONTRACT-2026-8938
PHO-001161,PHO-004442,EDGE-0006388,EV-CONTRACT-2026-3650
PHO-002183,PHO-001810,EDGE-0006389,EV-CONTRACT-2026-6861
PHO-001145,PHO-002070,EDGE-0006390,EV-CONTRACT-2026-6963
PHO-003840,PHO-004728,EDGE-0006391,EV-CONTRACT-2026-9488
PHO-002215,PHO-004640,EDGE-0006392,EV-CONTRACT-2026-2655
PHO-000182,PHO-001459,EDGE-0006393,EV-CONTRACT-2026-9925
PHO-004818,PHO-001065,EDGE-0006394,EV-CONTRACT-2026-7348
PHO-004845,PHO-004850,EDGE-0006395,EV-CONTRACT-2026-3255
PHO-002895,PHO-001374,EDGE-0006396,EV-CONTRACT-2026-6512
PHO-003801,PHO-004020,EDGE-0006397,EV-CONTRACT-2026-4637
PHO-003633,PHO-004967,EDGE-0006398,EV-CONTRACT-2026-5393
PHO-004395,PHO-004829,EDGE-0006399,EV-CONTRACT-2026-1637
PHO-002987,PHO-003883,EDGE-0006400,EV-CONTRACT-2026-9252
PHO-000941,PHO-004433,EDGE-0006401,EV-CONTRACT-2026-1709
PHO-004270,PHO-003923,EDGE-0006402,EV-CONTRACT-2026-6987
PHO-000825,PHO-000745,EDGE-0006403,EV-CONTRACT-2026-6671
PHO-001998,PHO-001515,EDGE-0006404,EV-CONTRACT-2026-3080
PHO-004263,PHO-001129,EDGE-0006405,EV-CONTRACT-2026-1609
PHO-004365,PHO-003261,EDGE-0006406,EV-CONTRACT-2026-4415
PHO-000957,PHO-001792,EDGE-0006407,EV-CONTRACT-2026-4883
PHO-000008,PHO-001439,EDGE-0006408,EV-CONTRACT-2026-8165
PHO-004412,PHO-002081,EDGE-0006409,EV-CONTRACT-2026-6509
PHO-003964,PHO-002079,EDGE-0006410,EV-CONTRACT-2026-4807
PHO-004281,PHO-000397,EDGE-0006411,EV-CONTRACT-2026-7189
PHO-003049,PHO-002165,EDGE-0006412,EV-CONTRACT-2026-8743
PHO-000798,PHO-003507,EDGE-0006413,EV-CONTRACT-2026-8565
PHO-004204,PHO-000467,EDGE-0006414,EV-CONTRACT-2026-8928
PHO-000797,PHO-001857,EDGE-0006415,EV-CONTRACT-2026-2469
PHO-000392,PHO-002694,EDGE-0006416,EV-CONTRACT-2026-2400
PHO-002217,PHO-000373,EDGE-0006417,EV-CONTRACT-2026-3126
PHO-001470,PHO-001061,EDGE-0006418,EV-CONTRACT-2026-7704
PHO-000441,PHO-000450,EDGE-0006419,EV-CONTRACT-2026-4742
PHO-003843,PHO-001634,EDGE-0006420,EV-CONTRACT-2026-5019
PHO-003721,PHO-003105,EDGE-0006421,EV-CONTRACT-2026-7086
PHO-002198,PHO-001019,EDGE-0006422,EV-CONTRACT-2026-5855
PHO-001681,PHO-004829,EDGE-0006423,EV-CONTRACT-2026-9115
PHO-003372,PHO-001313,EDGE-0006424,EV-CONTRACT-2026-7148
PHO-000276,PHO-000173,EDGE-0006425,EV-CONTRACT-2026-5166
PHO-004719,PHO-003810,EDGE-0006426,EV-CONTRACT-2026-3583
PHO-000351,PHO-002892,EDGE-0006427,EV-CONTRACT-2026-9974
PHO-001071,PHO-002771,EDGE-0006428,EV-CONTRACT-2026-7321
PHO-004770,PHO-002387,EDGE-0006429,EV-CONTRACT-2026-2920
PHO-001634,PHO-001503,EDGE-0006430,EV-CONTRACT-2026-1360
PHO-001013,PHO-000109,EDGE-0006431,EV-CONTRACT-2026-7241
PHO-001892,PHO-000643,EDGE-0006432,EV-CONTRACT-2026-2593
PHO-004906,PHO-002437,EDGE-0006433,EV-CONTRACT-2026-4274
PHO-004630,PHO-000087,EDGE-0006434,EV-CONTRACT-2026-4287
PHO-002354,PHO-004954,EDGE-0006435,EV-CONTRACT-2026-4870
PHO-002802,PHO-001340,EDGE-0006436,EV-CONTRACT-2026-4272
PHO-003382,PHO-004890,EDGE-0006437,EV-CONTRACT-2026-6892
PHO-004776,PHO-001491,EDGE-0006438,EV-CONTRACT-2026-3514
PHO-004497,PHO-002867,EDGE-0006439,EV-CONTRACT-2026-8376
PHO-000313,PHO-000755,EDGE-0006440,EV-CONTRACT-2026-7324
PHO-003417,PHO-002515,EDGE-0006441,EV-CONTRACT-2026-1620
PHO-002227,PHO-000994,EDGE-0006442,EV-CONTRACT-2026-8021
PHO-001090,PHO-004477,EDGE-0006443,EV-CONTRACT-2026-9478
PHO-003686,PHO-003603,EDGE-0006444,EV-CONTRACT-2026-7835
PHO-001513,PHO-002661,EDGE-0006445,EV-CONTRACT-2026-6660
PHO-000442,PHO-001463,EDGE-0006446,EV-CONTRACT-2026-3441
PHO-001874,PHO-003243,EDGE-0006447,EV-CONTRACT-2026-5346
PHO-003553,PHO-003402,EDGE-0006448,EV-CONTRACT-2026-2970
PHO-001078,PHO-002333,EDGE-0006449,EV-CONTRACT-2026-5341
PHO-003538,PHO-002254,EDGE-0006450,EV-CONTRACT-2026-2737
PHO-001499,PHO-002825,EDGE-0006451,EV-CONTRACT-2026-9146
PHO-003990,PHO-000176,EDGE-0006452,EV-CONTRACT-2026-9157
PHO-003627,PHO-000535,EDGE-0006453,EV-CONTRACT-2026-5104
PHO-004874,PHO-004429,EDGE-0006454,EV-CONTRACT-2026-2608
PHO-001787,PHO-002484,EDGE-0006455,EV-CONTRACT-2026-1079
PHO-000663,PHO-001962,EDGE-0006456,EV-CONTRACT-2026-6095
PHO-001642,PHO-001698,EDGE-0006457,EV-CONTRACT-2026-3009
PHO-004839,PHO-004778,EDGE-0006458,EV-CONTRACT-2026-8946
PHO-002138,PHO-001508,EDGE-0006459,EV-CONTRACT-2026-4069
PHO-004705,PHO-002115,EDGE-0006460,EV-CONTRACT-2026-8629
PHO-001025,PHO-001386,EDGE-0006461,EV-CONTRACT-2026-5110
PHO-002027,PHO-004287,EDGE-0006462,EV-CONTRACT-2026-1424
PHO-001179,PHO-004521,EDGE-0006463,EV-CONTRACT-2026-6480
PHO-002907,PHO-002927,EDGE-0006464,EV-CONTRACT-2026-7093
PHO-002465,PHO-004572,EDGE-0006465,EV-CONTRACT-2026-7611
PHO-000480,PHO-004045,EDGE-0006466,EV-CONTRACT-2026-6836
PHO-001208,PHO-000140,EDGE-0006467,EV-CONTRACT-2026-6898
PHO-003130,PHO-000199,EDGE-0006468,EV-CONTRACT-2026-1957
PHO-001651,PHO-003187,EDGE-0006469,EV-CONTRACT-2026-1753
PHO-003455,PHO-004538,EDGE-0006470,EV-CONTRACT-2026-8659
PHO-003729,PHO-002628,EDGE-0006471,EV-CONTRACT-2026-2891
PHO-001743,PHO-004187,EDGE-0006472,EV-CONTRACT-2026-2475
PHO-000581,PHO-002271,EDGE-0006473,EV-CONTRACT-2026-5018
PHO-003749,PHO-004634,EDGE-0006474,EV-CONTRACT-2026-2815
PHO-003614,PHO-003019,EDGE-0006475,EV-CONTRACT-2026-6986
PHO-004663,PHO-002757,EDGE-0006476,EV-CONTRACT-2026-8097
PHO-003852,PHO-003424,EDGE-0006477,EV-CONTRACT-2026-3907
PHO-003959,PHO-003246,EDGE-0006478,EV-CONTRACT-2026-5517
PHO-002694,PHO-000987,EDGE-0006479,EV-CONTRACT-2026-3111
PHO-002009,PHO-001260,EDGE-0006480,EV-CONTRACT-2026-2044
PHO-002884,PHO-004588,EDGE-0006481,EV-CONTRACT-2026-5515
PHO-003086,PHO-003651,EDGE-0006482,EV-CONTRACT-2026-8993
PHO-002560,PHO-002587,EDGE-0006483,EV-CONTRACT-2026-6860
PHO-004164,PHO-001925,EDGE-0006484,EV-CONTRACT-2026-3617
PHO-002553,PHO-001741,EDGE-0006485,EV-CONTRACT-2026-5112
PHO-001943,PHO-003346,EDGE-0006486,EV-CONTRACT-2026-6233
PHO-005000,PHO-001970,EDGE-0006487,EV-CONTRACT-2026-6061
PHO-003779,PHO-003066,EDGE-0006488,EV-CONTRACT-2026-3214
PHO-003436,PHO-001494,EDGE-0006489,EV-CONTRACT-2026-5182
PHO-001427,PHO-000877,EDGE-0006490,EV-CONTRACT-2026-5375
PHO-002153,PHO-004359,EDGE-0006491,EV-CONTRACT-2026-7867
PHO-003439,PHO-000559,EDGE-0006492,EV-CONTRACT-2026-7225
PHO-001426,PHO-002158,EDGE-0006493,EV-CONTRACT-2026-8393
PHO-003088,PHO-004496,EDGE-0006494,EV-CONTRACT-2026-3629
PHO-003264,PHO-001314,EDGE-0006495,EV-CONTRACT-2026-5396
PHO-004090,PHO-000696,EDGE-0006496,EV-CONTRACT-2026-8212
PHO-003745,PHO-002799,EDGE-0006497,EV-CONTRACT-2026-7051
PHO-000426,PHO-003276,EDGE-0006498,EV-CONTRACT-2026-9503
PHO-002160,PHO-000658,EDGE-0006499,EV-CONTRACT-2026-1374
PHO-001878,PHO-001319,EDGE-0006500,EV-CONTRACT-2026-5144
PHO-002556,PHO-002993,EDGE-0006501,EV-CONTRACT-2026-6571
PHO-003880,PHO-002684,EDGE-0006502,EV-CONTRACT-2026-3374
PHO-000207,PHO-004857,EDGE-0006503,EV-CONTRACT-2026-2497
PHO-001391,PHO-002868,EDGE-0006504,EV-CONTRACT-2026-8024
PHO-004551,PHO-001281,EDGE-0006505,EV-CONTRACT-2026-2218
PHO-000217,PHO-002595,EDGE-0006506,EV-CONTRACT-2026-8426
PHO-002184,PHO-004809,EDGE-0006507,EV-CONTRACT-2026-7258
PHO-003379,PHO-003968,EDGE-0006508,EV-CONTRACT-2026-7428
PHO-002269,PHO-001465,EDGE-0006509,EV-CONTRACT-2026-8229
PHO-002423,PHO-000335,EDGE-0006510,EV-CONTRACT-2026-2698
PHO-001298,PHO-003214,EDGE-0006511,EV-CONTRACT-2026-8109
PHO-002693,PHO-003685,EDGE-0006512,EV-CONTRACT-2026-6626
PHO-001251,PHO-004930,EDGE-0006513,EV-CONTRACT-2026-3936
PHO-002871,PHO-002959,EDGE-0006514,EV-CONTRACT-2026-9361
PHO-002099,PHO-002650,EDGE-0006515,EV-CONTRACT-2026-3486
PHO-002380,PHO-001692,EDGE-0006516,EV-CONTRACT-2026-6545
PHO-003528,PHO-000824,EDGE-0006517,EV-CONTRACT-2026-8588
PHO-004632,PHO-003887,EDGE-0006518,EV-CONTRACT-2026-2332
PHO-002673,PHO-001003,EDGE-0006519,EV-CONTRACT-2026-8729
PHO-002638,PHO-003691,EDGE-0006520,EV-CONTRACT-2026-1707
PHO-001375,PHO-000242,EDGE-0006521,EV-CONTRACT-2026-3399
PHO-003089,PHO-002743,EDGE-0006522,EV-CONTRACT-2026-7494
PHO-000701,PHO-000626,EDGE-0006523,EV-CONTRACT-2026-2259
PHO-001491,PHO-002655,EDGE-0006524,EV-CONTRACT-2026-6601
PHO-002673,PHO-002696,EDGE-0006525,EV-CONTRACT-2026-6589
PHO-003138,PHO-001374,EDGE-0006526,EV-CONTRACT-2026-8988
PHO-004896,PHO-003078,EDGE-0006527,EV-CONTRACT-2026-3326
PHO-000668,PHO-002897,EDGE-0006528,EV-CONTRACT-2026-9043
PHO-002442,PHO-001814,EDGE-0006529,EV-CONTRACT-2026-6842
PHO-000072,PHO-002005,EDGE-0006530,EV-CONTRACT-2026-3884
PHO-001141,PHO-000293,EDGE-0006531,EV-CONTRACT-2026-4923
PHO-004312,PHO-001350,EDGE-0006532,EV-CONTRACT-2026-3645
PHO-002514,PHO-003625,EDGE-0006533,EV-CONTRACT-2026-1873
PHO-001373,PHO-001087,EDGE-0006534,EV-CONTRACT-2026-3843
PHO-002853,PHO-000297,EDGE-0006535,EV-CONTRACT-2026-4540
PHO-002414,PHO-004969,EDGE-0006536,EV-CONTRACT-2026-8188
PHO-002715,PHO-004691,EDGE-0006537,EV-CONTRACT-2026-1907
PHO-000090,PHO-001900,EDGE-0006538,EV-CONTRACT-2026-1291
PHO-000339,PHO-004307,EDGE-0006539,EV-CONTRACT-2026-3165
PHO-002239,PHO-004376,EDGE-0006540,EV-CONTRACT-2026-9989
PHO-002778,PHO-000586,EDGE-0006541,EV-CONTRACT-2026-8838
PHO-002289,PHO-001104,EDGE-0006542,EV-CONTRACT-2026-2125
PHO-002440,PHO-003185,EDGE-0006543,EV-CONTRACT-2026-4326
PHO-002058,PHO-002732,EDGE-0006544,EV-CONTRACT-2026-8383
PHO-004340,PHO-000759,EDGE-0006545,EV-CONTRACT-2026-4041
PHO-000962,PHO-001980,EDGE-0006546,EV-CONTRACT-2026-8135
PHO-004799,PHO-003487,EDGE-0006547,EV-CONTRACT-2026-5087
PHO-002299,PHO-000343,EDGE-0006548,EV-CONTRACT-2026-2225
PHO-000798,PHO-002004,EDGE-0006549,EV-CONTRACT-2026-7950
PHO-001095,PHO-000598,EDGE-0006550,EV-CONTRACT-2026-8952
PHO-001949,PHO-003345,EDGE-0006551,EV-CONTRACT-2026-4538
PHO-004389,PHO-001799,EDGE-0006552,EV-CONTRACT-2026-7854
PHO-002438,PHO-002774,EDGE-0006553,EV-CONTRACT-2026-8705
PHO-002753,PHO-004396,EDGE-0006554,EV-CONTRACT-2026-4927
PHO-004420,PHO-004987,EDGE-0006555,EV-CONTRACT-2026-8398
PHO-004897,PHO-004524,EDGE-0006556,EV-CONTRACT-2026-9387
PHO-002330,PHO-000419,EDGE-0006557,EV-CONTRACT-2026-8439
PHO-001855,PHO-003175,EDGE-0006558,EV-CONTRACT-2026-4108
PHO-000495,PHO-002720,EDGE-0006559,EV-CONTRACT-2026-5618
PHO-003931,PHO-000335,EDGE-0006560,EV-CONTRACT-2026-9339
PHO-001304,PHO-000818,EDGE-0006561,EV-CONTRACT-2026-3730
PHO-000201,PHO-004837,EDGE-0006562,EV-CONTRACT-2026-9315
PHO-000570,PHO-002422,EDGE-0006563,EV-CONTRACT-2026-9699
PHO-003333,PHO-001761,EDGE-0006564,EV-CONTRACT-2026-3690
PHO-000635,PHO-003045,EDGE-0006565,EV-CONTRACT-2026-9670
PHO-001570,PHO-002178,EDGE-0006566,EV-CONTRACT-2026-3592
PHO-004166,PHO-002583,EDGE-0006567,EV-CONTRACT-2026-3035
PHO-001994,PHO-000087,EDGE-0006568,EV-CONTRACT-2026-9745
PHO-000220,PHO-002549,EDGE-0006569,EV-CONTRACT-2026-5846
PHO-001257,PHO-004914,EDGE-0006570,EV-CONTRACT-2026-2855
PHO-001940,PHO-001943,EDGE-0006571,EV-CONTRACT-2026-6383
PHO-004032,PHO-001425,EDGE-0006572,EV-CONTRACT-2026-4922
PHO-004682,PHO-000296,EDGE-0006573,EV-CONTRACT-2026-6863
PHO-003245,PHO-004932,EDGE-0006574,EV-CONTRACT-2026-2972
PHO-004810,PHO-003177,EDGE-0006575,EV-CONTRACT-2026-9655
PHO-001515,PHO-001344,EDGE-0006576,EV-CONTRACT-2026-7307
PHO-002050,PHO-000276,EDGE-0006577,EV-CONTRACT-2026-2675
PHO-000225,PHO-004234,EDGE-0006578,EV-CONTRACT-2026-1899
PHO-000027,PHO-004897,EDGE-0006579,EV-CONTRACT-2026-2507
PHO-003830,PHO-002059,EDGE-0006580,EV-CONTRACT-2026-5654
PHO-004543,PHO-001628,EDGE-0006581,EV-CONTRACT-2026-2572
PHO-000047,PHO-003366,EDGE-0006582,EV-CONTRACT-2026-1834
PHO-000051,PHO-004436,EDGE-0006583,EV-CONTRACT-2026-6114
PHO-001145,PHO-001352,EDGE-0006584,EV-CONTRACT-2026-2885
PHO-003911,PHO-002108,EDGE-0006585,EV-CONTRACT-2026-9078
PHO-003202,PHO-003890,EDGE-0006586,EV-CONTRACT-2026-1600
PHO-003854,PHO-000022,EDGE-0006587,EV-CONTRACT-2026-5357
PHO-004082,PHO-003922,EDGE-0006588,EV-CONTRACT-2026-3848
PHO-002106,PHO-001057,EDGE-0006589,EV-CONTRACT-2026-8565
PHO-004820,PHO-000568,EDGE-0006590,EV-CONTRACT-2026-9016
PHO-003998,PHO-000166,EDGE-0006591,EV-CONTRACT-2026-2485
PHO-001362,PHO-004411,EDGE-0006592,EV-CONTRACT-2026-8197
PHO-000110,PHO-004115,EDGE-0006593,EV-CONTRACT-2026-2009
PHO-002955,PHO-000888,EDGE-0006594,EV-CONTRACT-2026-2999
PHO-003155,PHO-002564,EDGE-0006595,EV-CONTRACT-2026-6207
PHO-003959,PHO-000128,EDGE-0006596,EV-CONTRACT-2026-8394
PHO-004487,PHO-000148,EDGE-0006597,EV-CONTRACT-2026-2394
PHO-001224,PHO-001285,EDGE-0006598,EV-CONTRACT-2026-5104
PHO-002939,PHO-003404,EDGE-0006599,EV-CONTRACT-2026-4513
PHO-002470,PHO-004553,EDGE-0006600,EV-CONTRACT-2026-1540
PHO-003277,PHO-003678,EDGE-0006601,EV-CONTRACT-2026-3728
PHO-000901,PHO-002579,EDGE-0006602,EV-CONTRACT-2026-1672
PHO-003117,PHO-004295,EDGE-0006603,EV-CONTRACT-2026-1864
PHO-002328,PHO-002514,EDGE-0006604,EV-CONTRACT-2026-6452
PHO-004886,PHO-004554,EDGE-0006605,EV-CONTRACT-2026-8204
PHO-000505,PHO-002935,EDGE-0006606,EV-CONTRACT-2026-9948
PHO-004241,PHO-001877,EDGE-0006607,EV-CONTRACT-2026-4224
PHO-003121,PHO-001510,EDGE-0006608,EV-CONTRACT-2026-3376
PHO-002791,PHO-002029,EDGE-0006609,EV-CONTRACT-2026-9246
PHO-002015,PHO-002717,EDGE-0006610,EV-CONTRACT-2026-5298
PHO-000884,PHO-002771,EDGE-0006611,EV-CONTRACT-2026-1996
PHO-000750,PHO-000544,EDGE-0006612,EV-CONTRACT-2026-1235
PHO-000987,PHO-001761,EDGE-0006613,EV-CONTRACT-2026-2301
PHO-004018,PHO-002100,EDGE-0006614,EV-CONTRACT-2026-9430
PHO-003647,PHO-002670,EDGE-0006615,EV-CONTRACT-2026-1416
PHO-004222,PHO-003652,EDGE-0006616,EV-CONTRACT-2026-9012
PHO-000541,PHO-004548,EDGE-0006617,EV-CONTRACT-2026-9029
PHO-002503,PHO-001169,EDGE-0006618,EV-CONTRACT-2026-6082
PHO-002530,PHO-000392,EDGE-0006619,EV-CONTRACT-2026-7317
PHO-000488,PHO-000232,EDGE-0006620,EV-CONTRACT-2026-5387
PHO-003712,PHO-004108,EDGE-0006621,EV-CONTRACT-2026-4600
PHO-003868,PHO-001145,EDGE-0006622,EV-CONTRACT-2026-4924
PHO-002360,PHO-003844,EDGE-0006623,EV-CONTRACT-2026-1410
PHO-001512,PHO-000921,EDGE-0006624,EV-CONTRACT-2026-9643
PHO-004526,PHO-003728,EDGE-0006625,EV-CONTRACT-2026-3130
PHO-003397,PHO-000979,EDGE-0006626,EV-CONTRACT-2026-1642
PHO-002055,PHO-000670,EDGE-0006627,EV-CONTRACT-2026-6345
PHO-002240,PHO-000957,EDGE-0006628,EV-CONTRACT-2026-1541
PHO-001231,PHO-003925,EDGE-0006629,EV-CONTRACT-2026-5667
PHO-003428,PHO-000875,EDGE-0006630,EV-CONTRACT-2026-3604
PHO-004433,PHO-003312,EDGE-0006631,EV-CONTRACT-2026-2928
PHO-002581,PHO-003227,EDGE-0006632,EV-CONTRACT-2026-1397
PHO-004580,PHO-001769,EDGE-0006633,EV-CONTRACT-2026-5256
PHO-000041,PHO-002604,EDGE-0006634,EV-CONTRACT-2026-3528
PHO-001123,PHO-004690,EDGE-0006635,EV-CONTRACT-2026-5089
PHO-003790,PHO-002404,EDGE-0006636,EV-CONTRACT-2026-7366
PHO-004852,PHO-004464,EDGE-0006637,EV-CONTRACT-2026-4117
PHO-004019,PHO-001875,EDGE-0006638,EV-CONTRACT-2026-4105
PHO-003620,PHO-003831,EDGE-0006639,EV-CONTRACT-2026-2467
PHO-003209,PHO-001776,EDGE-0006640,EV-CONTRACT-2026-4156
PHO-002004,PHO-003356,EDGE-0006641,EV-CONTRACT-2026-8562
PHO-004350,PHO-004353,EDGE-0006642,EV-CONTRACT-2026-2776
PHO-000404,PHO-004163,EDGE-0006643,EV-CONTRACT-2026-3264
PHO-003802,PHO-000984,EDGE-0006644,EV-CONTRACT-2026-3098
PHO-003609,PHO-000222,EDGE-0006645,EV-CONTRACT-2026-1393
PHO-003122,PHO-000076,EDGE-0006646,EV-CONTRACT-2026-4388
PHO-004743,PHO-000594,EDGE-0006647,EV-CONTRACT-2026-2960
PHO-004797,PHO-002169,EDGE-0006648,EV-CONTRACT-2026-3478
PHO-003250,PHO-004769,EDGE-0006649,EV-CONTRACT-2026-8734
PHO-002451,PHO-000517,EDGE-0006650,EV-CONTRACT-2026-2255
PHO-004120,PHO-001479,EDGE-0006651,EV-CONTRACT-2026-3048
PHO-001365,PHO-003967,EDGE-0006652,EV-CONTRACT-2026-9680
PHO-002220,PHO-002310,EDGE-0006653,EV-CONTRACT-2026-4482
PHO-001489,PHO-002918,EDGE-0006654,EV-CONTRACT-2026-4621
PHO-001352,PHO-000819,EDGE-0006655,EV-CONTRACT-2026-6503
PHO-003346,PHO-000519,EDGE-0006656,EV-CONTRACT-2026-8781
PHO-004172,PHO-002761,EDGE-0006657,EV-CONTRACT-2026-9098
PHO-003309,PHO-001400,EDGE-0006658,EV-CONTRACT-2026-5942
PHO-003643,PHO-004105,EDGE-0006659,EV-CONTRACT-2026-7502
PHO-003630,PHO-003158,EDGE-0006660,EV-CONTRACT-2026-1643
PHO-003014,PHO-004377,EDGE-0006661,EV-CONTRACT-2026-2169
PHO-002264,PHO-004375,EDGE-0006662,EV-CONTRACT-2026-3310
PHO-003651,PHO-000415,EDGE-0006663,EV-CONTRACT-2026-5253
PHO-000119,PHO-003909,EDGE-0006664,EV-CONTRACT-2026-2725
PHO-002390,PHO-003931,EDGE-0006665,EV-CONTRACT-2026-8447
PHO-002650,PHO-002648,EDGE-0006666,EV-CONTRACT-2026-2157
PHO-002570,PHO-003797,EDGE-0006667,EV-CONTRACT-2026-8463
PHO-001100,PHO-002936,EDGE-0006668,EV-CONTRACT-2026-2829
PHO-002866,PHO-000009,EDGE-0006669,EV-CONTRACT-2026-9632
PHO-003108,PHO-004933,EDGE-0006670,EV-CONTRACT-2026-9355
PHO-004805,PHO-003197,EDGE-0006671,EV-CONTRACT-2026-1729
PHO-001094,PHO-003996,EDGE-0006672,EV-CONTRACT-2026-1324
PHO-000786,PHO-004569,EDGE-0006673,EV-CONTRACT-2026-5478
PHO-001026,PHO-004323,EDGE-0006674,EV-CONTRACT-2026-5379
PHO-004416,PHO-004050,EDGE-0006675,EV-CONTRACT-2026-7201
PHO-000563,PHO-001628,EDGE-0006676,EV-CONTRACT-2026-1341
PHO-003968,PHO-002240,EDGE-0006677,EV-CONTRACT-2026-2640
PHO-002819,PHO-001802,EDGE-0006678,EV-CONTRACT-2026-1506
PHO-000190,PHO-004557,EDGE-0006679,EV-CONTRACT-2026-6434
PHO-002602,PHO-001453,EDGE-0006680,EV-CONTRACT-2026-3520
PHO-001937,PHO-000893,EDGE-0006681,EV-CONTRACT-2026-4764
PHO-004034,PHO-003629,EDGE-0006682,EV-CONTRACT-2026-5578
PHO-002012,PHO-003472,EDGE-0006683,EV-CONTRACT-2026-9414
PHO-004464,PHO-001795,EDGE-0006684,EV-CONTRACT-2026-4794
PHO-000625,PHO-003973,EDGE-0006685,EV-CONTRACT-2026-2459
PHO-001492,PHO-004867,EDGE-0006686,EV-CONTRACT-2026-3904
PHO-000907,PHO-003583,EDGE-0006687,EV-CONTRACT-2026-8393
PHO-001529,PHO-003248,EDGE-0006688,EV-CONTRACT-2026-2070
PHO-002631,PHO-000040,EDGE-0006689,EV-CONTRACT-2026-7522
PHO-002463,PHO-001077,EDGE-0006690,EV-CONTRACT-2026-5465
PHO-001645,PHO-001122,EDGE-0006691,EV-CONTRACT-2026-4135
PHO-000574,PHO-003491,EDGE-0006692,EV-CONTRACT-2026-9261
PHO-003440,PHO-004848,EDGE-0006693,EV-CONTRACT-2026-3384
PHO-003192,PHO-004941,EDGE-0006694,EV-CONTRACT-2026-8637
PHO-003444,PHO-003328,EDGE-0006695,EV-CONTRACT-2026-8161
PHO-004333,PHO-000003,EDGE-0006696,EV-CONTRACT-2026-6460
PHO-000165,PHO-002969,EDGE-0006697,EV-CONTRACT-2026-6459
PHO-001801,PHO-004168,EDGE-0006698,EV-CONTRACT-2026-7606
PHO-000192,PHO-000136,EDGE-0006699,EV-CONTRACT-2026-8516
PHO-004986,PHO-004295,EDGE-0006700,EV-CONTRACT-2026-8455
PHO-000501,PHO-004585,EDGE-0006701,EV-CONTRACT-2026-1479
PHO-001749,PHO-001719,EDGE-0006702,EV-CONTRACT-2026-8852
PHO-002428,PHO-003208,EDGE-0006703,EV-CONTRACT-2026-4098
PHO-002608,PHO-004647,EDGE-0006704,EV-CONTRACT-2026-4423
PHO-001144,PHO-000406,EDGE-0006705,EV-CONTRACT-2026-5286
PHO-004434,PHO-001320,EDGE-0006706,EV-CONTRACT-2026-9701
PHO-003725,PHO-004555,EDGE-0006707,EV-CONTRACT-2026-9188
PHO-001380,PHO-003512,EDGE-0006708,EV-CONTRACT-2026-7273
PHO-002889,PHO-003513,EDGE-0006709,EV-CONTRACT-2026-3733
PHO-004332,PHO-001591,EDGE-0006710,EV-CONTRACT-2026-8958
PHO-001076,PHO-003772,EDGE-0006711,EV-CONTRACT-2026-1601
PHO-001390,PHO-000930,EDGE-0006712,EV-CONTRACT-2026-4755
PHO-001568,PHO-003073,EDGE-0006713,EV-CONTRACT-2026-3956
PHO-003419,PHO-004307,EDGE-0006714,EV-CONTRACT-2026-9171
PHO-003201,PHO-001921,EDGE-0006715,EV-CONTRACT-2026-4551
PHO-002910,PHO-000327,EDGE-0006716,EV-CONTRACT-2026-9262
PHO-002203,PHO-001442,EDGE-0006717,EV-CONTRACT-2026-5317
PHO-002610,PHO-002749,EDGE-0006718,EV-CONTRACT-2026-4227
PHO-004590,PHO-000363,EDGE-0006719,EV-CONTRACT-2026-2719
PHO-003137,PHO-001988,EDGE-0006720,EV-CONTRACT-2026-2117
PHO-004111,PHO-004733,EDGE-0006721,EV-CONTRACT-2026-9584
PHO-004881,PHO-004634,EDGE-0006722,EV-CONTRACT-2026-7052
PHO-000676,PHO-004254,EDGE-0006723,EV-CONTRACT-2026-4974
PHO-003691,PHO-002733,EDGE-0006724,EV-CONTRACT-2026-4974
PHO-002096,PHO-000480,EDGE-0006725,EV-CONTRACT-2026-1816
PHO-000172,PHO-001374,EDGE-0006726,EV-CONTRACT-2026-9958
PHO-003685,PHO-001172,EDGE-0006727,EV-CONTRACT-2026-8897
PHO-002916,PHO-001157,EDGE-0006728,EV-CONTRACT-2026-5988
PHO-004631,PHO-003727,EDGE-0006729,EV-CONTRACT-2026-4783
PHO-004623,PHO-000946,EDGE-0006730,EV-CONTRACT-2026-6446
PHO-004630,PHO-004490,EDGE-0006731,EV-CONTRACT-2026-1244
PHO-002534,PHO-004798,EDGE-0006732,EV-CONTRACT-2026-2909
PHO-002800,PHO-002919,EDGE-0006733,EV-CONTRACT-2026-4731
PHO-001267,PHO-001747,EDGE-0006734,EV-CONTRACT-2026-3601
PHO-002894,PHO-001521,EDGE-0006735,EV-CONTRACT-2026-3389
PHO-002889,PHO-000882,EDGE-0006736,EV-CONTRACT-2026-5231
PHO-002949,PHO-001372,EDGE-0006737,EV-CONTRACT-2026-6324
PHO-002539,PHO-004466,EDGE-0006738,EV-CONTRACT-2026-6449
PHO-001805,PHO-001470,EDGE-0006739,EV-CONTRACT-2026-5087
PHO-004500,PHO-003930,EDGE-0006740,EV-CONTRACT-2026-6292
PHO-004206,PHO-000041,EDGE-0006741,EV-CONTRACT-2026-4258
PHO-000715,PHO-003864,EDGE-0006742,EV-CONTRACT-2026-6857
PHO-000138,PHO-004468,EDGE-0006743,EV-CONTRACT-2026-7281
PHO-003351,PHO-003106,EDGE-0006744,EV-CONTRACT-2026-5439
PHO-002835,PHO-003845,EDGE-0006745,EV-CONTRACT-2026-5730
PHO-002613,PHO-000330,EDGE-0006746,EV-CONTRACT-2026-8977
PHO-004022,PHO-003576,EDGE-0006747,EV-CONTRACT-2026-9423
PHO-004821,PHO-004919,EDGE-0006748,EV-CONTRACT-2026-8618
PHO-004625,PHO-003108,EDGE-0006749,EV-CONTRACT-2026-9616
PHO-002999,PHO-001139,EDGE-0006750,EV-CONTRACT-2026-1457
PHO-001512,PHO-002003,EDGE-0006751,EV-CONTRACT-2026-4698
PHO-001460,PHO-000976,EDGE-0006752,EV-CONTRACT-2026-1698
PHO-004877,PHO-000621,EDGE-0006753,EV-CONTRACT-2026-1473
PHO-000926,PHO-002327,EDGE-0006754,EV-CONTRACT-2026-5885
PHO-003324,PHO-000482,EDGE-0006755,EV-CONTRACT-2026-5347
PHO-002045,PHO-003781,EDGE-0006756,EV-CONTRACT-2026-2615
PHO-003426,PHO-001179,EDGE-0006757,EV-CONTRACT-2026-6308
PHO-000330,PHO-000388,EDGE-0006758,EV-CONTRACT-2026-5151
PHO-004143,PHO-001351,EDGE-0006759,EV-CONTRACT-2026-8245
PHO-000118,PHO-002005,EDGE-0006760,EV-CONTRACT-2026-7289
PHO-003632,PHO-003464,EDGE-0006761,EV-CONTRACT-2026-4102
PHO-000637,PHO-002873,EDGE-0006762,EV-CONTRACT-2026-6184
PHO-000705,PHO-000548,EDGE-0006763,EV-CONTRACT-2026-6023
PHO-003512,PHO-004246,EDGE-0006764,EV-CONTRACT-2026-9498
PHO-001648,PHO-002793,EDGE-0006765,EV-CONTRACT-2026-9277
PHO-003549,PHO-000592,EDGE-0006766,EV-CONTRACT-2026-4583
PHO-001232,PHO-001276,EDGE-0006767,EV-CONTRACT-2026-6805
PHO-004302,PHO-004017,EDGE-0006768,EV-CONTRACT-2026-2061
PHO-004157,PHO-004513,EDGE-0006769,EV-CONTRACT-2026-4873
PHO-004530,PHO-003328,EDGE-0006770,EV-CONTRACT-2026-2625
PHO-004426,PHO-004427,EDGE-0006771,EV-CONTRACT-2026-4184
PHO-001812,PHO-004063,EDGE-0006772,EV-CONTRACT-2026-3459
PHO-004383,PHO-004983,EDGE-0006773,EV-CONTRACT-2026-9901
PHO-002141,PHO-000303,EDGE-0006774,EV-CONTRACT-2026-4027
PHO-004250,PHO-001120,EDGE-0006775,EV-CONTRACT-2026-9979
PHO-001959,PHO-004540,EDGE-0006776,EV-CONTRACT-2026-8500
PHO-000473,PHO-000299,EDGE-0006777,EV-CONTRACT-2026-7306
PHO-003720,PHO-001070,EDGE-0006778,EV-CONTRACT-2026-4055
PHO-004451,PHO-000912,EDGE-0006779,EV-CONTRACT-2026-5474
PHO-003451,PHO-002205,EDGE-0006780,EV-CONTRACT-2026-5046
PHO-002321,PHO-002162,EDGE-0006781,EV-CONTRACT-2026-7353
PHO-001336,PHO-000078,EDGE-0006782,EV-CONTRACT-2026-4369
PHO-001001,PHO-003474,EDGE-0006783,EV-CONTRACT-2026-8982
PHO-001682,PHO-001904,EDGE-0006784,EV-CONTRACT-2026-7508
PHO-004776,PHO-000039,EDGE-0006785,EV-CONTRACT-2026-1480
PHO-002770,PHO-002327,EDGE-0006786,EV-CONTRACT-2026-5460
PHO-000365,PHO-004711,EDGE-0006787,EV-CONTRACT-2026-9216
PHO-002752,PHO-004286,EDGE-0006788,EV-CONTRACT-2026-6833
PHO-002291,PHO-003440,EDGE-0006789,EV-CONTRACT-2026-2211
PHO-003709,PHO-000722,EDGE-0006790,EV-CONTRACT-2026-5563
PHO-004846,PHO-002861,EDGE-0006791,EV-CONTRACT-2026-6318
PHO-001531,PHO-003736,EDGE-0006792,EV-CONTRACT-2026-7983
PHO-001728,PHO-003831,EDGE-0006793,EV-CONTRACT-2026-4751
PHO-004338,PHO-002448,EDGE-0006794,EV-CONTRACT-2026-6263
PHO-003241,PHO-001017,EDGE-0006795,EV-CONTRACT-2026-6439
PHO-004569,PHO-002978,EDGE-0006796,EV-CONTRACT-2026-4600
PHO-004537,PHO-003466,EDGE-0006797,EV-CONTRACT-2026-5792
PHO-004726,PHO-001880,EDGE-0006798,EV-CONTRACT-2026-8175
PHO-002847,PHO-002437,EDGE-0006799,EV-CONTRACT-2026-5860
PHO-001624,PHO-003305,EDGE-0006800,EV-CONTRACT-2026-7542
PHO-003785,PHO-003525,EDGE-0006801,EV-CONTRACT-2026-1281
PHO-000409,PHO-004652,EDGE-0006802,EV-CONTRACT-2026-2835
PHO-002652,PHO-003121,EDGE-0006803,EV-CONTRACT-2026-5516
PHO-001816,PHO-000109,EDGE-0006804,EV-CONTRACT-2026-8611
PHO-003204,PHO-003211,EDGE-0006805,EV-CONTRACT-2026-7989
PHO-004109,PHO-002958,EDGE-0006806,EV-CONTRACT-2026-3534
PHO-004614,PHO-004442,EDGE-0006807,EV-CONTRACT-2026-1320
PHO-003971,PHO-003453,EDGE-0006808,EV-CONTRACT-2026-7846
PHO-001010,PHO-000098,EDGE-0006809,EV-CONTRACT-2026-2221
PHO-002524,PHO-004395,EDGE-0006810,EV-CONTRACT-2026-5017
PHO-003050,PHO-002382,EDGE-0006811,EV-CONTRACT-2026-1300
PHO-002760,PHO-000691,EDGE-0006812,EV-CONTRACT-2026-4594
PHO-003641,PHO-004236,EDGE-0006813,EV-CONTRACT-2026-6023
PHO-001751,PHO-001518,EDGE-0006814,EV-CONTRACT-2026-6251
PHO-000880,PHO-003335,EDGE-0006815,EV-CONTRACT-2026-1731
PHO-003115,PHO-000609,EDGE-0006816,EV-CONTRACT-2026-1140
PHO-004528,PHO-001716,EDGE-0006817,EV-CONTRACT-2026-7383
PHO-000842,PHO-000392,EDGE-0006818,EV-CONTRACT-2026-7805
PHO-004153,PHO-001851,EDGE-0006819,EV-CONTRACT-2026-1558
PHO-000765,PHO-004808,EDGE-0006820,EV-CONTRACT-2026-4923
PHO-004437,PHO-000111,EDGE-0006821,EV-CONTRACT-2026-6747
PHO-003464,PHO-002647,EDGE-0006822,EV-CONTRACT-2026-5871
PHO-002032,PHO-001911,EDGE-0006823,EV-CONTRACT-2026-9440
PHO-004076,PHO-001410,EDGE-0006824,EV-CONTRACT-2026-4855
PHO-002313,PHO-004685,EDGE-0006825,EV-CONTRACT-2026-8352
PHO-000739,PHO-003892,EDGE-0006826,EV-CONTRACT-2026-1988
PHO-002702,PHO-000416,EDGE-0006827,EV-CONTRACT-2026-6710
PHO-004255,PHO-004193,EDGE-0006828,EV-CONTRACT-2026-6383
PHO-000866,PHO-000665,EDGE-0006829,EV-CONTRACT-2026-1822
PHO-002299,PHO-004957,EDGE-0006830,EV-CONTRACT-2026-1389
PHO-004604,PHO-004978,EDGE-0006831,EV-CONTRACT-2026-1449
PHO-003171,PHO-004994,EDGE-0006832,EV-CONTRACT-2026-1416
PHO-002964,PHO-002770,EDGE-0006833,EV-CONTRACT-2026-5029
PHO-001802,PHO-004247,EDGE-0006834,EV-CONTRACT-2026-5682
PHO-001164,PHO-004348,EDGE-0006835,EV-CONTRACT-2026-6565
PHO-001568,PHO-003695,EDGE-0006836,EV-CONTRACT-2026-1195
PHO-002042,PHO-002402,EDGE-0006837,EV-CONTRACT-2026-9190
PHO-004635,PHO-003863,EDGE-0006838,EV-CONTRACT-2026-2545
PHO-000081,PHO-000046,EDGE-0006839,EV-CONTRACT-2026-3702
PHO-001619,PHO-001840,EDGE-0006840,EV-CONTRACT-2026-5959
PHO-000098,PHO-000609,EDGE-0006841,EV-CONTRACT-2026-9146
PHO-001728,PHO-004007,EDGE-0006842,EV-CONTRACT-2026-2175
PHO-000977,PHO-000274,EDGE-0006843,EV-CONTRACT-2026-5337
PHO-004288,PHO-002429,EDGE-0006844,EV-CONTRACT-2026-8063
PHO-000148,PHO-004934,EDGE-0006845,EV-CONTRACT-2026-7706
PHO-001064,PHO-001013,EDGE-0006846,EV-CONTRACT-2026-5652
PHO-004241,PHO-004573,EDGE-0006847,EV-CONTRACT-2026-3427
PHO-001579,PHO-003465,EDGE-0006848,EV-CONTRACT-2026-7823
PHO-000489,PHO-004702,EDGE-0006849,EV-CONTRACT-2026-5589
PHO-001805,PHO-003730,EDGE-0006850,EV-CONTRACT-2026-4839
PHO-000025,PHO-003430,EDGE-0006851,EV-CONTRACT-2026-7311
PHO-000108,PHO-002500,EDGE-0006852,EV-CONTRACT-2026-9923
PHO-001889,PHO-002048,EDGE-0006853,EV-CONTRACT-2026-7627
PHO-001136,PHO-003874,EDGE-0006854,EV-CONTRACT-2026-7175
PHO-000095,PHO-000297,EDGE-0006855,EV-CONTRACT-2026-2648
PHO-002927,PHO-004014,EDGE-0006856,EV-CONTRACT-2026-2752
PHO-002377,PHO-001899,EDGE-0006857,EV-CONTRACT-2026-2673
PHO-004166,PHO-002582,EDGE-0006858,EV-CONTRACT-2026-3084
PHO-003086,PHO-004156,EDGE-0006859,EV-CONTRACT-2026-8282
PHO-000010,PHO-004269,EDGE-0006860,EV-CONTRACT-2026-2302
PHO-001339,PHO-002320,EDGE-0006861,EV-CONTRACT-2026-6891
PHO-000871,PHO-002811,EDGE-0006862,EV-CONTRACT-2026-6302
PHO-004188,PHO-000899,EDGE-0006863,EV-CONTRACT-2026-8930
PHO-001224,PHO-001619,EDGE-0006864,EV-CONTRACT-2026-2138
PHO-002556,PHO-001073,EDGE-0006865,EV-CONTRACT-2026-7140
PHO-001327,PHO-003234,EDGE-0006866,EV-CONTRACT-2026-2611
PHO-001274,PHO-001341,EDGE-0006867,EV-CONTRACT-2026-7473
PHO-003832,PHO-001389,EDGE-0006868,EV-CONTRACT-2026-3769
PHO-003223,PHO-003052,EDGE-0006869,EV-CONTRACT-2026-1396
PHO-003360,PHO-002414,EDGE-0006870,EV-CONTRACT-2026-2049
PHO-000331,PHO-001525,EDGE-0006871,EV-CONTRACT-2026-9188
PHO-002520,PHO-001131,EDGE-0006872,EV-CONTRACT-2026-9677
PHO-001108,PHO-003893,EDGE-0006873,EV-CONTRACT-2026-3330
PHO-004680,PHO-000640,EDGE-0006874,EV-CONTRACT-2026-1595
PHO-001453,PHO-000728,EDGE-0006875,EV-CONTRACT-2026-2380
PHO-001981,PHO-000177,EDGE-0006876,EV-CONTRACT-2026-5270
PHO-000462,PHO-000088,EDGE-0006877,EV-CONTRACT-2026-5934
PHO-002172,PHO-002361,EDGE-0006878,EV-CONTRACT-2026-2826
PHO-002228,PHO-002274,EDGE-0006879,EV-CONTRACT-2026-3951
PHO-002471,PHO-002106,EDGE-0006880,EV-CONTRACT-2026-8039
PHO-000315,PHO-004251,EDGE-0006881,EV-CONTRACT-2026-4107
PHO-003215,PHO-003333,EDGE-0006882,EV-CONTRACT-2026-4869
PHO-001971,PHO-004957,EDGE-0006883,EV-CONTRACT-2026-9601
PHO-003827,PHO-001825,EDGE-0006884,EV-CONTRACT-2026-6195
PHO-001002,PHO-002898,EDGE-0006885,EV-CONTRACT-2026-5141
PHO-000869,PHO-001712,EDGE-0006886,EV-CONTRACT-2026-5801
PHO-004844,PHO-003185,EDGE-0006887,EV-CONTRACT-2026-1577
PHO-001020,PHO-004032,EDGE-0006888,EV-CONTRACT-2026-1203
PHO-004539,PHO-000558,EDGE-0006889,EV-CONTRACT-2026-3661
PHO-001212,PHO-003658,EDGE-0006890,EV-CONTRACT-2026-3328
PHO-004116,PHO-003731,EDGE-0006891,EV-CONTRACT-2026-2190
PHO-002909,PHO-002286,EDGE-0006892,EV-CONTRACT-2026-5104
PHO-004485,PHO-000078,EDGE-0006893,EV-CONTRACT-2026-9089
PHO-004087,PHO-002300,EDGE-0006894,EV-CONTRACT-2026-5048
PHO-003198,PHO-001314,EDGE-0006895,EV-CONTRACT-2026-1645
PHO-000182,PHO-003427,EDGE-0006896,EV-CONTRACT-2026-4020
PHO-002690,PHO-004932,EDGE-0006897,EV-CONTRACT-2026-6488
PHO-001242,PHO-002158,EDGE-0006898,EV-CONTRACT-2026-3654
PHO-002676,PHO-004453,EDGE-0006899,EV-CONTRACT-2026-9037
PHO-000866,PHO-001492,EDGE-0006900,EV-CONTRACT-2026-3553
PHO-001016,PHO-000561,EDGE-0006901,EV-CONTRACT-2026-5421
PHO-003263,PHO-004322,EDGE-0006902,EV-CONTRACT-2026-2667
PHO-002856,PHO-000405,EDGE-0006903,EV-CONTRACT-2026-1435
PHO-004374,PHO-001943,EDGE-0006904,EV-CONTRACT-2026-6984
PHO-003086,PHO-001546,EDGE-0006905,EV-CONTRACT-2026-5124
PHO-003684,PHO-001621,EDGE-0006906,EV-CONTRACT-2026-5768
PHO-003572,PHO-003320,EDGE-0006907,EV-CONTRACT-2026-7107
PHO-004878,PHO-000275,EDGE-0006908,EV-CONTRACT-2026-8164
PHO-001318,PHO-004391,EDGE-0006909,EV-CONTRACT-2026-4604
PHO-003176,PHO-002468,EDGE-0006910,EV-CONTRACT-2026-8287
PHO-003774,PHO-000231,EDGE-0006911,EV-CONTRACT-2026-6058
PHO-002852,PHO-002788,EDGE-0006912,EV-CONTRACT-2026-2907
PHO-001212,PHO-002188,EDGE-0006913,EV-CONTRACT-2026-6355
PHO-002818,PHO-001307,EDGE-0006914,EV-CONTRACT-2026-3928
PHO-004435,PHO-003755,EDGE-0006915,EV-CONTRACT-2026-9389
PHO-004294,PHO-004301,EDGE-0006916,EV-CONTRACT-2026-1284
PHO-000132,PHO-004011,EDGE-0006917,EV-CONTRACT-2026-1443
PHO-001027,PHO-004889,EDGE-0006918,EV-CONTRACT-2026-4196
PHO-003097,PHO-004807,EDGE-0006919,EV-CONTRACT-2026-6083
PHO-002564,PHO-002992,EDGE-0006920,EV-CONTRACT-2026-5762
PHO-001457,PHO-003328,EDGE-0006921,EV-CONTRACT-2026-3413
PHO-002029,PHO-004473,EDGE-0006922,EV-CONTRACT-2026-6800
PHO-004757,PHO-004453,EDGE-0006923,EV-CONTRACT-2026-5775
PHO-003601,PHO-003551,EDGE-0006924,EV-CONTRACT-2026-3542
PHO-001773,PHO-001710,EDGE-0006925,EV-CONTRACT-2026-9040
PHO-003602,PHO-004596,EDGE-0006926,EV-CONTRACT-2026-7432
PHO-003774,PHO-004809,EDGE-0006927,EV-CONTRACT-2026-1868
PHO-003129,PHO-002982,EDGE-0006928,EV-CONTRACT-2026-7480
PHO-000243,PHO-002122,EDGE-0006929,EV-CONTRACT-2026-5681
PHO-001806,PHO-002695,EDGE-0006930,EV-CONTRACT-2026-3724
PHO-000941,PHO-000810,EDGE-0006931,EV-CONTRACT-2026-8296
PHO-003351,PHO-004817,EDGE-0006932,EV-CONTRACT-2026-8289
PHO-003639,PHO-004791,EDGE-0006933,EV-CONTRACT-2026-1674
PHO-000186,PHO-000992,EDGE-0006934,EV-CONTRACT-2026-5924
PHO-002730,PHO-001005,EDGE-0006935,EV-CONTRACT-2026-7651
PHO-001724,PHO-001172,EDGE-0006936,EV-CONTRACT-2026-7854
PHO-000841,PHO-002184,EDGE-0006937,EV-CONTRACT-2026-2498
PHO-001669,PHO-002369,EDGE-0006938,EV-CONTRACT-2026-1694
PHO-002173,PHO-000713,EDGE-0006939,EV-CONTRACT-2026-9735
PHO-001868,PHO-002120,EDGE-0006940,EV-CONTRACT-2026-2238
PHO-002926,PHO-003114,EDGE-0006941,EV-CONTRACT-2026-9407
PHO-002577,PHO-000591,EDGE-0006942,EV-CONTRACT-2026-2268
PHO-003033,PHO-003030,EDGE-0006943,EV-CONTRACT-2026-6998
PHO-004750,PHO-002563,EDGE-0006944,EV-CONTRACT-2026-3586
PHO-003431,PHO-003543,EDGE-0006945,EV-CONTRACT-2026-8964
PHO-002663,PHO-000914,EDGE-0006946,EV-CONTRACT-2026-7081
PHO-002051,PHO-001598,EDGE-0006947,EV-CONTRACT-2026-2153
PHO-004495,PHO-000859,EDGE-0006948,EV-CONTRACT-2026-3331
PHO-000986,PHO-000415,EDGE-0006949,EV-CONTRACT-2026-5532
PHO-004061,PHO-000086,EDGE-0006950,EV-CONTRACT-2026-4508
PHO-004768,PHO-001888,EDGE-0006951,EV-CONTRACT-2026-9169
PHO-001810,PHO-000163,EDGE-0006952,EV-CONTRACT-2026-4104
PHO-000243,PHO-000736,EDGE-0006953,EV-CONTRACT-2026-3354
PHO-004946,PHO-000957,EDGE-0006954,EV-CONTRACT-2026-2588
PHO-000935,PHO-000891,EDGE-0006955,EV-CONTRACT-2026-8355
PHO-002353,PHO-004537,EDGE-0006956,EV-CONTRACT-2026-3394
PHO-003820,PHO-003504,EDGE-0006957,EV-CONTRACT-2026-9729
PHO-000108,PHO-000735,EDGE-0006958,EV-CONTRACT-2026-9594
PHO-004358,PHO-000108,EDGE-0006959,EV-CONTRACT-2026-7764
PHO-000541,PHO-002817,EDGE-0006960,EV-CONTRACT-2026-2260
PHO-003437,PHO-002595,EDGE-0006961,EV-CONTRACT-2026-5787
PHO-004862,PHO-000523,EDGE-0006962,EV-CONTRACT-2026-5705
PHO-001792,PHO-001314,EDGE-0006963,EV-CONTRACT-2026-7399
PHO-002929,PHO-000707,EDGE-0006964,EV-CONTRACT-2026-3627
PHO-003885,PHO-000325,EDGE-0006965,EV-CONTRACT-2026-4266
PHO-002128,PHO-000422,EDGE-0006966,EV-CONTRACT-2026-9168
PHO-000269,PHO-000802,EDGE-0006967,EV-CONTRACT-2026-1379
PHO-002639,PHO-003368,EDGE-0006968,EV-CONTRACT-2026-9790
PHO-003860,PHO-002011,EDGE-0006969,EV-CONTRACT-2026-9269
PHO-002863,PHO-003332,EDGE-0006970,EV-CONTRACT-2026-5174
PHO-001234,PHO-003010,EDGE-0006971,EV-CONTRACT-2026-2126
PHO-000604,PHO-004820,EDGE-0006972,EV-CONTRACT-2026-1738
PHO-003527,PHO-001649,EDGE-0006973,EV-CONTRACT-2026-8325
PHO-000179,PHO-000719,EDGE-0006974,EV-CONTRACT-2026-3658
PHO-002744,PHO-001222,EDGE-0006975,EV-CONTRACT-2026-5238
PHO-002237,PHO-002655,EDGE-0006976,EV-CONTRACT-2026-9496
PHO-001862,PHO-004326,EDGE-0006977,EV-CONTRACT-2026-7504
PHO-003092,PHO-000082,EDGE-0006978,EV-CONTRACT-2026-1958
PHO-000487,PHO-004269,EDGE-0006979,EV-CONTRACT-2026-3482
PHO-003604,PHO-003004,EDGE-0006980,EV-CONTRACT-2026-6342
PHO-003353,PHO-001089,EDGE-0006981,EV-CONTRACT-2026-6402
PHO-000204,PHO-002383,EDGE-0006982,EV-CONTRACT-2026-7511
PHO-001820,PHO-001334,EDGE-0006983,EV-CONTRACT-2026-1465
PHO-002932,PHO-002776,EDGE-0006984,EV-CONTRACT-2026-4587
PHO-004187,PHO-000338,EDGE-0006985,EV-CONTRACT-2026-5551
PHO-004790,PHO-003832,EDGE-0006986,EV-CONTRACT-2026-4335
PHO-003379,PHO-004819,EDGE-0006987,EV-CONTRACT-2026-1640
PHO-003784,PHO-004866,EDGE-0006988,EV-CONTRACT-2026-4507
PHO-000816,PHO-004727,EDGE-0006989,EV-CONTRACT-2026-8095
PHO-002377,PHO-002639,EDGE-0006990,EV-CONTRACT-2026-3436
PHO-002747,PHO-000336,EDGE-0006991,EV-CONTRACT-2026-8638
PHO-003140,PHO-000306,EDGE-0006992,EV-CONTRACT-2026-1670
PHO-004037,PHO-003166,EDGE-0006993,EV-CONTRACT-2026-8880
PHO-003184,PHO-002027,EDGE-0006994,EV-CONTRACT-2026-2658
PHO-003179,PHO-003052,EDGE-0006995,EV-CONTRACT-2026-8292
PHO-002637,PHO-001621,EDGE-0006996,EV-CONTRACT-2026-1492
PHO-000810,PHO-003429,EDGE-0006997,EV-CONTRACT-2026-2931
PHO-004689,PHO-004412,EDGE-0006998,EV-CONTRACT-2026-4044
PHO-003195,PHO-001523,EDGE-0006999,EV-CONTRACT-2026-7323
PHO-000464,PHO-001365,EDGE-0007000,EV-CONTRACT-2026-8588
PHO-004795,PHO-001291,EDGE-0007001,EV-CONTRACT-2026-6339
PHO-003048,PHO-001476,EDGE-0007002,EV-CONTRACT-2026-4882
PHO-001503,PHO-003099,EDGE-0007003,EV-CONTRACT-2026-9991
PHO-002471,PHO-000284,EDGE-0007004,EV-CONTRACT-2026-7018
PHO-001534,PHO-000437,EDGE-0007005,EV-CONTRACT-2026-9716
PHO-001638,PHO-000159,EDGE-0007006,EV-CONTRACT-2026-1051
PHO-002667,PHO-002690,EDGE-0007007,EV-CONTRACT-2026-2687
PHO-002255,PHO-003949,EDGE-0007008,EV-CONTRACT-2026-3733
PHO-004923,PHO-000039,EDGE-0007009,EV-CONTRACT-2026-1255
PHO-001547,PHO-002939,EDGE-0007010,EV-CONTRACT-2026-3872
PHO-002361,PHO-002304,EDGE-0007011,EV-CONTRACT-2026-5818
PHO-002272,PHO-004357,EDGE-0007012,EV-CONTRACT-2026-5619
PHO-002506,PHO-002789,EDGE-0007013,EV-CONTRACT-2026-5243
PHO-002179,PHO-001676,EDGE-0007014,EV-CONTRACT-2026-1586
PHO-003611,PHO-001396,EDGE-0007015,EV-CONTRACT-2026-2435
PHO-000247,PHO-000206,EDGE-0007016,EV-CONTRACT-2026-8726
PHO-000743,PHO-002880,EDGE-0007017,EV-CONTRACT-2026-5710
PHO-002912,PHO-001265,EDGE-0007018,EV-CONTRACT-2026-9949
PHO-000269,PHO-003358,EDGE-0007019,EV-CONTRACT-2026-7210
PHO-002664,PHO-004636,EDGE-0007020,EV-CONTRACT-2026-2553
PHO-002269,PHO-003869,EDGE-0007021,EV-CONTRACT-2026-3550
PHO-000627,PHO-002611,EDGE-0007022,EV-CONTRACT-2026-9818
PHO-004680,PHO-001691,EDGE-0007023,EV-CONTRACT-2026-9148
PHO-001049,PHO-001510,EDGE-0007024,EV-CONTRACT-2026-2724
PHO-003851,PHO-003112,EDGE-0007025,EV-CONTRACT-2026-6173
PHO-002420,PHO-003323,EDGE-0007026,EV-CONTRACT-2026-6501
PHO-002583,PHO-000041,EDGE-0007027,EV-CONTRACT-2026-1149
PHO-004114,PHO-003964,EDGE-0007028,EV-CONTRACT-2026-8742
PHO-004217,PHO-003343,EDGE-0007029,EV-CONTRACT-2026-8647
PHO-001316,PHO-004863,EDGE-0007030,EV-CONTRACT-2026-6460
PHO-003141,PHO-003408,EDGE-0007031,EV-CONTRACT-2026-7259
PHO-001873,PHO-004078,EDGE-0007032,EV-CONTRACT-2026-2685
PHO-000203,PHO-003028,EDGE-0007033,EV-CONTRACT-2026-3783
PHO-003062,PHO-002802,EDGE-0007034,EV-CONTRACT-2026-5969
PHO-004592,PHO-000353,EDGE-0007035,EV-CONTRACT-2026-7749
PHO-002742,PHO-003002,EDGE-0007036,EV-CONTRACT-2026-8348
PHO-003292,PHO-003373,EDGE-0007037,EV-CONTRACT-2026-4354
PHO-001448,PHO-000198,EDGE-0007038,EV-CONTRACT-2026-1525
PHO-001823,PHO-002836,EDGE-0007039,EV-CONTRACT-2026-8031
PHO-003177,PHO-003841,EDGE-0007040,EV-CONTRACT-2026-1521
PHO-002521,PHO-003817,EDGE-0007041,EV-CONTRACT-2026-2516
PHO-001764,PHO-001333,EDGE-0007042,EV-CONTRACT-2026-9293
PHO-002097,PHO-002102,EDGE-0007043,EV-CONTRACT-2026-2516
PHO-001137,PHO-001662,EDGE-0007044,EV-CONTRACT-2026-9697
PHO-000055,PHO-000109,EDGE-0007045,EV-CONTRACT-2026-3296
PHO-003260,PHO-002501,EDGE-0007046,EV-CONTRACT-2026-2418
PHO-002404,PHO-001651,EDGE-0007047,EV-CONTRACT-2026-1080
PHO-003028,PHO-001487,EDGE-0007048,EV-CONTRACT-2026-5356
PHO-002983,PHO-003059,EDGE-0007049,EV-CONTRACT-2026-6738
PHO-000851,PHO-003072,EDGE-0007050,EV-CONTRACT-2026-1657
PHO-004476,PHO-001153,EDGE-0007051,EV-CONTRACT-2026-2444
PHO-002164,PHO-001602,EDGE-0007052,EV-CONTRACT-2026-6883
PHO-001949,PHO-003684,EDGE-0007053,EV-CONTRACT-2026-5517
PHO-001646,PHO-003602,EDGE-0007054,EV-CONTRACT-2026-6475
PHO-002320,PHO-004259,EDGE-0007055,EV-CONTRACT-2026-8029
PHO-003508,PHO-003700,EDGE-0007056,EV-CONTRACT-2026-6677
PHO-003656,PHO-000283,EDGE-0007057,EV-CONTRACT-2026-5786
PHO-004386,PHO-001563,EDGE-0007058,EV-CONTRACT-2026-7389
PHO-004460,PHO-000397,EDGE-0007059,EV-CONTRACT-2026-8829
PHO-004024,PHO-001298,EDGE-0007060,EV-CONTRACT-2026-3776
PHO-000258,PHO-004930,EDGE-0007061,EV-CONTRACT-2026-7130
PHO-004787,PHO-000952,EDGE-0007062,EV-CONTRACT-2026-1435
PHO-000265,PHO-003137,EDGE-0007063,EV-CONTRACT-2026-8263
PHO-003521,PHO-003860,EDGE-0007064,EV-CONTRACT-2026-6219
PHO-004570,PHO-000832,EDGE-0007065,EV-CONTRACT-2026-6105
PHO-004703,PHO-000798,EDGE-0007066,EV-CONTRACT-2026-3611
PHO-000081,PHO-003106,EDGE-0007067,EV-CONTRACT-2026-3078
PHO-003334,PHO-001544,EDGE-0007068,EV-CONTRACT-2026-2309
PHO-002784,PHO-000357,EDGE-0007069,EV-CONTRACT-2026-9613
PHO-003198,PHO-003757,EDGE-0007070,EV-CONTRACT-2026-3517
PHO-004223,PHO-003366,EDGE-0007071,EV-CONTRACT-2026-1137
PHO-003120,PHO-001919,EDGE-0007072,EV-CONTRACT-2026-3431
PHO-000321,PHO-003008,EDGE-0007073,EV-CONTRACT-2026-5499
PHO-003890,PHO-001471,EDGE-0007074,EV-CONTRACT-2026-2950
PHO-001394,PHO-002827,EDGE-0007075,EV-CONTRACT-2026-8397
PHO-003680,PHO-000974,EDGE-0007076,EV-CONTRACT-2026-1689
PHO-001652,PHO-000630,EDGE-0007077,EV-CONTRACT-2026-8003
PHO-000479,PHO-003232,EDGE-0007078,EV-CONTRACT-2026-8956
PHO-001095,PHO-003097,EDGE-0007079,EV-CONTRACT-2026-2503
PHO-002868,PHO-001805,EDGE-0007080,EV-CONTRACT-2026-7625
PHO-001261,PHO-001443,EDGE-0007081,EV-CONTRACT-2026-4698
PHO-001761,PHO-001716,EDGE-0007082,EV-CONTRACT-2026-4824
PHO-002239,PHO-004132,EDGE-0007083,EV-CONTRACT-2026-1010
PHO-003117,PHO-000333,EDGE-0007084,EV-CONTRACT-2026-5659
PHO-004350,PHO-000519,EDGE-0007085,EV-CONTRACT-2026-4823
PHO-001944,PHO-004029,EDGE-0007086,EV-CONTRACT-2026-8609
PHO-004811,PHO-003067,EDGE-0007087,EV-CONTRACT-2026-6375
PHO-001625,PHO-000960,EDGE-0007088,EV-CONTRACT-2026-2446
PHO-004057,PHO-001778,EDGE-0007089,EV-CONTRACT-2026-8674
PHO-000252,PHO-004999,EDGE-0007090,EV-CONTRACT-2026-9201
PHO-000822,PHO-003598,EDGE-0007091,EV-CONTRACT-2026-4106
PHO-002243,PHO-004735,EDGE-0007092,EV-CONTRACT-2026-2265
PHO-000125,PHO-000403,EDGE-0007093,EV-CONTRACT-2026-7238
PHO-003797,PHO-003958,EDGE-0007094,EV-CONTRACT-2026-5076
PHO-003164,PHO-001296,EDGE-0007095,EV-CONTRACT-2026-9680
PHO-003343,PHO-000208,EDGE-0007096,EV-CONTRACT-2026-5452
PHO-002557,PHO-002805,EDGE-0007097,EV-CONTRACT-2026-2083
PHO-002600,PHO-004925,EDGE-0007098,EV-CONTRACT-2026-4196
PHO-002871,PHO-002709,EDGE-0007099,EV-CONTRACT-2026-9111
PHO-000699,PHO-002263,EDGE-0007100,EV-CONTRACT-2026-3354
PHO-002577,PHO-000689,EDGE-0007101,EV-CONTRACT-2026-9721
PHO-000961,PHO-003716,EDGE-0007102,EV-CONTRACT-2026-5986
PHO-001698,PHO-002642,EDGE-0007103,EV-CONTRACT-2026-5634
PHO-003705,PHO-003979,EDGE-0007104,EV-CONTRACT-2026-7043
PHO-003744,PHO-002852,EDGE-0007105,EV-CONTRACT-2026-2528
PHO-001239,PHO-001952,EDGE-0007106,EV-CONTRACT-2026-6110
PHO-003694,PHO-002816,EDGE-0007107,EV-CONTRACT-2026-5688
PHO-000380,PHO-004800,EDGE-0007108,EV-CONTRACT-2026-2500
PHO-001839,PHO-001290,EDGE-0007109,EV-CONTRACT-2026-8289
PHO-002921,PHO-000194,EDGE-0007110,EV-CONTRACT-2026-8135
PHO-000126,PHO-004486,EDGE-0007111,EV-CONTRACT-2026-5912
PHO-002042,PHO-000110,EDGE-0007112,EV-CONTRACT-2026-8043
PHO-002631,PHO-003628,EDGE-0007113,EV-CONTRACT-2026-7928
PHO-001395,PHO-000585,EDGE-0007114,EV-CONTRACT-2026-6914
PHO-000808,PHO-002376,EDGE-0007115,EV-CONTRACT-2026-9659
PHO-000102,PHO-001450,EDGE-0007116,EV-CONTRACT-2026-2637
PHO-001862,PHO-003270,EDGE-0007117,EV-CONTRACT-2026-1911
PHO-002357,PHO-003090,EDGE-0007118,EV-CONTRACT-2026-7837
PHO-003955,PHO-002984,EDGE-0007119,EV-CONTRACT-2026-9939
PHO-004622,PHO-000996,EDGE-0007120,EV-CONTRACT-2026-4475
PHO-002457,PHO-004361,EDGE-0007121,EV-CONTRACT-2026-2959
PHO-002538,PHO-004696,EDGE-0007122,EV-CONTRACT-2026-6719
PHO-002441,PHO-004742,EDGE-0007123,EV-CONTRACT-2026-1882
PHO-001099,PHO-004523,EDGE-0007124,EV-CONTRACT-2026-9850
PHO-002833,PHO-000065,EDGE-0007125,EV-CONTRACT-2026-4594
PHO-000599,PHO-000169,EDGE-0007126,EV-CONTRACT-2026-1730
PHO-002368,PHO-004973,EDGE-0007127,EV-CONTRACT-2026-6625
PHO-003100,PHO-000141,EDGE-0007128,EV-CONTRACT-2026-8368
PHO-002908,PHO-003368,EDGE-0007129,EV-CONTRACT-2026-6451
PHO-004310,PHO-000898,EDGE-0007130,EV-CONTRACT-2026-6922
PHO-000650,PHO-000320,EDGE-0007131,EV-CONTRACT-2026-6147
PHO-002055,PHO-003767,EDGE-0007132,EV-CONTRACT-2026-3288
PHO-003329,PHO-000443,EDGE-0007133,EV-CONTRACT-2026-7321
PHO-000832,PHO-002553,EDGE-0007134,EV-CONTRACT-2026-2360
PHO-004449,PHO-002794,EDGE-0007135,EV-CONTRACT-2026-2039
PHO-000058,PHO-002605,EDGE-0007136,EV-CONTRACT-2026-1783
PHO-003561,PHO-003210,EDGE-0007137,EV-CONTRACT-2026-5867
PHO-003309,PHO-003635,EDGE-0007138,EV-CONTRACT-2026-7683
PHO-004890,PHO-002623,EDGE-0007139,EV-CONTRACT-2026-8454
PHO-001554,PHO-000959,EDGE-0007140,EV-CONTRACT-2026-9221
PHO-003524,PHO-001200,EDGE-0007141,EV-CONTRACT-2026-6420
PHO-000233,PHO-004777,EDGE-0007142,EV-CONTRACT-2026-8876
PHO-003824,PHO-000810,EDGE-0007143,EV-CONTRACT-2026-2801
PHO-003768,PHO-003202,EDGE-0007144,EV-CONTRACT-2026-5378
PHO-003863,PHO-002152,EDGE-0007145,EV-CONTRACT-2026-9734
PHO-002429,PHO-003534,EDGE-0007146,EV-CONTRACT-2026-7324
PHO-004109,PHO-004097,EDGE-0007147,EV-CONTRACT-2026-9429
PHO-001696,PHO-001147,EDGE-0007148,EV-CONTRACT-2026-5647
PHO-004872,PHO-000740,EDGE-0007149,EV-CONTRACT-2026-6572
PHO-002842,PHO-002329,EDGE-0007150,EV-CONTRACT-2026-5809
PHO-001458,PHO-003485,EDGE-0007151,EV-CONTRACT-2026-3189
PHO-000174,PHO-001105,EDGE-0007152,EV-CONTRACT-2026-3502
PHO-000632,PHO-000480,EDGE-0007153,EV-CONTRACT-2026-8166
PHO-002713,PHO-000319,EDGE-0007154,EV-CONTRACT-2026-1055
PHO-003051,PHO-002674,EDGE-0007155,EV-CONTRACT-2026-1868
PHO-001882,PHO-000454,EDGE-0007156,EV-CONTRACT-2026-1045
PHO-002102,PHO-000992,EDGE-0007157,EV-CONTRACT-2026-2116
PHO-002982,PHO-001464,EDGE-0007158,EV-CONTRACT-2026-1684
PHO-002704,PHO-003084,EDGE-0007159,EV-CONTRACT-2026-6185
PHO-002413,PHO-001484,EDGE-0007160,EV-CONTRACT-2026-7890
PHO-001058,PHO-003948,EDGE-0007161,EV-CONTRACT-2026-1719
PHO-004991,PHO-000892,EDGE-0007162,EV-CONTRACT-2026-9841
PHO-001503,PHO-000692,EDGE-0007163,EV-CONTRACT-2026-9906
PHO-003577,PHO-000816,EDGE-0007164,EV-CONTRACT-2026-8797
PHO-001923,PHO-001236,EDGE-0007165,EV-CONTRACT-2026-1936
PHO-001685,PHO-003849,EDGE-0007166,EV-CONTRACT-2026-5647
PHO-003950,PHO-002921,EDGE-0007167,EV-CONTRACT-2026-4233
PHO-003030,PHO-001358,EDGE-0007168,EV-CONTRACT-2026-9743
PHO-004381,PHO-002081,EDGE-0007169,EV-CONTRACT-2026-7292
PHO-003507,PHO-001936,EDGE-0007170,EV-CONTRACT-2026-6593
PHO-001228,PHO-003164,EDGE-0007171,EV-CONTRACT-2026-7174
PHO-003586,PHO-003802,EDGE-0007172,EV-CONTRACT-2026-6747
PHO-000136,PHO-001288,EDGE-0007173,EV-CONTRACT-2026-5746
PHO-001032,PHO-004686,EDGE-0007174,EV-CONTRACT-2026-1760
PHO-003383,PHO-003348,EDGE-0007175,EV-CONTRACT-2026-3573
PHO-003828,PHO-001163,EDGE-0007176,EV-CONTRACT-2026-7365
PHO-000623,PHO-000554,EDGE-0007177,EV-CONTRACT-2026-5077
PHO-002109,PHO-002272,EDGE-0007178,EV-CONTRACT-2026-1634
PHO-001219,PHO-004700,EDGE-0007179,EV-CONTRACT-2026-7375
PHO-004195,PHO-004076,EDGE-0007180,EV-CONTRACT-2026-8016
PHO-001491,PHO-004583,EDGE-0007181,EV-CONTRACT-2026-4117
PHO-001196,PHO-004247,EDGE-0007182,EV-CONTRACT-2026-7071
PHO-002421,PHO-002464,EDGE-0007183,EV-CONTRACT-2026-8044
PHO-003565,PHO-004155,EDGE-0007184,EV-CONTRACT-2026-1184
PHO-000937,PHO-004487,EDGE-0007185,EV-CONTRACT-2026-9043
PHO-002300,PHO-004509,EDGE-0007186,EV-CONTRACT-2026-2406
PHO-003837,PHO-003455,EDGE-0007187,EV-CONTRACT-2026-1834
PHO-001873,PHO-000585,EDGE-0007188,EV-CONTRACT-2026-5485
PHO-001890,PHO-000961,EDGE-0007189,EV-CONTRACT-2026-7171
PHO-000255,PHO-000655,EDGE-0007190,EV-CONTRACT-2026-4650
PHO-004276,PHO-000494,EDGE-0007191,EV-CONTRACT-2026-6528
PHO-000162,PHO-004649,EDGE-0007192,EV-CONTRACT-2026-8305
PHO-002143,PHO-002219,EDGE-0007193,EV-CONTRACT-2026-9035
PHO-001238,PHO-004260,EDGE-0007194,EV-CONTRACT-2026-8253
PHO-001540,PHO-003381,EDGE-0007195,EV-CONTRACT-2026-2812
PHO-000492,PHO-004716,EDGE-0007196,EV-CONTRACT-2026-8158
PHO-003442,PHO-000051,EDGE-0007197,EV-CONTRACT-2026-3113
PHO-000161,PHO-004107,EDGE-0007198,EV-CONTRACT-2026-7427
PHO-002106,PHO-002758,EDGE-0007199,EV-CONTRACT-2026-2406
PHO-000240,PHO-001778,EDGE-0007200,EV-CONTRACT-2026-4531
PHO-002556,PHO-000362,EDGE-0007201,EV-CONTRACT-2026-7612
PHO-004550,PHO-000956,EDGE-0007202,EV-CONTRACT-2026-7731
PHO-002921,PHO-001205,EDGE-0007203,EV-CONTRACT-2026-7535
PHO-004495,PHO-001010,EDGE-0007204,EV-CONTRACT-2026-2933
PHO-000918,PHO-003062,EDGE-0007205,EV-CONTRACT-2026-2912
PHO-000431,PHO-003428,EDGE-0007206,EV-CONTRACT-2026-9270
PHO-000888,PHO-000818,EDGE-0007207,EV-CONTRACT-2026-3682
PHO-001524,PHO-001194,EDGE-0007208,EV-CONTRACT-2026-3814
PHO-001846,PHO-004168,EDGE-0007209,EV-CONTRACT-2026-5713
PHO-004225,PHO-002724,EDGE-0007210,EV-CONTRACT-2026-8982
PHO-004790,PHO-003040,EDGE-0007211,EV-CONTRACT-2026-9339
PHO-005000,PHO-000546,EDGE-0007212,EV-CONTRACT-2026-1666
PHO-001957,PHO-004241,EDGE-0007213,EV-CONTRACT-2026-4167
PHO-001160,PHO-004331,EDGE-0007214,EV-CONTRACT-2026-8148
PHO-000649,PHO-002612,EDGE-0007215,EV-CONTRACT-2026-2847
PHO-002679,PHO-003034,EDGE-0007216,EV-CONTRACT-2026-6145
PHO-000476,PHO-001116,EDGE-0007217,EV-CONTRACT-2026-8770
PHO-004118,PHO-004039,EDGE-0007218,EV-CONTRACT-2026-6293
PHO-004878,PHO-002933,EDGE-0007219,EV-CONTRACT-2026-6265
PHO-000114,PHO-004936,EDGE-0007220,EV-CONTRACT-2026-7459
PHO-004828,PHO-002093,EDGE-0007221,EV-CONTRACT-2026-4840
PHO-001514,PHO-001821,EDGE-0007222,EV-CONTRACT-2026-1295
PHO-001623,PHO-003520,EDGE-0007223,EV-CONTRACT-2026-3215
PHO-003376,PHO-001456,EDGE-0007224,EV-CONTRACT-2026-5791
PHO-001374,PHO-000216,EDGE-0007225,EV-CONTRACT-2026-1910
PHO-003740,PHO-002637,EDGE-0007226,EV-CONTRACT-2026-5426
PHO-004822,PHO-002172,EDGE-0007227,EV-CONTRACT-2026-1181
PHO-003078,PHO-001525,EDGE-0007228,EV-CONTRACT-2026-4771
PHO-001611,PHO-003666,EDGE-0007229,EV-CONTRACT-2026-7069
PHO-003440,PHO-003312,EDGE-0007230,EV-CONTRACT-2026-4677
PHO-003585,PHO-004910,EDGE-0007231,EV-CONTRACT-2026-3421
PHO-000751,PHO-004904,EDGE-0007232,EV-CONTRACT-2026-4245
PHO-000632,PHO-002725,EDGE-0007233,EV-CONTRACT-2026-1625
PHO-002346,PHO-004180,EDGE-0007234,EV-CONTRACT-2026-7992
PHO-002495,PHO-004394,EDGE-0007235,EV-CONTRACT-2026-8766
PHO-000884,PHO-001135,EDGE-0007236,EV-CONTRACT-2026-5297
PHO-002035,PHO-001578,EDGE-0007237,EV-CONTRACT-2026-2516
PHO-004379,PHO-002534,EDGE-0007238,EV-CONTRACT-2026-8133
PHO-004460,PHO-003857,EDGE-0007239,EV-CONTRACT-2026-7672
PHO-002569,PHO-003685,EDGE-0007240,EV-CONTRACT-2026-5535
PHO-004159,PHO-004267,EDGE-0007241,EV-CONTRACT-2026-2355
PHO-000467,PHO-001078,EDGE-0007242,EV-CONTRACT-2026-9360
PHO-000543,PHO-004647,EDGE-0007243,EV-CONTRACT-2026-7540
PHO-001004,PHO-000151,EDGE-0007244,EV-CONTRACT-2026-8512
PHO-001667,PHO-001455,EDGE-0007245,EV-CONTRACT-2026-9387
PHO-001753,PHO-003370,EDGE-0007246,EV-CONTRACT-2026-1470
PHO-000704,PHO-000627,EDGE-0007247,EV-CONTRACT-2026-4040
PHO-003100,PHO-001360,EDGE-0007248,EV-CONTRACT-2026-1151
PHO-002116,PHO-003267,EDGE-0007249,EV-CONTRACT-2026-1541
PHO-004745,PHO-000123,EDGE-0007250,EV-CONTRACT-2026-6229
PHO-001861,PHO-004398,EDGE-0007251,EV-CONTRACT-2026-2277
PHO-000692,PHO-000729,EDGE-0007252,EV-CONTRACT-2026-4777
PHO-002006,PHO-002317,EDGE-0007253,EV-CONTRACT-2026-5802
PHO-002877,PHO-004588,EDGE-0007254,EV-CONTRACT-2026-8116
PHO-004282,PHO-000847,EDGE-0007255,EV-CONTRACT-2026-8751
PHO-002966,PHO-003739,EDGE-0007256,EV-CONTRACT-2026-4770
PHO-001109,PHO-002550,EDGE-0007257,EV-CONTRACT-2026-2832
PHO-001960,PHO-002086,EDGE-0007258,EV-CONTRACT-2026-5703
PHO-004025,PHO-002836,EDGE-0007259,EV-CONTRACT-2026-3308
PHO-002572,PHO-000562,EDGE-0007260,EV-CONTRACT-2026-2623
PHO-001902,PHO-004378,EDGE-0007261,EV-CONTRACT-2026-8762
PHO-004361,PHO-000120,EDGE-0007262,EV-CONTRACT-2026-3213
PHO-000292,PHO-000238,EDGE-0007263,EV-CONTRACT-2026-7061
PHO-002088,PHO-004559,EDGE-0007264,EV-CONTRACT-2026-8745
PHO-001023,PHO-000911,EDGE-0007265,EV-CONTRACT-2026-9256
PHO-001840,PHO-000952,EDGE-0007266,EV-CONTRACT-2026-5887
PHO-000142,PHO-001451,EDGE-0007267,EV-CONTRACT-2026-8519
PHO-004258,PHO-001928,EDGE-0007268,EV-CONTRACT-2026-9437
PHO-002164,PHO-002006,EDGE-0007269,EV-CONTRACT-2026-5095
PHO-001133,PHO-002737,EDGE-0007270,EV-CONTRACT-2026-9891
PHO-000304,PHO-000978,EDGE-0007271,EV-CONTRACT-2026-6204
PHO-004782,PHO-002125,EDGE-0007272,EV-CONTRACT-2026-1500
PHO-003179,PHO-001324,EDGE-0007273,EV-CONTRACT-2026-3054
PHO-002482,PHO-004955,EDGE-0007274,EV-CONTRACT-2026-2613
PHO-001076,PHO-004641,EDGE-0007275,EV-CONTRACT-2026-8416
PHO-004428,PHO-002647,EDGE-0007276,EV-CONTRACT-2026-7892
PHO-004676,PHO-004223,EDGE-0007277,EV-CONTRACT-2026-3078
PHO-003699,PHO-000964,EDGE-0007278,EV-CONTRACT-2026-8379
PHO-001626,PHO-000813,EDGE-0007279,EV-CONTRACT-2026-6572
PHO-000971,PHO-002156,EDGE-0007280,EV-CONTRACT-2026-1719
PHO-003996,PHO-003571,EDGE-0007281,EV-CONTRACT-2026-3463
PHO-003393,PHO-004993,EDGE-0007282,EV-CONTRACT-2026-5928
PHO-000361,PHO-004052,EDGE-0007283,EV-CONTRACT-2026-9794
PHO-003153,PHO-001091,EDGE-0007284,EV-CONTRACT-2026-2718
PHO-004015,PHO-001526,EDGE-0007285,EV-CONTRACT-2026-4013
PHO-004340,PHO-002043,EDGE-0007286,EV-CONTRACT-2026-7132
PHO-002988,PHO-003725,EDGE-0007287,EV-CONTRACT-2026-1374
PHO-003570,PHO-004625,EDGE-0007288,EV-CONTRACT-2026-9013
PHO-002371,PHO-001239,EDGE-0007289,EV-CONTRACT-2026-8990
PHO-000263,PHO-001894,EDGE-0007290,EV-CONTRACT-2026-8054
PHO-001200,PHO-003904,EDGE-0007291,EV-CONTRACT-2026-5873
PHO-000632,PHO-001043,EDGE-0007292,EV-CONTRACT-2026-7812
PHO-000743,PHO-002239,EDGE-0007293,EV-CONTRACT-2026-1565
PHO-003527,PHO-002942,EDGE-0007294,EV-CONTRACT-2026-1515
PHO-004872,PHO-003420,EDGE-0007295,EV-CONTRACT-2026-4893
PHO-001943,PHO-000596,EDGE-0007296,EV-CONTRACT-2026-9218
PHO-003755,PHO-001831,EDGE-0007297,EV-CONTRACT-2026-7519
PHO-002010,PHO-001767,EDGE-0007298,EV-CONTRACT-2026-3874
PHO-003606,PHO-003881,EDGE-0007299,EV-CONTRACT-2026-5945
PHO-003303,PHO-002880,EDGE-0007300,EV-CONTRACT-2026-8060
PHO-002404,PHO-004791,EDGE-0007301,EV-CONTRACT-2026-8824
PHO-003670,PHO-002540,EDGE-0007302,EV-CONTRACT-2026-9757
PHO-001608,PHO-002514,EDGE-0007303,EV-CONTRACT-2026-4257
PHO-000539,PHO-002491,EDGE-0007304,EV-CONTRACT-2026-4802
PHO-004339,PHO-001606,EDGE-0007305,EV-CONTRACT-2026-6284
PHO-000730,PHO-000138,EDGE-0007306,EV-CONTRACT-2026-3174
PHO-002195,PHO-002501,EDGE-0007307,EV-CONTRACT-2026-5807
PHO-004432,PHO-003873,EDGE-0007308,EV-CONTRACT-2026-2374
PHO-004294,PHO-004482,EDGE-0007309,EV-CONTRACT-2026-2173
PHO-002700,PHO-004221,EDGE-0007310,EV-CONTRACT-2026-5706
PHO-000177,PHO-004056,EDGE-0007311,EV-CONTRACT-2026-6264
PHO-000320,PHO-002689,EDGE-0007312,EV-CONTRACT-2026-1493
PHO-001513,PHO-004129,EDGE-0007313,EV-CONTRACT-2026-5914
PHO-002191,PHO-004967,EDGE-0007314,EV-CONTRACT-2026-2753
PHO-000916,PHO-000041,EDGE-0007315,EV-CONTRACT-2026-9518
PHO-002825,PHO-000606,EDGE-0007316,EV-CONTRACT-2026-1540
PHO-004860,PHO-002780,EDGE-0007317,EV-CONTRACT-2026-2563
PHO-001712,PHO-000147,EDGE-0007318,EV-CONTRACT-2026-7775
PHO-003945,PHO-001456,EDGE-0007319,EV-CONTRACT-2026-3531
PHO-003682,PHO-001325,EDGE-0007320,EV-CONTRACT-2026-2529
PHO-003751,PHO-001393,EDGE-0007321,EV-CONTRACT-2026-7801
PHO-003608,PHO-003640,EDGE-0007322,EV-CONTRACT-2026-3732
PHO-000893,PHO-003258,EDGE-0007323,EV-CONTRACT-2026-5042
PHO-004770,PHO-002826,EDGE-0007324,EV-CONTRACT-2026-7283
PHO-000082,PHO-000097,EDGE-0007325,EV-CONTRACT-2026-4965
PHO-002724,PHO-002546,EDGE-0007326,EV-CONTRACT-2026-4094
PHO-000349,PHO-000464,EDGE-0007327,EV-CONTRACT-2026-7068
PHO-004065,PHO-001616,EDGE-0007328,EV-CONTRACT-2026-5629
PHO-003255,PHO-000361,EDGE-0007329,EV-CONTRACT-2026-8305
PHO-003392,PHO-003845,EDGE-0007330,EV-CONTRACT-2026-7556
PHO-003863,PHO-003859,EDGE-0007331,EV-CONTRACT-2026-2823
PHO-001463,PHO-002099,EDGE-0007332,EV-CONTRACT-2026-3627
PHO-000858,PHO-002520,EDGE-0007333,EV-CONTRACT-2026-5385
PHO-002999,PHO-002983,EDGE-0007334,EV-CONTRACT-2026-2606
PHO-000961,PHO-002921,EDGE-0007335,EV-CONTRACT-2026-2905
PHO-000533,PHO-000846,EDGE-0007336,EV-CONTRACT-2026-2321
PHO-001631,PHO-000802,EDGE-0007337,EV-CONTRACT-2026-8595
PHO-000259,PHO-000312,EDGE-0007338,EV-CONTRACT-2026-9724
PHO-001667,PHO-002508,EDGE-0007339,EV-CONTRACT-2026-2227
PHO-002208,PHO-002557,EDGE-0007340,EV-CONTRACT-2026-5410
PHO-004365,PHO-001393,EDGE-0007341,EV-CONTRACT-2026-4329
PHO-000932,PHO-000595,EDGE-0007342,EV-CONTRACT-2026-6705
PHO-004580,PHO-002397,EDGE-0007343,EV-CONTRACT-2026-8727
PHO-004082,PHO-001773,EDGE-0007344,EV-CONTRACT-2026-3631
PHO-002895,PHO-001351,EDGE-0007345,EV-CONTRACT-2026-2538
PHO-003715,PHO-004410,EDGE-0007346,EV-CONTRACT-2026-3053
PHO-002916,PHO-001108,EDGE-0007347,EV-CONTRACT-2026-4870
PHO-002955,PHO-004801,EDGE-0007348,EV-CONTRACT-2026-1070
PHO-002351,PHO-000325,EDGE-0007349,EV-CONTRACT-2026-8699
PHO-004152,PHO-004165,EDGE-0007350,EV-CONTRACT-2026-1945
PHO-004762,PHO-000691,EDGE-0007351,EV-CONTRACT-2026-3150
PHO-003049,PHO-000382,EDGE-0007352,EV-CONTRACT-2026-5641
PHO-001816,PHO-003398,EDGE-0007353,EV-CONTRACT-2026-6444
PHO-002514,PHO-000259,EDGE-0007354,EV-CONTRACT-2026-1387
PHO-000931,PHO-003896,EDGE-0007355,EV-CONTRACT-2026-8501
PHO-003023,PHO-002163,EDGE-0007356,EV-CONTRACT-2026-1025
PHO-000837,PHO-004682,EDGE-0007357,EV-CONTRACT-2026-1954
PHO-004595,PHO-001109,EDGE-0007358,EV-CONTRACT-2026-4214
PHO-004928,PHO-000069,EDGE-0007359,EV-CONTRACT-2026-5929
PHO-003411,PHO-003634,EDGE-0007360,EV-CONTRACT-2026-8577
PHO-004585,PHO-001427,EDGE-0007361,EV-CONTRACT-2026-6522
PHO-004351,PHO-004902,EDGE-0007362,EV-CONTRACT-2026-4533
PHO-003401,PHO-000626,EDGE-0007363,EV-CONTRACT-2026-9732
PHO-003291,PHO-001265,EDGE-0007364,EV-CONTRACT-2026-6769
PHO-000835,PHO-001003,EDGE-0007365,EV-CONTRACT-2026-1689
PHO-001403,PHO-004724,EDGE-0007366,EV-CONTRACT-2026-5839
PHO-002942,PHO-004178,EDGE-0007367,EV-CONTRACT-2026-7061
PHO-002724,PHO-001289,EDGE-0007368,EV-CONTRACT-2026-8360
PHO-004658,PHO-004407,EDGE-0007369,EV-CONTRACT-2026-8019
PHO-002390,PHO-003099,EDGE-0007370,EV-CONTRACT-2026-6518
PHO-000120,PHO-003029,EDGE-0007371,EV-CONTRACT-2026-5487
PHO-001113,PHO-003146,EDGE-0007372,EV-CONTRACT-2026-1598
PHO-004340,PHO-004121,EDGE-0007373,EV-CONTRACT-2026-7131
PHO-000842,PHO-003087,EDGE-0007374,EV-CONTRACT-2026-9731
PHO-001271,PHO-004489,EDGE-0007375,EV-CONTRACT-2026-6752
PHO-002277,PHO-003768,EDGE-0007376,EV-CONTRACT-2026-6699
PHO-003351,PHO-001310,EDGE-0007377,EV-CONTRACT-2026-6526
PHO-004477,PHO-002925,EDGE-0007378,EV-CONTRACT-2026-3237
PHO-004193,PHO-000083,EDGE-0007379,EV-CONTRACT-2026-9947
PHO-002053,PHO-001194,EDGE-0007380,EV-CONTRACT-2026-9539
PHO-001780,PHO-001597,EDGE-0007381,EV-CONTRACT-2026-7095
PHO-001257,PHO-003060,EDGE-0007382,EV-CONTRACT-2026-7709
PHO-002701,PHO-001398,EDGE-0007383,EV-CONTRACT-2026-4813
PHO-004090,PHO-002287,EDGE-0007384,EV-CONTRACT-2026-8093
PHO-000008,PHO-000399,EDGE-0007385,EV-CONTRACT-2026-2527
PHO-004681,PHO-003167,EDGE-0007386,EV-CONTRACT-2026-1833
PHO-004874,PHO-004191,EDGE-0007387,EV-CONTRACT-2026-3683
PHO-002519,PHO-000616,EDGE-0007388,EV-CONTRACT-2026-2845
PHO-004979,PHO-004586,EDGE-0007389,EV-CONTRACT-2026-3548
PHO-000928,PHO-000466,EDGE-0007390,EV-CONTRACT-2026-6402
PHO-001993,PHO-004070,EDGE-0007391,EV-CONTRACT-2026-7538
PHO-002336,PHO-002853,EDGE-0007392,EV-CONTRACT-2026-6997
PHO-003212,PHO-002045,EDGE-0007393,EV-CONTRACT-2026-7909
PHO-004465,PHO-002477,EDGE-0007394,EV-CONTRACT-2026-8476
PHO-002497,PHO-003753,EDGE-0007395,EV-CONTRACT-2026-4274
PHO-003877,PHO-000599,EDGE-0007396,EV-CONTRACT-2026-3669
PHO-004077,PHO-004094,EDGE-0007397,EV-CONTRACT-2026-2599
PHO-001169,PHO-000577,EDGE-0007398,EV-CONTRACT-2026-5985
PHO-000789,PHO-003909,EDGE-0007399,EV-CONTRACT-2026-5471
PHO-000759,PHO-001681,EDGE-0007400,EV-CONTRACT-2026-9482
PHO-001590,PHO-000121,EDGE-0007401,EV-CONTRACT-2026-4225
PHO-002399,PHO-004118,EDGE-0007402,EV-CONTRACT-2026-2640
PHO-004938,PHO-003167,EDGE-0007403,EV-CONTRACT-2026-1800
PHO-001011,PHO-004319,EDGE-0007404,EV-CONTRACT-2026-7685
PHO-004973,PHO-003084,EDGE-0007405,EV-CONTRACT-2026-8792
PHO-002036,PHO-003618,EDGE-0007406,EV-CONTRACT-2026-1796
PHO-003681,PHO-003764,EDGE-0007407,EV-CONTRACT-2026-7275
PHO-003844,PHO-002407,EDGE-0007408,EV-CONTRACT-2026-8070
PHO-002247,PHO-003715,EDGE-0007409,EV-CONTRACT-2026-1018
PHO-002767,PHO-004271,EDGE-0007410,EV-CONTRACT-2026-5994
PHO-002911,PHO-004087,EDGE-0007411,EV-CONTRACT-2026-9023
PHO-000259,PHO-002842,EDGE-0007412,EV-CONTRACT-2026-4217
PHO-001256,PHO-003770,EDGE-0007413,EV-CONTRACT-2026-6401
PHO-003981,PHO-003608,EDGE-0007414,EV-CONTRACT-2026-3929
PHO-004093,PHO-002811,EDGE-0007415,EV-CONTRACT-2026-3202
PHO-000099,PHO-004528,EDGE-0007416,EV-CONTRACT-2026-3551
PHO-003049,PHO-000680,EDGE-0007417,EV-CONTRACT-2026-2898
PHO-002575,PHO-000218,EDGE-0007418,EV-CONTRACT-2026-2288
PHO-002843,PHO-003718,EDGE-0007419,EV-CONTRACT-2026-5210
PHO-002081,PHO-004909,EDGE-0007420,EV-CONTRACT-2026-7267
PHO-003490,PHO-004446,EDGE-0007421,EV-CONTRACT-2026-4265
PHO-000087,PHO-004424,EDGE-0007422,EV-CONTRACT-2026-1108
PHO-003741,PHO-004464,EDGE-0007423,EV-CONTRACT-2026-5942
PHO-000375,PHO-000622,EDGE-0007424,EV-CONTRACT-2026-9116
PHO-001870,PHO-003849,EDGE-0007425,EV-CONTRACT-2026-4327
PHO-004269,PHO-002509,EDGE-0007426,EV-CONTRACT-2026-2020
PHO-003699,PHO-000402,EDGE-0007427,EV-CONTRACT-2026-9350
PHO-002953,PHO-000387,EDGE-0007428,EV-CONTRACT-2026-5867
PHO-004994,PHO-002585,EDGE-0007429,EV-CONTRACT-2026-5944
PHO-002362,PHO-003635,EDGE-0007430,EV-CONTRACT-2026-6066
PHO-002311,PHO-003774,EDGE-0007431,EV-CONTRACT-2026-8994
PHO-000167,PHO-002356,EDGE-0007432,EV-CONTRACT-2026-4229
PHO-002762,PHO-001992,EDGE-0007433,EV-CONTRACT-2026-8432
PHO-001587,PHO-001413,EDGE-0007434,EV-CONTRACT-2026-3296
PHO-004758,PHO-002735,EDGE-0007435,EV-CONTRACT-2026-2790
PHO-004057,PHO-000756,EDGE-0007436,EV-CONTRACT-2026-4978
PHO-002324,PHO-000888,EDGE-0007437,EV-CONTRACT-2026-8492
PHO-003119,PHO-004356,EDGE-0007438,EV-CONTRACT-2026-1296
PHO-003568,PHO-001996,EDGE-0007439,EV-CONTRACT-2026-3109
PHO-002667,PHO-002438,EDGE-0007440,EV-CONTRACT-2026-8680
PHO-004099,PHO-002054,EDGE-0007441,EV-CONTRACT-2026-3243
PHO-001077,PHO-000335,EDGE-0007442,EV-CONTRACT-2026-1890
PHO-001595,PHO-002440,EDGE-0007443,EV-CONTRACT-2026-4139
PHO-002164,PHO-000800,EDGE-0007444,EV-CONTRACT-2026-5927
PHO-001374,PHO-001543,EDGE-0007445,EV-CONTRACT-2026-5024
PHO-000414,PHO-000104,EDGE-0007446,EV-CONTRACT-2026-5058
PHO-004423,PHO-003161,EDGE-0007447,EV-CONTRACT-2026-3702
PHO-000732,PHO-004118,EDGE-0007448,EV-CONTRACT-2026-3438
PHO-003199,PHO-001743,EDGE-0007449,EV-CONTRACT-2026-9156
PHO-004837,PHO-000180,EDGE-0007450,EV-CONTRACT-2026-3317
PHO-002453,PHO-001216,EDGE-0007451,EV-CONTRACT-2026-9414
PHO-002003,PHO-004730,EDGE-0007452,EV-CONTRACT-2026-3355
PHO-002624,PHO-002250,EDGE-0007453,EV-CONTRACT-2026-3350
PHO-001365,PHO-001184,EDGE-0007454,EV-CONTRACT-2026-7256
PHO-004293,PHO-004125,EDGE-0007455,EV-CONTRACT-2026-3625
PHO-003555,PHO-001400,EDGE-0007456,EV-CONTRACT-2026-9893
PHO-000128,PHO-003063,EDGE-0007457,EV-CONTRACT-2026-7285
PHO-002553,PHO-000448,EDGE-0007458,EV-CONTRACT-2026-6331
PHO-002751,PHO-001000,EDGE-0007459,EV-CONTRACT-2026-2653
PHO-000191,PHO-000899,EDGE-0007460,EV-CONTRACT-2026-2151
PHO-000888,PHO-004669,EDGE-0007461,EV-CONTRACT-2026-4494
PHO-002638,PHO-002614,EDGE-0007462,EV-CONTRACT-2026-7251
PHO-003201,PHO-004587,EDGE-0007463,EV-CONTRACT-2026-6071
PHO-002418,PHO-003098,EDGE-0007464,EV-CONTRACT-2026-3957
PHO-002604,PHO-000367,EDGE-0007465,EV-CONTRACT-2026-8651
PHO-000001,PHO-004388,EDGE-0007466,EV-CONTRACT-2026-6415
PHO-003555,PHO-001578,EDGE-0007467,EV-CONTRACT-2026-8177
PHO-004493,PHO-002042,EDGE-0007468,EV-CONTRACT-2026-2189
PHO-002276,PHO-004110,EDGE-0007469,EV-CONTRACT-2026-1784
PHO-003049,PHO-002638,EDGE-0007470,EV-CONTRACT-2026-5693
PHO-000939,PHO-003836,EDGE-0007471,EV-CONTRACT-2026-2459
PHO-004540,PHO-004863,EDGE-0007472,EV-CONTRACT-2026-1023
PHO-004149,PHO-001861,EDGE-0007473,EV-CONTRACT-2026-4480
PHO-000500,PHO-001268,EDGE-0007474,EV-CONTRACT-2026-6371
PHO-002439,PHO-004261,EDGE-0007475,EV-CONTRACT-2026-4961
PHO-004827,PHO-000872,EDGE-0007476,EV-CONTRACT-2026-4985
PHO-003920,PHO-002501,EDGE-0007477,EV-CONTRACT-2026-5749
PHO-002451,PHO-002496,EDGE-0007478,EV-CONTRACT-2026-7097
PHO-001806,PHO-001392,EDGE-0007479,EV-CONTRACT-2026-6989
PHO-002778,PHO-003425,EDGE-0007480,EV-CONTRACT-2026-7874
PHO-000867,PHO-004119,EDGE-0007481,EV-CONTRACT-2026-1773
PHO-003154,PHO-001022,EDGE-0007482,EV-CONTRACT-2026-9157
PHO-001914,PHO-000449,EDGE-0007483,EV-CONTRACT-2026-9225
PHO-000401,PHO-000384,EDGE-0007484,EV-CONTRACT-2026-6643
PHO-003084,PHO-002397,EDGE-0007485,EV-CONTRACT-2026-8073
PHO-004436,PHO-000463,EDGE-0007486,EV-CONTRACT-2026-3764
PHO-003016,PHO-001256,EDGE-0007487,EV-CONTRACT-2026-1724
PHO-000607,PHO-004790,EDGE-0007488,EV-CONTRACT-2026-4860
PHO-001860,PHO-003596,EDGE-0007489,EV-CONTRACT-2026-1530
PHO-000909,PHO-004400,EDGE-0007490,EV-CONTRACT-2026-9882
PHO-002163,PHO-001190,EDGE-0007491,EV-CONTRACT-2026-9830
PHO-003618,PHO-002798,EDGE-0007492,EV-CONTRACT-2026-4055
PHO-001404,PHO-002626,EDGE-0007493,EV-CONTRACT-2026-6552
PHO-000277,PHO-001585,EDGE-0007494,EV-CONTRACT-2026-5228
PHO-000581,PHO-004516,EDGE-0007495,EV-CONTRACT-2026-1976
PHO-003855,PHO-000951,EDGE-0007496,EV-CONTRACT-2026-3899
PHO-002155,PHO-000190,EDGE-0007497,EV-CONTRACT-2026-7814
PHO-002873,PHO-002893,EDGE-0007498,EV-CONTRACT-2026-5320
PHO-003956,PHO-004419,EDGE-0007499,EV-CONTRACT-2026-1461
PHO-003021,PHO-002765,EDGE-0007500,EV-CONTRACT-2026-2407
PHO-003132,PHO-001110,EDGE-0007501,EV-CONTRACT-2026-2384
PHO-003461,PHO-003383,EDGE-0007502,EV-CONTRACT-2026-9798
PHO-000090,PHO-000182,EDGE-0007503,EV-CONTRACT-2026-1144
PHO-003216,PHO-002392,EDGE-0007504,EV-CONTRACT-2026-2772
PHO-002424,PHO-000091,EDGE-0007505,EV-CONTRACT-2026-2004
PHO-002452,PHO-001325,EDGE-0007506,EV-CONTRACT-2026-4219
PHO-001363,PHO-004592,EDGE-0007507,EV-CONTRACT-2026-1709
PHO-003662,PHO-003200,EDGE-0007508,EV-CONTRACT-2026-1514
PHO-004421,PHO-000520,EDGE-0007509,EV-CONTRACT-2026-9770
PHO-004184,PHO-001832,EDGE-0007510,EV-CONTRACT-2026-8415
PHO-000874,PHO-004615,EDGE-0007511,EV-CONTRACT-2026-1600
PHO-004341,PHO-003831,EDGE-0007512,EV-CONTRACT-2026-7992
PHO-004351,PHO-004704,EDGE-0007513,EV-CONTRACT-2026-9937
PHO-000561,PHO-002644,EDGE-0007514,EV-CONTRACT-2026-7546
PHO-004002,PHO-001509,EDGE-0007515,EV-CONTRACT-2026-9458
PHO-004083,PHO-001189,EDGE-0007516,EV-CONTRACT-2026-1579
PHO-003480,PHO-000924,EDGE-0007517,EV-CONTRACT-2026-9493
PHO-004010,PHO-002656,EDGE-0007518,EV-CONTRACT-2026-4812
PHO-003555,PHO-001554,EDGE-0007519,EV-CONTRACT-2026-3013
PHO-004329,PHO-000059,EDGE-0007520,EV-CONTRACT-2026-9916
PHO-002957,PHO-002356,EDGE-0007521,EV-CONTRACT-2026-7062
PHO-002465,PHO-004077,EDGE-0007522,EV-CONTRACT-2026-7256
PHO-003856,PHO-003082,EDGE-0007523,EV-CONTRACT-2026-9757
PHO-004275,PHO-002372,EDGE-0007524,EV-CONTRACT-2026-6000
PHO-004796,PHO-001960,EDGE-0007525,EV-CONTRACT-2026-5956
PHO-001816,PHO-001388,EDGE-0007526,EV-CONTRACT-2026-5328
PHO-003076,PHO-004831,EDGE-0007527,EV-CONTRACT-2026-5306
PHO-002705,PHO-000565,EDGE-0007528,EV-CONTRACT-2026-3270
PHO-004719,PHO-004433,EDGE-0007529,EV-CONTRACT-2026-5104
PHO-001859,PHO-003656,EDGE-0007530,EV-CONTRACT-2026-2634
PHO-003119,PHO-001897,EDGE-0007531,EV-CONTRACT-2026-1634
PHO-001097,PHO-002486,EDGE-0007532,EV-CONTRACT-2026-4417
PHO-004470,PHO-003366,EDGE-0007533,EV-CONTRACT-2026-1635
PHO-001876,PHO-000889,EDGE-0007534,EV-CONTRACT-2026-4944
PHO-001643,PHO-000141,EDGE-0007535,EV-CONTRACT-2026-8012
PHO-002596,PHO-004376,EDGE-0007536,EV-CONTRACT-2026-8596
PHO-001755,PHO-004959,EDGE-0007537,EV-CONTRACT-2026-2044
PHO-001247,PHO-002936,EDGE-0007538,EV-CONTRACT-2026-2311
PHO-001801,PHO-000905,EDGE-0007539,EV-CONTRACT-2026-8346
PHO-002227,PHO-002304,EDGE-0007540,EV-CONTRACT-2026-8194
PHO-004510,PHO-000272,EDGE-0007541,EV-CONTRACT-2026-8686
PHO-004272,PHO-001189,EDGE-0007542,EV-CONTRACT-2026-6156
PHO-000391,PHO-002062,EDGE-0007543,EV-CONTRACT-2026-6419
PHO-002599,PHO-003081,EDGE-0007544,EV-CONTRACT-2026-5040
PHO-004112,PHO-000322,EDGE-0007545,EV-CONTRACT-2026-1683
PHO-002525,PHO-001625,EDGE-0007546,EV-CONTRACT-2026-9617
PHO-003219,PHO-001068,EDGE-0007547,EV-CONTRACT-2026-1995
PHO-001501,PHO-002322,EDGE-0007548,EV-CONTRACT-2026-3451
PHO-004212,PHO-000696,EDGE-0007549,EV-CONTRACT-2026-7470
PHO-003379,PHO-002965,EDGE-0007550,EV-CONTRACT-2026-9146
PHO-002074,PHO-000992,EDGE-0007551,EV-CONTRACT-2026-3213
PHO-002584,PHO-001140,EDGE-0007552,EV-CONTRACT-2026-3624
PHO-004204,PHO-004222,EDGE-0007553,EV-CONTRACT-2026-7842
PHO-004430,PHO-001433,EDGE-0007554,EV-CONTRACT-2026-1431
PHO-004652,PHO-000022,EDGE-0007555,EV-CONTRACT-2026-2760
PHO-003378,PHO-004856,EDGE-0007556,EV-CONTRACT-2026-5289
PHO-000827,PHO-002890,EDGE-0007557,EV-CONTRACT-2026-2047
PHO-002296,PHO-003377,EDGE-0007558,EV-CONTRACT-2026-4186
PHO-003797,PHO-001245,EDGE-0007559,EV-CONTRACT-2026-5969
PHO-001692,PHO-004712,EDGE-0007560,EV-CONTRACT-2026-9111
PHO-004403,PHO-004066,EDGE-0007561,EV-CONTRACT-2026-8701
PHO-001784,PHO-002467,EDGE-0007562,EV-CONTRACT-2026-5357
PHO-000771,PHO-003455,EDGE-0007563,EV-CONTRACT-2026-3777
PHO-004842,PHO-004082,EDGE-0007564,EV-CONTRACT-2026-1225
PHO-004246,PHO-002923,EDGE-0007565,EV-CONTRACT-2026-8180
PHO-002101,PHO-004919,EDGE-0007566,EV-CONTRACT-2026-7259
PHO-004492,PHO-003774,EDGE-0007567,EV-CONTRACT-2026-4363
PHO-003660,PHO-004449,EDGE-0007568,EV-CONTRACT-2026-9074
PHO-002113,PHO-000705,EDGE-0007569,EV-CONTRACT-2026-5408
PHO-004709,PHO-002038,EDGE-0007570,EV-CONTRACT-2026-4830
PHO-001502,PHO-000371,EDGE-0007571,EV-CONTRACT-2026-2864
PHO-002149,PHO-000120,EDGE-0007572,EV-CONTRACT-2026-5107
PHO-001167,PHO-004730,EDGE-0007573,EV-CONTRACT-2026-5219
PHO-000112,PHO-000920,EDGE-0007574,EV-CONTRACT-2026-3726
PHO-002106,PHO-001252,EDGE-0007575,EV-CONTRACT-2026-9690
PHO-003715,PHO-001079,EDGE-0007576,EV-CONTRACT-2026-7150
PHO-000983,PHO-003942,EDGE-0007577,EV-CONTRACT-2026-1060
PHO-003101,PHO-003144,EDGE-0007578,EV-CONTRACT-2026-2816
PHO-004838,PHO-000542,EDGE-0007579,EV-CONTRACT-2026-8155
PHO-000119,PHO-003387,EDGE-0007580,EV-CONTRACT-2026-8147
PHO-002754,PHO-001208,EDGE-0007581,EV-CONTRACT-2026-6376
PHO-000710,PHO-000400,EDGE-0007582,EV-CONTRACT-2026-7878
PHO-004125,PHO-002624,EDGE-0007583,EV-CONTRACT-2026-5441
PHO-001303,PHO-002233,EDGE-0007584,EV-CONTRACT-2026-4794
PHO-002439,PHO-002734,EDGE-0007585,EV-CONTRACT-2026-8002
PHO-001376,PHO-000965,EDGE-0007586,EV-CONTRACT-2026-8978
PHO-002426,PHO-002432,EDGE-0007587,EV-CONTRACT-2026-3657
PHO-001336,PHO-000388,EDGE-0007588,EV-CONTRACT-2026-6490
PHO-001745,PHO-000502,EDGE-0007589,EV-CONTRACT-2026-2342
PHO-003426,PHO-002581,EDGE-0007590,EV-CONTRACT-2026-1485
PHO-000656,PHO-003534,EDGE-0007591,EV-CONTRACT-2026-8656
PHO-002900,PHO-000540,EDGE-0007592,EV-CONTRACT-2026-1630
PHO-003918,PHO-004471,EDGE-0007593,EV-CONTRACT-2026-2018
PHO-003014,PHO-003191,EDGE-0007594,EV-CONTRACT-2026-3481
PHO-003851,PHO-000746,EDGE-0007595,EV-CONTRACT-2026-5911
PHO-004401,PHO-004370,EDGE-0007596,EV-CONTRACT-2026-5753
PHO-004087,PHO-004354,EDGE-0007597,EV-CONTRACT-2026-2159
PHO-001620,PHO-003128,EDGE-0007598,EV-CONTRACT-2026-8262
PHO-003799,PHO-000064,EDGE-0007599,EV-CONTRACT-2026-9263
PHO-004739,PHO-001992,EDGE-0007600,EV-CONTRACT-2026-4090
PHO-003577,PHO-003306,EDGE-0007601,EV-CONTRACT-2026-3746
PHO-000999,PHO-004642,EDGE-0007602,EV-CONTRACT-2026-9578
PHO-001260,PHO-001235,EDGE-0007603,EV-CONTRACT-2026-1407
PHO-004862,PHO-002824,EDGE-0007604,EV-CONTRACT-2026-7955
PHO-002406,PHO-002745,EDGE-0007605,EV-CONTRACT-2026-8921
PHO-004546,PHO-004726,EDGE-0007606,EV-CONTRACT-2026-5549
PHO-002574,PHO-003450,EDGE-0007607,EV-CONTRACT-2026-9048
PHO-003310,PHO-003814,EDGE-0007608,EV-CONTRACT-2026-1380
PHO-000837,PHO-003921,EDGE-0007609,EV-CONTRACT-2026-2006
PHO-000788,PHO-002108,EDGE-0007610,EV-CONTRACT-2026-9958
PHO-001128,PHO-002151,EDGE-0007611,EV-CONTRACT-2026-5493
PHO-004752,PHO-003638,EDGE-0007612,EV-CONTRACT-2026-8694
PHO-004935,PHO-002672,EDGE-0007613,EV-CONTRACT-2026-5533
PHO-004654,PHO-002809,EDGE-0007614,EV-CONTRACT-2026-6851
PHO-000204,PHO-000716,EDGE-0007615,EV-CONTRACT-2026-7231
PHO-002418,PHO-002565,EDGE-0007616,EV-CONTRACT-2026-5847
PHO-000388,PHO-000439,EDGE-0007617,EV-CONTRACT-2026-3737
PHO-004601,PHO-004002,EDGE-0007618,EV-CONTRACT-2026-1870
PHO-003027,PHO-004451,EDGE-0007619,EV-CONTRACT-2026-7830
PHO-003562,PHO-001006,EDGE-0007620,EV-CONTRACT-2026-9405
PHO-003209,PHO-002554,EDGE-0007621,EV-CONTRACT-2026-7614
PHO-001932,PHO-000010,EDGE-0007622,EV-CONTRACT-2026-3042
PHO-001884,PHO-001171,EDGE-0007623,EV-CONTRACT-2026-2098
PHO-000386,PHO-001009,EDGE-0007624,EV-CONTRACT-2026-3035
PHO-004596,PHO-003264,EDGE-0007625,EV-CONTRACT-2026-6563
PHO-003105,PHO-001643,EDGE-0007626,EV-CONTRACT-2026-4895
PHO-002140,PHO-000412,EDGE-0007627,EV-CONTRACT-2026-6353
PHO-001388,PHO-001828,EDGE-0007628,EV-CONTRACT-2026-9060
PHO-001772,PHO-002880,EDGE-0007629,EV-CONTRACT-2026-8071
PHO-000426,PHO-003993,EDGE-0007630,EV-CONTRACT-2026-1490
PHO-002737,PHO-000418,EDGE-0007631,EV-CONTRACT-2026-3701
PHO-000262,PHO-000115,EDGE-0007632,EV-CONTRACT-2026-3786
PHO-001151,PHO-003903,EDGE-0007633,EV-CONTRACT-2026-4430
PHO-003198,PHO-002679,EDGE-0007634,EV-CONTRACT-2026-2291
PHO-003883,PHO-002960,EDGE-0007635,EV-CONTRACT-2026-8123
PHO-004127,PHO-004848,EDGE-0007636,EV-CONTRACT-2026-8344
PHO-000994,PHO-004505,EDGE-0007637,EV-CONTRACT-2026-4649
PHO-003719,PHO-003305,EDGE-0007638,EV-CONTRACT-2026-6402
PHO-002397,PHO-002050,EDGE-0007639,EV-CONTRACT-2026-6250
PHO-003201,PHO-004855,EDGE-0007640,EV-CONTRACT-2026-2979
PHO-002868,PHO-000239,EDGE-0007641,EV-CONTRACT-2026-6083
PHO-000626,PHO-003993,EDGE-0007642,EV-CONTRACT-2026-1635
PHO-004246,PHO-002316,EDGE-0007643,EV-CONTRACT-2026-8417
PHO-001148,PHO-000794,EDGE-0007644,EV-CONTRACT-2026-7153
PHO-000365,PHO-003427,EDGE-0007645,EV-CONTRACT-2026-7498
PHO-001860,PHO-004793,EDGE-0007646,EV-CONTRACT-2026-9211
PHO-002963,PHO-004506,EDGE-0007647,EV-CONTRACT-2026-8617
PHO-003612,PHO-002730,EDGE-0007648,EV-CONTRACT-2026-6270
PHO-001018,PHO-000959,EDGE-0007649,EV-CONTRACT-2026-1333
PHO-001942,PHO-000459,EDGE-0007650,EV-CONTRACT-2026-7883
PHO-001572,PHO-004100,EDGE-0007651,EV-CONTRACT-2026-1528
PHO-001682,PHO-001374,EDGE-0007652,EV-CONTRACT-2026-4369
PHO-003552,PHO-000947,EDGE-0007653,EV-CONTRACT-2026-2488
PHO-001033,PHO-004677,EDGE-0007654,EV-CONTRACT-2026-9398
PHO-001338,PHO-003570,EDGE-0007655,EV-CONTRACT-2026-1721
PHO-003655,PHO-004317,EDGE-0007656,EV-CONTRACT-2026-8369
PHO-001247,PHO-003964,EDGE-0007657,EV-CONTRACT-2026-9823
PHO-001006,PHO-000982,EDGE-0007658,EV-CONTRACT-2026-3809
PHO-002165,PHO-002704,EDGE-0007659,EV-CONTRACT-2026-9957
PHO-002116,PHO-000953,EDGE-0007660,EV-CONTRACT-2026-7404
PHO-004525,PHO-000233,EDGE-0007661,EV-CONTRACT-2026-7802
PHO-000303,PHO-003796,EDGE-0007662,EV-CONTRACT-2026-8424
PHO-004396,PHO-001058,EDGE-0007663,EV-CONTRACT-2026-4983
PHO-002335,PHO-003515,EDGE-0007664,EV-CONTRACT-2026-9609
PHO-001087,PHO-000498,EDGE-0007665,EV-CONTRACT-2026-2087
PHO-000973,PHO-002798,EDGE-0007666,EV-CONTRACT-2026-5014
PHO-003699,PHO-000833,EDGE-0007667,EV-CONTRACT-2026-5560
PHO-003531,PHO-003446,EDGE-0007668,EV-CONTRACT-2026-2086
PHO-000121,PHO-004792,EDGE-0007669,EV-CONTRACT-2026-6733
PHO-001562,PHO-002612,EDGE-0007670,EV-CONTRACT-2026-1018
PHO-001654,PHO-004918,EDGE-0007671,EV-CONTRACT-2026-3374
PHO-003353,PHO-000955,EDGE-0007672,EV-CONTRACT-2026-8909
PHO-001031,PHO-001672,EDGE-0007673,EV-CONTRACT-2026-3467
PHO-002923,PHO-002627,EDGE-0007674,EV-CONTRACT-2026-6235
PHO-004244,PHO-000485,EDGE-0007675,EV-CONTRACT-2026-8619
PHO-004373,PHO-000084,EDGE-0007676,EV-CONTRACT-2026-6075
PHO-003253,PHO-001217,EDGE-0007677,EV-CONTRACT-2026-9301
PHO-000239,PHO-003857,EDGE-0007678,EV-CONTRACT-2026-3327
PHO-000538,PHO-004855,EDGE-0007679,EV-CONTRACT-2026-4589
PHO-000362,PHO-001899,EDGE-0007680,EV-CONTRACT-2026-6546
PHO-004110,PHO-000602,EDGE-0007681,EV-CONTRACT-2026-5604
PHO-001808,PHO-004693,EDGE-0007682,EV-CONTRACT-2026-5123
PHO-002133,PHO-003032,EDGE-0007683,EV-CONTRACT-2026-9257
PHO-001856,PHO-001530,EDGE-0007684,EV-CONTRACT-2026-4149
PHO-003214,PHO-002928,EDGE-0007685,EV-CONTRACT-2026-2930
PHO-003262,PHO-000170,EDGE-0007686,EV-CONTRACT-2026-3048
PHO-001742,PHO-001618,EDGE-0007687,EV-CONTRACT-2026-2589
PHO-000982,PHO-003449,EDGE-0007688,EV-CONTRACT-2026-2562
PHO-004798,PHO-003040,EDGE-0007689,EV-CONTRACT-2026-7767
PHO-002288,PHO-003998,EDGE-0007690,EV-CONTRACT-2026-1064
PHO-000474,PHO-004178,EDGE-0007691,EV-CONTRACT-2026-8412
PHO-004440,PHO-000740,EDGE-0007692,EV-CONTRACT-2026-1244
PHO-004002,PHO-002396,EDGE-0007693,EV-CONTRACT-2026-1908
PHO-001786,PHO-000611,EDGE-0007694,EV-CONTRACT-2026-9042
PHO-003457,PHO-000194,EDGE-0007695,EV-CONTRACT-2026-3688
PHO-001219,PHO-001817,EDGE-0007696,EV-CONTRACT-2026-3483
PHO-001086,PHO-004064,EDGE-0007697,EV-CONTRACT-2026-9289
PHO-000988,PHO-004965,EDGE-0007698,EV-CONTRACT-2026-5857
PHO-001007,PHO-004072,EDGE-0007699,EV-CONTRACT-2026-3125
PHO-004656,PHO-003653,EDGE-0007700,EV-CONTRACT-2026-1965
PHO-003232,PHO-003574,EDGE-0007701,EV-CONTRACT-2026-3543
PHO-003262,PHO-004082,EDGE-0007702,EV-CONTRACT-2026-8901
PHO-003380,PHO-001512,EDGE-0007703,EV-CONTRACT-2026-4663
PHO-003433,PHO-002993,EDGE-0007704,EV-CONTRACT-2026-2814
PHO-003846,PHO-004127,EDGE-0007705,EV-CONTRACT-2026-4852
PHO-000138,PHO-003148,EDGE-0007706,EV-CONTRACT-2026-2909
PHO-000102,PHO-003468,EDGE-0007707,EV-CONTRACT-2026-1792
PHO-002665,PHO-003496,EDGE-0007708,EV-CONTRACT-2026-4539
PHO-002764,PHO-003538,EDGE-0007709,EV-CONTRACT-2026-6198
PHO-001940,PHO-002478,EDGE-0007710,EV-CONTRACT-2026-1897
PHO-001551,PHO-003851,EDGE-0007711,EV-CONTRACT-2026-4656
PHO-003333,PHO-002379,EDGE-0007712,EV-CONTRACT-2026-7457
PHO-005000,PHO-002798,EDGE-0007713,EV-CONTRACT-2026-4352
PHO-000927,PHO-001790,EDGE-0007714,EV-CONTRACT-2026-4717
PHO-004723,PHO-002387,EDGE-0007715,EV-CONTRACT-2026-5522
PHO-000383,PHO-000614,EDGE-0007716,EV-CONTRACT-2026-8339
PHO-003540,PHO-004849,EDGE-0007717,EV-CONTRACT-2026-2976
PHO-003812,PHO-001551,EDGE-0007718,EV-CONTRACT-2026-6080
PHO-003132,PHO-001198,EDGE-0007719,EV-CONTRACT-2026-6149
PHO-000259,PHO-004509,EDGE-0007720,EV-CONTRACT-2026-4335
PHO-001147,PHO-004437,EDGE-0007721,EV-CONTRACT-2026-7063
PHO-004554,PHO-000243,EDGE-0007722,EV-CONTRACT-2026-1467
PHO-002108,PHO-000370,EDGE-0007723,EV-CONTRACT-2026-9524
PHO-001095,PHO-000403,EDGE-0007724,EV-CONTRACT-2026-5998
PHO-004269,PHO-003914,EDGE-0007725,EV-CONTRACT-2026-9389
PHO-001079,PHO-004050,EDGE-0007726,EV-CONTRACT-2026-5239
PHO-003335,PHO-004821,EDGE-0007727,EV-CONTRACT-2026-7944
PHO-004713,PHO-002540,EDGE-0007728,EV-CONTRACT-2026-5102
PHO-003311,PHO-003674,EDGE-0007729,EV-CONTRACT-2026-3904
PHO-003690,PHO-004074,EDGE-0007730,EV-CONTRACT-2026-6596
PHO-001683,PHO-003228,EDGE-0007731,EV-CONTRACT-2026-7893
PHO-001369,PHO-003462,EDGE-0007732,EV-CONTRACT-2026-9642
PHO-002330,PHO-002738,EDGE-0007733,EV-CONTRACT-2026-9657
PHO-002102,PHO-000142,EDGE-0007734,EV-CONTRACT-2026-1718
PHO-000228,PHO-003231,EDGE-0007735,EV-CONTRACT-2026-5084
PHO-000811,PHO-004613,EDGE-0007736,EV-CONTRACT-2026-1133
PHO-002729,PHO-004070,EDGE-0007737,EV-CONTRACT-2026-7555
PHO-003669,PHO-000893,EDGE-0007738,EV-CONTRACT-2026-7003
PHO-004433,PHO-002924,EDGE-0007739,EV-CONTRACT-2026-6928
PHO-002206,PHO-004054,EDGE-0007740,EV-CONTRACT-2026-1350
PHO-002961,PHO-001786,EDGE-0007741,EV-CONTRACT-2026-2460
PHO-000452,PHO-004927,EDGE-0007742,EV-CONTRACT-2026-1315
PHO-000722,PHO-004352,EDGE-0007743,EV-CONTRACT-2026-9631
PHO-004556,PHO-002356,EDGE-0007744,EV-CONTRACT-2026-6296
PHO-004818,PHO-001919,EDGE-0007745,EV-CONTRACT-2026-5712
PHO-003321,PHO-002817,EDGE-0007746,EV-CONTRACT-2026-3826
PHO-000680,PHO-000399,EDGE-0007747,EV-CONTRACT-2026-5248
PHO-001363,PHO-001707,EDGE-0007748,EV-CONTRACT-2026-5945
PHO-002657,PHO-002829,EDGE-0007749,EV-CONTRACT-2026-1067
PHO-004735,PHO-002214,EDGE-0007750,EV-CONTRACT-2026-9617
PHO-004575,PHO-003124,EDGE-0007751,EV-CONTRACT-2026-5856
PHO-004110,PHO-000329,EDGE-0007752,EV-CONTRACT-2026-1923
PHO-003942,PHO-000654,EDGE-0007753,EV-CONTRACT-2026-1702
PHO-002017,PHO-003970,EDGE-0007754,EV-CONTRACT-2026-7911
PHO-002361,PHO-003678,EDGE-0007755,EV-CONTRACT-2026-3722
PHO-003864,PHO-004833,EDGE-0007756,EV-CONTRACT-2026-1546
PHO-002007,PHO-004153,EDGE-0007757,EV-CONTRACT-2026-8572
PHO-002556,PHO-002660,EDGE-0007758,EV-CONTRACT-2026-5531
PHO-004948,PHO-004911,EDGE-0007759,EV-CONTRACT-2026-1174
PHO-002316,PHO-004943,EDGE-0007760,EV-CONTRACT-2026-4719
PHO-002758,PHO-004355,EDGE-0007761,EV-CONTRACT-2026-6203
PHO-001056,PHO-003320,EDGE-0007762,EV-CONTRACT-2026-4686
PHO-000082,PHO-000137,EDGE-0007763,EV-CONTRACT-2026-9335
PHO-003836,PHO-000953,EDGE-0007764,EV-CONTRACT-2026-6591
PHO-003538,PHO-000400,EDGE-0007765,EV-CONTRACT-2026-9927
PHO-004871,PHO-004584,EDGE-0007766,EV-CONTRACT-2026-8132
PHO-002615,PHO-003710,EDGE-0007767,EV-CONTRACT-2026-9033
PHO-003889,PHO-002654,EDGE-0007768,EV-CONTRACT-2026-1916
PHO-000421,PHO-000334,EDGE-0007769,EV-CONTRACT-2026-3106
PHO-001691,PHO-002380,EDGE-0007770,EV-CONTRACT-2026-5945
PHO-002946,PHO-003699,EDGE-0007771,EV-CONTRACT-2026-2117
PHO-004585,PHO-002168,EDGE-0007772,EV-CONTRACT-2026-2827
PHO-000282,PHO-002446,EDGE-0007773,EV-CONTRACT-2026-4387
PHO-001159,PHO-002639,EDGE-0007774,EV-CONTRACT-2026-3843
PHO-003531,PHO-004740,EDGE-0007775,EV-CONTRACT-2026-3210
PHO-001379,PHO-003150,EDGE-0007776,EV-CONTRACT-2026-1369
PHO-002588,PHO-004937,EDGE-0007777,EV-CONTRACT-2026-6694
PHO-001699,PHO-000533,EDGE-0007778,EV-CONTRACT-2026-6615
PHO-003194,PHO-000443,EDGE-0007779,EV-CONTRACT-2026-1246
PHO-003435,PHO-004612,EDGE-0007780,EV-CONTRACT-2026-9074
PHO-001269,PHO-000166,EDGE-0007781,EV-CONTRACT-2026-3316
PHO-003979,PHO-003985,EDGE-0007782,EV-CONTRACT-2026-2399
PHO-000720,PHO-004484,EDGE-0007783,EV-CONTRACT-2026-3121
PHO-003362,PHO-001999,EDGE-0007784,EV-CONTRACT-2026-7527
PHO-002449,PHO-000457,EDGE-0007785,EV-CONTRACT-2026-6424
PHO-000372,PHO-002426,EDGE-0007786,EV-CONTRACT-2026-8215
PHO-001361,PHO-001095,EDGE-0007787,EV-CONTRACT-2026-3079
PHO-003236,PHO-001518,EDGE-0007788,EV-CONTRACT-2026-5497
PHO-001705,PHO-002332,EDGE-0007789,EV-CONTRACT-2026-6555
PHO-002344,PHO-003482,EDGE-0007790,EV-CONTRACT-2026-6709
PHO-004025,PHO-004777,EDGE-0007791,EV-CONTRACT-2026-2721
PHO-000574,PHO-001149,EDGE-0007792,EV-CONTRACT-2026-9173
PHO-002355,PHO-004822,EDGE-0007793,EV-CONTRACT-2026-2344
PHO-004335,PHO-002083,EDGE-0007794,EV-CONTRACT-2026-5097
PHO-003731,PHO-002242,EDGE-0007795,EV-CONTRACT-2026-3302
PHO-000258,PHO-000831,EDGE-0007796,EV-CONTRACT-2026-5009
PHO-004984,PHO-004382,EDGE-0007797,EV-CONTRACT-2026-3426
PHO-003283,PHO-004221,EDGE-0007798,EV-CONTRACT-2026-6034
PHO-001572,PHO-004492,EDGE-0007799,EV-CONTRACT-2026-9950
PHO-001564,PHO-003544,EDGE-0007800,EV-CONTRACT-2026-3325
PHO-002633,PHO-004781,EDGE-0007801,EV-CONTRACT-2026-7917
PHO-000631,PHO-004326,EDGE-0007802,EV-CONTRACT-2026-7939
PHO-004682,PHO-004492,EDGE-0007803,EV-CONTRACT-2026-5835
PHO-004111,PHO-000813,EDGE-0007804,EV-CONTRACT-2026-8068
PHO-002784,PHO-004817,EDGE-0007805,EV-CONTRACT-2026-8207
PHO-001963,PHO-003606,EDGE-0007806,EV-CONTRACT-2026-4469
PHO-004447,PHO-000478,EDGE-0007807,EV-CONTRACT-2026-2179
PHO-000960,PHO-004689,EDGE-0007808,EV-CONTRACT-2026-7599
PHO-001452,PHO-001736,EDGE-0007809,EV-CONTRACT-2026-8385
PHO-000204,PHO-001953,EDGE-0007810,EV-CONTRACT-2026-9524
PHO-004634,PHO-001469,EDGE-0007811,EV-CONTRACT-2026-5292
PHO-001150,PHO-002962,EDGE-0007812,EV-CONTRACT-2026-8372
PHO-001743,PHO-001669,EDGE-0007813,EV-CONTRACT-2026-9553
PHO-004614,PHO-004530,EDGE-0007814,EV-CONTRACT-2026-5024
PHO-000478,PHO-001648,EDGE-0007815,EV-CONTRACT-2026-8066
PHO-004788,PHO-004804,EDGE-0007816,EV-CONTRACT-2026-5074
PHO-004742,PHO-004131,EDGE-0007817,EV-CONTRACT-2026-2855
PHO-004565,PHO-004137,EDGE-0007818,EV-CONTRACT-2026-6921
PHO-003119,PHO-003480,EDGE-0007819,EV-CONTRACT-2026-6943
PHO-002545,PHO-003000,EDGE-0007820,EV-CONTRACT-2026-1853
PHO-001588,PHO-004508,EDGE-0007821,EV-CONTRACT-2026-9330
PHO-002980,PHO-000866,EDGE-0007822,EV-CONTRACT-2026-9984
PHO-003548,PHO-002318,EDGE-0007823,EV-CONTRACT-2026-3801
PHO-001761,PHO-003162,EDGE-0007824,EV-CONTRACT-2026-1838
PHO-003025,PHO-003377,EDGE-0007825,EV-CONTRACT-2026-8290
PHO-003996,PHO-000935,EDGE-0007826,EV-CONTRACT-2026-5166
PHO-003582,PHO-002826,EDGE-0007827,EV-CONTRACT-2026-7361
PHO-001082,PHO-004073,EDGE-0007828,EV-CONTRACT-2026-6711
PHO-002715,PHO-000272,EDGE-0007829,EV-CONTRACT-2026-4805
PHO-004431,PHO-003945,EDGE-0007830,EV-CONTRACT-2026-2120
PHO-001277,PHO-000381,EDGE-0007831,EV-CONTRACT-2026-5233
PHO-000069,PHO-003757,EDGE-0007832,EV-CONTRACT-2026-3733
PHO-002064,PHO-001134,EDGE-0007833,EV-CONTRACT-2026-6249
PHO-000273,PHO-002767,EDGE-0007834,EV-CONTRACT-2026-7170
PHO-000179,PHO-001192,EDGE-0007835,EV-CONTRACT-2026-9107
PHO-003129,PHO-002151,EDGE-0007836,EV-CONTRACT-2026-5715
PHO-000506,PHO-002615,EDGE-0007837,EV-CONTRACT-2026-6641
PHO-001465,PHO-000800,EDGE-0007838,EV-CONTRACT-2026-9004
PHO-002355,PHO-000548,EDGE-0007839,EV-CONTRACT-2026-6975
PHO-000254,PHO-000078,EDGE-0007840,EV-CONTRACT-2026-2385
PHO-004109,PHO-003690,EDGE-0007841,EV-CONTRACT-2026-8193
PHO-000190,PHO-004660,EDGE-0007842,EV-CONTRACT-2026-2807
PHO-002386,PHO-001870,EDGE-0007843,EV-CONTRACT-2026-5942
PHO-002312,PHO-000696,EDGE-0007844,EV-CONTRACT-2026-7758
PHO-000635,PHO-004938,EDGE-0007845,EV-CONTRACT-2026-8479
PHO-001840,PHO-003810,EDGE-0007846,EV-CONTRACT-2026-3559
PHO-002793,PHO-004430,EDGE-0007847,EV-CONTRACT-2026-7339
PHO-002083,PHO-003736,EDGE-0007848,EV-CONTRACT-2026-2772
PHO-004361,PHO-001484,EDGE-0007849,EV-CONTRACT-2026-3464
PHO-003718,PHO-003387,EDGE-0007850,EV-CONTRACT-2026-5036
PHO-004771,PHO-003697,EDGE-0007851,EV-CONTRACT-2026-6912
PHO-001855,PHO-003767,EDGE-0007852,EV-CONTRACT-2026-8519
PHO-004029,PHO-003552,EDGE-0007853,EV-CONTRACT-2026-3556
PHO-003624,PHO-001184,EDGE-0007854,EV-CONTRACT-2026-7141
PHO-001785,PHO-003785,EDGE-0007855,EV-CONTRACT-2026-3027
PHO-003105,PHO-003649,EDGE-0007856,EV-CONTRACT-2026-3010
PHO-001256,PHO-003874,EDGE-0007857,EV-CONTRACT-2026-1572
PHO-003862,PHO-003609,EDGE-0007858,EV-CONTRACT-2026-1108
PHO-000031,PHO-003985,EDGE-0007859,EV-CONTRACT-2026-6194
PHO-002375,PHO-000721,EDGE-0007860,EV-CONTRACT-2026-6051
PHO-002325,PHO-002410,EDGE-0007861,EV-CONTRACT-2026-7612
PHO-000755,PHO-004800,EDGE-0007862,EV-CONTRACT-2026-5872
PHO-001123,PHO-004731,EDGE-0007863,EV-CONTRACT-2026-6676
PHO-002655,PHO-001905,EDGE-0007864,EV-CONTRACT-2026-6075
PHO-002260,PHO-003986,EDGE-0007865,EV-CONTRACT-2026-7448
PHO-002506,PHO-004757,EDGE-0007866,EV-CONTRACT-2026-3610
PHO-000063,PHO-004728,EDGE-0007867,EV-CONTRACT-2026-5875
PHO-004111,PHO-002044,EDGE-0007868,EV-CONTRACT-2026-4288
PHO-001000,PHO-002639,EDGE-0007869,EV-CONTRACT-2026-1355
PHO-000255,PHO-004659,EDGE-0007870,EV-CONTRACT-2026-1060
PHO-000520,PHO-000133,EDGE-0007871,EV-CONTRACT-2026-8888
PHO-003855,PHO-000085,EDGE-0007872,EV-CONTRACT-2026-9665
PHO-002705,PHO-000342,EDGE-0007873,EV-CONTRACT-2026-2546
PHO-003589,PHO-001977,EDGE-0007874,EV-CONTRACT-2026-4598
PHO-000044,PHO-004118,EDGE-0007875,EV-CONTRACT-2026-6869
PHO-001553,PHO-001850,EDGE-0007876,EV-CONTRACT-2026-3397
PHO-002342,PHO-001787,EDGE-0007877,EV-CONTRACT-2026-8817
PHO-002369,PHO-003751,EDGE-0007878,EV-CONTRACT-2026-4410
PHO-000058,PHO-000732,EDGE-0007879,EV-CONTRACT-2026-8994
PHO-004461,PHO-003643,EDGE-0007880,EV-CONTRACT-2026-4860
PHO-000442,PHO-002199,EDGE-0007881,EV-CONTRACT-2026-5800
PHO-001141,PHO-004224,EDGE-0007882,EV-CONTRACT-2026-8547
PHO-000018,PHO-001786,EDGE-0007883,EV-CONTRACT-2026-8118
PHO-001250,PHO-002140,EDGE-0007884,EV-CONTRACT-2026-1880
PHO-004229,PHO-003726,EDGE-0007885,EV-CONTRACT-2026-9125
PHO-001723,PHO-001533,EDGE-0007886,EV-CONTRACT-2026-1772
PHO-000674,PHO-001922,EDGE-0007887,EV-CONTRACT-2026-2025
PHO-002698,PHO-003367,EDGE-0007888,EV-CONTRACT-2026-9035
PHO-001853,PHO-000400,EDGE-0007889,EV-CONTRACT-2026-6072
PHO-002708,PHO-002299,EDGE-0007890,EV-CONTRACT-2026-6086
PHO-000111,PHO-000466,EDGE-0007891,EV-CONTRACT-2026-4033
PHO-000843,PHO-002488,EDGE-0007892,EV-CONTRACT-2026-2334
PHO-000029,PHO-002999,EDGE-0007893,EV-CONTRACT-2026-1232
PHO-002151,PHO-001598,EDGE-0007894,EV-CONTRACT-2026-2045
PHO-000779,PHO-004189,EDGE-0007895,EV-CONTRACT-2026-4220
PHO-003199,PHO-001553,EDGE-0007896,EV-CONTRACT-2026-1940
PHO-003245,PHO-001607,EDGE-0007897,EV-CONTRACT-2026-2272
PHO-001663,PHO-004167,EDGE-0007898,EV-CONTRACT-2026-2578
PHO-001768,PHO-004839,EDGE-0007899,EV-CONTRACT-2026-7844
PHO-000338,PHO-004946,EDGE-0007900,EV-CONTRACT-2026-2403
PHO-003504,PHO-001704,EDGE-0007901,EV-CONTRACT-2026-4878
PHO-001214,PHO-002386,EDGE-0007902,EV-CONTRACT-2026-9023
PHO-001591,PHO-004014,EDGE-0007903,EV-CONTRACT-2026-3021
PHO-003165,PHO-000678,EDGE-0007904,EV-CONTRACT-2026-3117
PHO-004867,PHO-000942,EDGE-0007905,EV-CONTRACT-2026-7868
PHO-004931,PHO-000299,EDGE-0007906,EV-CONTRACT-2026-4902
PHO-003419,PHO-004356,EDGE-0007907,EV-CONTRACT-2026-2622
PHO-000559,PHO-004135,EDGE-0007908,EV-CONTRACT-2026-3072
PHO-001309,PHO-000179,EDGE-0007909,EV-CONTRACT-2026-8363
PHO-004295,PHO-003961,EDGE-0007910,EV-CONTRACT-2026-5861
PHO-004009,PHO-001879,EDGE-0007911,EV-CONTRACT-2026-6678
PHO-002713,PHO-003878,EDGE-0007912,EV-CONTRACT-2026-9809
PHO-002361,PHO-001277,EDGE-0007913,EV-CONTRACT-2026-9831
PHO-002018,PHO-000030,EDGE-0007914,EV-CONTRACT-2026-8790
PHO-004172,PHO-002600,EDGE-0007915,EV-CONTRACT-2026-5474
PHO-003456,PHO-000049,EDGE-0007916,EV-CONTRACT-2026-3823
PHO-000197,PHO-003001,EDGE-0007917,EV-CONTRACT-2026-4188
PHO-002586,PHO-001024,EDGE-0007918,EV-CONTRACT-2026-6259
PHO-003941,PHO-002690,EDGE-0007919,EV-CONTRACT-2026-3849
PHO-001471,PHO-003576,EDGE-0007920,EV-CONTRACT-2026-6570
PHO-003228,PHO-001158,EDGE-0007921,EV-CONTRACT-2026-7081
PHO-003359,PHO-004431,EDGE-0007922,EV-CONTRACT-2026-6229
PHO-003123,PHO-002313,EDGE-0007923,EV-CONTRACT-2026-1499
PHO-001432,PHO-001485,EDGE-0007924,EV-CONTRACT-2026-8860
PHO-002206,PHO-003404,EDGE-0007925,EV-CONTRACT-2026-8028
PHO-001556,PHO-004365,EDGE-0007926,EV-CONTRACT-2026-3308
PHO-003659,PHO-002675,EDGE-0007927,EV-CONTRACT-2026-1831
PHO-002183,PHO-002088,EDGE-0007928,EV-CONTRACT-2026-6567
PHO-004903,PHO-001970,EDGE-0007929,EV-CONTRACT-2026-4194
PHO-001880,PHO-003356,EDGE-0007930,EV-CONTRACT-2026-6039
PHO-002707,PHO-004743,EDGE-0007931,EV-CONTRACT-2026-5915
PHO-003786,PHO-003368,EDGE-0007932,EV-CONTRACT-2026-8385
PHO-002403,PHO-000830,EDGE-0007933,EV-CONTRACT-2026-2407
PHO-002369,PHO-003987,EDGE-0007934,EV-CONTRACT-2026-6036
PHO-000901,PHO-004575,EDGE-0007935,EV-CONTRACT-2026-2066
PHO-000519,PHO-003327,EDGE-0007936,EV-CONTRACT-2026-6097
PHO-001125,PHO-004755,EDGE-0007937,EV-CONTRACT-2026-3639
PHO-003617,PHO-002691,EDGE-0007938,EV-CONTRACT-2026-4694
PHO-002240,PHO-002019,EDGE-0007939,EV-CONTRACT-2026-2750
PHO-000727,PHO-000395,EDGE-0007940,EV-CONTRACT-2026-5815
PHO-002731,PHO-003751,EDGE-0007941,EV-CONTRACT-2026-8468
PHO-003392,PHO-004745,EDGE-0007942,EV-CONTRACT-2026-6208
PHO-003895,PHO-000292,EDGE-0007943,EV-CONTRACT-2026-9380
PHO-000834,PHO-000390,EDGE-0007944,EV-CONTRACT-2026-1675
PHO-001979,PHO-003914,EDGE-0007945,EV-CONTRACT-2026-4659
PHO-001924,PHO-001704,EDGE-0007946,EV-CONTRACT-2026-7256
PHO-004500,PHO-001774,EDGE-0007947,EV-CONTRACT-2026-8912
PHO-000282,PHO-002371,EDGE-0007948,EV-CONTRACT-2026-8420
PHO-004895,PHO-000346,EDGE-0007949,EV-CONTRACT-2026-8998
PHO-004886,PHO-001274,EDGE-0007950,EV-CONTRACT-2026-3777
PHO-001802,PHO-001822,EDGE-0007951,EV-CONTRACT-2026-1088
PHO-003806,PHO-003331,EDGE-0007952,EV-CONTRACT-2026-3675
PHO-001494,PHO-004372,EDGE-0007953,EV-CONTRACT-2026-4909
PHO-000401,PHO-002331,EDGE-0007954,EV-CONTRACT-2026-6816
PHO-002735,PHO-004795,EDGE-0007955,EV-CONTRACT-2026-5191
PHO-001061,PHO-004183,EDGE-0007956,EV-CONTRACT-2026-5256
PHO-003683,PHO-003551,EDGE-0007957,EV-CONTRACT-2026-4143
PHO-001242,PHO-004837,EDGE-0007958,EV-CONTRACT-2026-8087
PHO-001236,PHO-001336,EDGE-0007959,EV-CONTRACT-2026-1236
PHO-002740,PHO-000809,EDGE-0007960,EV-CONTRACT-2026-2926
PHO-003723,PHO-004123,EDGE-0007961,EV-CONTRACT-2026-5839
PHO-003750,PHO-001893,EDGE-0007962,EV-CONTRACT-2026-4508
PHO-004541,PHO-003476,EDGE-0007963,EV-CONTRACT-2026-2003
PHO-003063,PHO-002470,EDGE-0007964,EV-CONTRACT-2026-4161
PHO-000077,PHO-002816,EDGE-0007965,EV-CONTRACT-2026-5439
PHO-000803,PHO-001896,EDGE-0007966,EV-CONTRACT-2026-5037
PHO-002941,PHO-000243,EDGE-0007967,EV-CONTRACT-2026-5697
PHO-002978,PHO-004702,EDGE-0007968,EV-CONTRACT-2026-5537
PHO-000161,PHO-002466,EDGE-0007969,EV-CONTRACT-2026-3242
PHO-001784,PHO-001479,EDGE-0007970,EV-CONTRACT-2026-6162
PHO-002000,PHO-004479,EDGE-0007971,EV-CONTRACT-2026-9432
PHO-003136,PHO-004346,EDGE-0007972,EV-CONTRACT-2026-5186
PHO-003709,PHO-003378,EDGE-0007973,EV-CONTRACT-2026-7197
PHO-001476,PHO-004480,EDGE-0007974,EV-CONTRACT-2026-8480
PHO-003532,PHO-003315,EDGE-0007975,EV-CONTRACT-2026-2442
PHO-000807,PHO-003619,EDGE-0007976,EV-CONTRACT-2026-3155
PHO-003841,PHO-004614,EDGE-0007977,EV-CONTRACT-2026-3273
PHO-003287,PHO-001942,EDGE-0007978,EV-CONTRACT-2026-2179
PHO-004005,PHO-001275,EDGE-0007979,EV-CONTRACT-2026-5255
PHO-001890,PHO-001328,EDGE-0007980,EV-CONTRACT-2026-6752
PHO-002936,PHO-000898,EDGE-0007981,EV-CONTRACT-2026-4607
PHO-001094,PHO-001334,EDGE-0007982,EV-CONTRACT-2026-9074
PHO-003617,PHO-002104,EDGE-0007983,EV-CONTRACT-2026-3770
PHO-004215,PHO-001528,EDGE-0007984,EV-CONTRACT-2026-8585
PHO-002156,PHO-001672,EDGE-0007985,EV-CONTRACT-2026-8694
PHO-001318,PHO-003607,EDGE-0007986,EV-CONTRACT-2026-1500
PHO-002663,PHO-003500,EDGE-0007987,EV-CONTRACT-2026-8766
PHO-002223,PHO-002415,EDGE-0007988,EV-CONTRACT-2026-8440
PHO-003424,PHO-002621,EDGE-0007989,EV-CONTRACT-2026-8924
PHO-004880,PHO-000839,EDGE-0007990,EV-CONTRACT-2026-2808
PHO-004275,PHO-004464,EDGE-0007991,EV-CONTRACT-2026-5511
PHO-004730,PHO-000813,EDGE-0007992,EV-CONTRACT-2026-3557
PHO-004876,PHO-004778,EDGE-0007993,EV-CONTRACT-2026-5287
PHO-003073,PHO-000075,EDGE-0007994,EV-CONTRACT-2026-3763
PHO-004518,PHO-002801,EDGE-0007995,EV-CONTRACT-2026-3955
PHO-004786,PHO-003374,EDGE-0007996,EV-CONTRACT-2026-5984
PHO-001166,PHO-003644,EDGE-0007997,EV-CONTRACT-2026-2761
PHO-001251,PHO-001146,EDGE-0007998,EV-CONTRACT-2026-3242
PHO-000552,PHO-001283,EDGE-0007999,EV-CONTRACT-2026-9046
PHO-003960,PHO-004875,EDGE-0008000,EV-CONTRACT-2026-7005
PHO-002810,PHO-004079,EDGE-0008001,EV-CONTRACT-2026-1947
PHO-000389,PHO-003263,EDGE-0008002,EV-CONTRACT-2026-9593
PHO-003980,PHO-001372,EDGE-0008003,EV-CONTRACT-2026-8626
PHO-003928,PHO-004023,EDGE-0008004,EV-CONTRACT-2026-4208
PHO-004069,PHO-002346,EDGE-0008005,EV-CONTRACT-2026-7209
PHO-003628,PHO-003955,EDGE-0008006,EV-CONTRACT-2026-8187
PHO-002167,PHO-003143,EDGE-0008007,EV-CONTRACT-2026-9776
PHO-004141,PHO-004458,EDGE-0008008,EV-CONTRACT-2026-7381
PHO-000102,PHO-000058,EDGE-0008009,EV-CONTRACT-2026-4485
PHO-003959,PHO-001192,EDGE-0008010,EV-CONTRACT-2026-7488
PHO-002176,PHO-004397,EDGE-0008011,EV-CONTRACT-2026-8233
PHO-003496,PHO-003517,EDGE-0008012,EV-CONTRACT-2026-1011
PHO-003655,PHO-004668,EDGE-0008013,EV-CONTRACT-2026-8662
PHO-001610,PHO-002137,EDGE-0008014,EV-CONTRACT-2026-8477
PHO-001392,PHO-004497,EDGE-0008015,EV-CONTRACT-2026-2168
PHO-002149,PHO-004871,EDGE-0008016,EV-CONTRACT-2026-1685
PHO-003872,PHO-000444,EDGE-0008017,EV-CONTRACT-2026-8540
PHO-003216,PHO-000287,EDGE-0008018,EV-CONTRACT-2026-6463
PHO-002216,PHO-000085,EDGE-0008019,EV-CONTRACT-2026-3409
PHO-000622,PHO-002838,EDGE-0008020,EV-CONTRACT-2026-6993
PHO-002333,PHO-000892,EDGE-0008021,EV-CONTRACT-2026-9146
PHO-004864,PHO-003328,EDGE-0008022,EV-CONTRACT-2026-5346
PHO-002411,PHO-003746,EDGE-0008023,EV-CONTRACT-2026-9982
PHO-004748,PHO-001298,EDGE-0008024,EV-CONTRACT-2026-3783
PHO-001779,PHO-002902,EDGE-0008025,EV-CONTRACT-2026-6866
PHO-000412,PHO-001517,EDGE-0008026,EV-CONTRACT-2026-1168
PHO-002353,PHO-000349,EDGE-0008027,EV-CONTRACT-2026-9382
PHO-002064,PHO-001831,EDGE-0008028,EV-CONTRACT-2026-5711
PHO-004859,PHO-000852,EDGE-0008029,EV-CONTRACT-2026-2254
PHO-002706,PHO-004859,EDGE-0008030,EV-CONTRACT-2026-4433
PHO-003079,PHO-001111,EDGE-0008031,EV-CONTRACT-2026-6709
PHO-001665,PHO-003759,EDGE-0008032,EV-CONTRACT-2026-4586
PHO-004237,PHO-001348,EDGE-0008033,EV-CONTRACT-2026-7528
PHO-000162,PHO-003881,EDGE-0008034,EV-CONTRACT-2026-4526
PHO-003033,PHO-002934,EDGE-0008035,EV-CONTRACT-2026-7900
PHO-003367,PHO-001497,EDGE-0008036,EV-CONTRACT-2026-1892
PHO-000748,PHO-003014,EDGE-0008037,EV-CONTRACT-2026-9180
PHO-001177,PHO-002702,EDGE-0008038,EV-CONTRACT-2026-3305
PHO-001102,PHO-004620,EDGE-0008039,EV-CONTRACT-2026-8954
PHO-002284,PHO-004536,EDGE-0008040,EV-CONTRACT-2026-3879
PHO-002833,PHO-004761,EDGE-0008041,EV-CONTRACT-2026-6337
PHO-000197,PHO-003744,EDGE-0008042,EV-CONTRACT-2026-4894
PHO-001981,PHO-000812,EDGE-0008043,EV-CONTRACT-2026-4368
PHO-004157,PHO-004455,EDGE-0008044,EV-CONTRACT-2026-9852
PHO-001591,PHO-004467,EDGE-0008045,EV-CONTRACT-2026-2377
PHO-001843,PHO-003247,EDGE-0008046,EV-CONTRACT-2026-1191
PHO-003537,PHO-000474,EDGE-0008047,EV-CONTRACT-2026-4899
PHO-004927,PHO-004382,EDGE-0008048,EV-CONTRACT-2026-1139
PHO-003158,PHO-000455,EDGE-0008049,EV-CONTRACT-2026-5129
PHO-004387,PHO-000359,EDGE-0008050,EV-CONTRACT-2026-3187
PHO-004817,PHO-002154,EDGE-0008051,EV-CONTRACT-2026-3280
PHO-000634,PHO-002820,EDGE-0008052,EV-CONTRACT-2026-2620
PHO-003774,PHO-002107,EDGE-0008053,EV-CONTRACT-2026-4419
PHO-003867,PHO-004899,EDGE-0008054,EV-CONTRACT-2026-4413
PHO-000446,PHO-003825,EDGE-0008055,EV-CONTRACT-2026-1708
PHO-004220,PHO-000829,EDGE-0008056,EV-CONTRACT-2026-4717
PHO-004022,PHO-003832,EDGE-0008057,EV-CONTRACT-2026-9192
PHO-000655,PHO-001406,EDGE-0008058,EV-CONTRACT-2026-2001
PHO-001806,PHO-003703,EDGE-0008059,EV-CONTRACT-2026-5354
PHO-002109,PHO-004305,EDGE-0008060,EV-CONTRACT-2026-6833
PHO-002758,PHO-003713,EDGE-0008061,EV-CONTRACT-2026-8840
PHO-003171,PHO-001412,EDGE-0008062,EV-CONTRACT-2026-1036
PHO-004100,PHO-004381,EDGE-0008063,EV-CONTRACT-2026-2406
PHO-002278,PHO-002599,EDGE-0008064,EV-CONTRACT-2026-3315
PHO-001019,PHO-002984,EDGE-0008065,EV-CONTRACT-2026-4185
PHO-001436,PHO-004418,EDGE-0008066,EV-CONTRACT-2026-8227
PHO-003355,PHO-001347,EDGE-0008067,EV-CONTRACT-2026-1497
PHO-002163,PHO-004361,EDGE-0008068,EV-CONTRACT-2026-7171
PHO-001058,PHO-001378,EDGE-0008069,EV-CONTRACT-2026-3317
PHO-001738,PHO-001628,EDGE-0008070,EV-CONTRACT-2026-8399
PHO-003484,PHO-001105,EDGE-0008071,EV-CONTRACT-2026-5499
PHO-001150,PHO-000016,EDGE-0008072,EV-CONTRACT-2026-6610
PHO-002350,PHO-003940,EDGE-0008073,EV-CONTRACT-2026-6506
PHO-004616,PHO-004069,EDGE-0008074,EV-CONTRACT-2026-2541
PHO-002845,PHO-001829,EDGE-0008075,EV-CONTRACT-2026-8564
PHO-000942,PHO-002672,EDGE-0008076,EV-CONTRACT-2026-1834
PHO-004939,PHO-000559,EDGE-0008077,EV-CONTRACT-2026-3093
PHO-004326,PHO-003111,EDGE-0008078,EV-CONTRACT-2026-9520
PHO-001502,PHO-002012,EDGE-0008079,EV-CONTRACT-2026-6893
PHO-000038,PHO-001686,EDGE-0008080,EV-CONTRACT-2026-1894
PHO-002948,PHO-002427,EDGE-0008081,EV-CONTRACT-2026-9007
PHO-003744,PHO-000402,EDGE-0008082,EV-CONTRACT-2026-1699
PHO-003116,PHO-004728,EDGE-0008083,EV-CONTRACT-2026-4091
PHO-003403,PHO-002815,EDGE-0008084,EV-CONTRACT-2026-3949
PHO-000378,PHO-003494,EDGE-0008085,EV-CONTRACT-2026-4722
PHO-000665,PHO-004433,EDGE-0008086,EV-CONTRACT-2026-9647
PHO-000452,PHO-002210,EDGE-0008087,EV-CONTRACT-2026-2475
PHO-003455,PHO-000182,EDGE-0008088,EV-CONTRACT-2026-8438
PHO-000903,PHO-004925,EDGE-0008089,EV-CONTRACT-2026-4447
PHO-002965,PHO-004149,EDGE-0008090,EV-CONTRACT-2026-1608
PHO-001344,PHO-000234,EDGE-0008091,EV-CONTRACT-2026-3511
PHO-002297,PHO-001348,EDGE-0008092,EV-CONTRACT-2026-3721
PHO-002766,PHO-003094,EDGE-0008093,EV-CONTRACT-2026-7429
PHO-002145,PHO-001978,EDGE-0008094,EV-CONTRACT-2026-6274
PHO-001305,PHO-003956,EDGE-0008095,EV-CONTRACT-2026-3544
PHO-004204,PHO-001406,EDGE-0008096,EV-CONTRACT-2026-7778
PHO-004912,PHO-001449,EDGE-0008097,EV-CONTRACT-2026-7478
PHO-004203,PHO-000457,EDGE-0008098,EV-CONTRACT-2026-3097
PHO-003110,PHO-004954,EDGE-0008099,EV-CONTRACT-2026-1337
PHO-003090,PHO-001465,EDGE-0008100,EV-CONTRACT-2026-5286
PHO-000192,PHO-000947,EDGE-0008101,EV-CONTRACT-2026-5292
PHO-000795,PHO-003476,EDGE-0008102,EV-CONTRACT-2026-6635
PHO-004693,PHO-002145,EDGE-0008103,EV-CONTRACT-2026-1674
PHO-003726,PHO-000712,EDGE-0008104,EV-CONTRACT-2026-5906
PHO-002522,PHO-002928,EDGE-0008105,EV-CONTRACT-2026-7294
PHO-001828,PHO-003662,EDGE-0008106,EV-CONTRACT-2026-9890
PHO-000077,PHO-000996,EDGE-0008107,EV-CONTRACT-2026-1492
PHO-002663,PHO-000677,EDGE-0008108,EV-CONTRACT-2026-3952
PHO-001458,PHO-003080,EDGE-0008109,EV-CONTRACT-2026-9125
PHO-000385,PHO-004863,EDGE-0008110,EV-CONTRACT-2026-8465
PHO-004867,PHO-004247,EDGE-0008111,EV-CONTRACT-2026-6016
PHO-001911,PHO-002627,EDGE-0008112,EV-CONTRACT-2026-6251
PHO-002930,PHO-003383,EDGE-0008113,EV-CONTRACT-2026-4678
PHO-004122,PHO-000654,EDGE-0008114,EV-CONTRACT-2026-5537
PHO-003167,PHO-002397,EDGE-0008115,EV-CONTRACT-2026-1110
PHO-002921,PHO-001558,EDGE-0008116,EV-CONTRACT-2026-6284
PHO-004175,PHO-001312,EDGE-0008117,EV-CONTRACT-2026-8781
PHO-002132,PHO-004702,EDGE-0008118,EV-CONTRACT-2026-9153
PHO-001820,PHO-004266,EDGE-0008119,EV-CONTRACT-2026-8125
PHO-001391,PHO-004679,EDGE-0008120,EV-CONTRACT-2026-6611
PHO-000129,PHO-001182,EDGE-0008121,EV-CONTRACT-2026-2269
PHO-001577,PHO-001927,EDGE-0008122,EV-CONTRACT-2026-7613
PHO-002786,PHO-004478,EDGE-0008123,EV-CONTRACT-2026-7371
PHO-000422,PHO-001928,EDGE-0008124,EV-CONTRACT-2026-1164
PHO-003078,PHO-004963,EDGE-0008125,EV-CONTRACT-2026-8625
PHO-001553,PHO-000999,EDGE-0008126,EV-CONTRACT-2026-8796
PHO-002352,PHO-003593,EDGE-0008127,EV-CONTRACT-2026-3173
PHO-000173,PHO-000867,EDGE-0008128,EV-CONTRACT-2026-3810
PHO-003702,PHO-000134,EDGE-0008129,EV-CONTRACT-2026-4839
PHO-002141,PHO-000040,EDGE-0008130,EV-CONTRACT-2026-2866
PHO-000454,PHO-004934,EDGE-0008131,EV-CONTRACT-2026-4343
PHO-001646,PHO-002891,EDGE-0008132,EV-CONTRACT-2026-6795
PHO-001565,PHO-003569,EDGE-0008133,EV-CONTRACT-2026-5478
PHO-002670,PHO-002697,EDGE-0008134,EV-CONTRACT-2026-7706
PHO-003874,PHO-000063,EDGE-0008135,EV-CONTRACT-2026-3128
PHO-004152,PHO-002747,EDGE-0008136,EV-CONTRACT-2026-5429
PHO-001110,PHO-002002,EDGE-0008137,EV-CONTRACT-2026-2432
PHO-000563,PHO-000596,EDGE-0008138,EV-CONTRACT-2026-7802
PHO-002939,PHO-002385,EDGE-0008139,EV-CONTRACT-2026-2313
PHO-003879,PHO-003917,EDGE-0008140,EV-CONTRACT-2026-9074
PHO-000456,PHO-000101,EDGE-0008141,EV-CONTRACT-2026-7642
PHO-002705,PHO-001769,EDGE-0008142,EV-CONTRACT-2026-3832
PHO-002647,PHO-003900,EDGE-0008143,EV-CONTRACT-2026-2254
PHO-004962,PHO-002070,EDGE-0008144,EV-CONTRACT-2026-5686
PHO-001862,PHO-004354,EDGE-0008145,EV-CONTRACT-2026-5332
PHO-001523,PHO-002755,EDGE-0008146,EV-CONTRACT-2026-3325
PHO-002171,PHO-002949,EDGE-0008147,EV-CONTRACT-2026-5102
PHO-001815,PHO-002954,EDGE-0008148,EV-CONTRACT-2026-7465
PHO-004085,PHO-001468,EDGE-0008149,EV-CONTRACT-2026-8820
PHO-000875,PHO-001769,EDGE-0008150,EV-CONTRACT-2026-2352
PHO-002772,PHO-004732,EDGE-0008151,EV-CONTRACT-2026-5693
PHO-004619,PHO-003130,EDGE-0008152,EV-CONTRACT-2026-3622
PHO-001674,PHO-002752,EDGE-0008153,EV-CONTRACT-2026-3584
PHO-003508,PHO-004118,EDGE-0008154,EV-CONTRACT-2026-6209
PHO-004018,PHO-002699,EDGE-0008155,EV-CONTRACT-2026-5757
PHO-001309,PHO-002889,EDGE-0008156,EV-CONTRACT-2026-3321
PHO-004966,PHO-001788,EDGE-0008157,EV-CONTRACT-2026-1155
PHO-000097,PHO-002476,EDGE-0008158,EV-CONTRACT-2026-4794
PHO-000405,PHO-002397,EDGE-0008159,EV-CONTRACT-2026-6112
PHO-002940,PHO-003482,EDGE-0008160,EV-CONTRACT-2026-8723
PHO-001715,PHO-001839,EDGE-0008161,EV-CONTRACT-2026-1176
PHO-002878,PHO-004868,EDGE-0008162,EV-CONTRACT-2026-4791
PHO-003179,PHO-004079,EDGE-0008163,EV-CONTRACT-2026-3866
PHO-003908,PHO-001137,EDGE-0008164,EV-CONTRACT-2026-6374
PHO-001951,PHO-002891,EDGE-0008165,EV-CONTRACT-2026-2269
PHO-004229,PHO-002958,EDGE-0008166,EV-CONTRACT-2026-7507
PHO-002319,PHO-003356,EDGE-0008167,EV-CONTRACT-2026-8479
PHO-000782,PHO-004790,EDGE-0008168,EV-CONTRACT-2026-8295
PHO-000291,PHO-001296,EDGE-0008169,EV-CONTRACT-2026-7657
PHO-004358,PHO-003111,EDGE-0008170,EV-CONTRACT-2026-7536
PHO-004651,PHO-000614,EDGE-0008171,EV-CONTRACT-2026-1921
PHO-001469,PHO-000683,EDGE-0008172,EV-CONTRACT-2026-1976
PHO-002482,PHO-004166,EDGE-0008173,EV-CONTRACT-2026-2161
PHO-004999,PHO-003237,EDGE-0008174,EV-CONTRACT-2026-8631
PHO-000845,PHO-001415,EDGE-0008175,EV-CONTRACT-2026-7177
PHO-001281,PHO-004730,EDGE-0008176,EV-CONTRACT-2026-2623
PHO-003863,PHO-004043,EDGE-0008177,EV-CONTRACT-2026-9215
PHO-002590,PHO-004777,EDGE-0008178,EV-CONTRACT-2026-2439
PHO-002911,PHO-002674,EDGE-0008179,EV-CONTRACT-2026-3775
PHO-000473,PHO-003656,EDGE-0008180,EV-CONTRACT-2026-3336
PHO-003398,PHO-004978,EDGE-0008181,EV-CONTRACT-2026-3469
PHO-001807,PHO-000066,EDGE-0008182,EV-CONTRACT-2026-1381
PHO-003140,PHO-004613,EDGE-0008183,EV-CONTRACT-2026-1617
PHO-003657,PHO-000455,EDGE-0008184,EV-CONTRACT-2026-6537
PHO-004586,PHO-001240,EDGE-0008185,EV-CONTRACT-2026-4592
PHO-003958,PHO-003551,EDGE-0008186,EV-CONTRACT-2026-7789
PHO-003300,PHO-001060,EDGE-0008187,EV-CONTRACT-2026-1537
PHO-000588,PHO-004105,EDGE-0008188,EV-CONTRACT-2026-9614
PHO-004806,PHO-001702,EDGE-0008189,EV-CONTRACT-2026-4474
PHO-001815,PHO-004763,EDGE-0008190,EV-CONTRACT-2026-7539
PHO-001897,PHO-000492,EDGE-0008191,EV-CONTRACT-2026-4203
PHO-003104,PHO-001542,EDGE-0008192,EV-CONTRACT-2026-5082
PHO-004378,PHO-000809,EDGE-0008193,EV-CONTRACT-2026-3983
PHO-002558,PHO-004306,EDGE-0008194,EV-CONTRACT-2026-8163
PHO-000249,PHO-002444,EDGE-0008195,EV-CONTRACT-2026-1779
PHO-002228,PHO-004967,EDGE-0008196,EV-CONTRACT-2026-5301
PHO-000574,PHO-003943,EDGE-0008197,EV-CONTRACT-2026-8181
PHO-000264,PHO-001729,EDGE-0008198,EV-CONTRACT-2026-5302
PHO-002018,PHO-002547,EDGE-0008199,EV-CONTRACT-2026-4543
PHO-004175,PHO-003546,EDGE-0008200,EV-CONTRACT-2026-8450
PHO-000419,PHO-004592,EDGE-0008201,EV-CONTRACT-2026-7011
PHO-003402,PHO-003782,EDGE-0008202,EV-CONTRACT-2026-2249
PHO-002672,PHO-004135,EDGE-0008203,EV-CONTRACT-2026-4362
PHO-004147,PHO-001128,EDGE-0008204,EV-CONTRACT-2026-6406
PHO-000001,PHO-003400,EDGE-0008205,EV-CONTRACT-2026-1425
PHO-003625,PHO-004451,EDGE-0008206,EV-CONTRACT-2026-1991
PHO-003623,PHO-004208,EDGE-0008207,EV-CONTRACT-2026-3628
PHO-004127,PHO-004780,EDGE-0008208,EV-CONTRACT-2026-2056
PHO-003878,PHO-003786,EDGE-0008209,EV-CONTRACT-2026-6299
PHO-001067,PHO-000287,EDGE-0008210,EV-CONTRACT-2026-3386
PHO-003316,PHO-003183,EDGE-0008211,EV-CONTRACT-2026-8930
PHO-004642,PHO-002604,EDGE-0008212,EV-CONTRACT-2026-9779
PHO-003479,PHO-003872,EDGE-0008213,EV-CONTRACT-2026-5226
PHO-003260,PHO-003330,EDGE-0008214,EV-CONTRACT-2026-2814
PHO-004827,PHO-000426,EDGE-0008215,EV-CONTRACT-2026-3051
PHO-003212,PHO-001475,EDGE-0008216,EV-CONTRACT-2026-8437
PHO-000211,PHO-003230,EDGE-0008217,EV-CONTRACT-2026-7200
PHO-003000,PHO-004795,EDGE-0008218,EV-CONTRACT-2026-6759
PHO-001956,PHO-003757,EDGE-0008219,EV-CONTRACT-2026-4490
PHO-004397,PHO-003261,EDGE-0008220,EV-CONTRACT-2026-3716
PHO-001836,PHO-000462,EDGE-0008221,EV-CONTRACT-2026-7850
PHO-001496,PHO-002778,EDGE-0008222,EV-CONTRACT-2026-7537
PHO-003322,PHO-004459,EDGE-0008223,EV-CONTRACT-2026-6731
PHO-003265,PHO-003631,EDGE-0008224,EV-CONTRACT-2026-2924
PHO-002928,PHO-004411,EDGE-0008225,EV-CONTRACT-2026-2602
PHO-004829,PHO-003457,EDGE-0008226,EV-CONTRACT-2026-8210
PHO-001348,PHO-004083,EDGE-0008227,EV-CONTRACT-2026-7833
PHO-004103,PHO-004011,EDGE-0008228,EV-CONTRACT-2026-7916
PHO-000999,PHO-000020,EDGE-0008229,EV-CONTRACT-2026-7594
PHO-000282,PHO-000243,EDGE-0008230,EV-CONTRACT-2026-2469
PHO-000878,PHO-001597,EDGE-0008231,EV-CONTRACT-2026-6125
PHO-000777,PHO-000505,EDGE-0008232,EV-CONTRACT-2026-4028
PHO-004233,PHO-000293,EDGE-0008233,EV-CONTRACT-2026-9724
PHO-001124,PHO-003331,EDGE-0008234,EV-CONTRACT-2026-8183
PHO-002219,PHO-003678,EDGE-0008235,EV-CONTRACT-2026-5687
PHO-004593,PHO-003028,EDGE-0008236,EV-CONTRACT-2026-6060
PHO-004330,PHO-002762,EDGE-0008237,EV-CONTRACT-2026-5262
PHO-000274,PHO-000742,EDGE-0008238,EV-CONTRACT-2026-2799
PHO-004245,PHO-001850,EDGE-0008239,EV-CONTRACT-2026-7689
PHO-000864,PHO-000024,EDGE-0008240,EV-CONTRACT-2026-3359
PHO-000467,PHO-002726,EDGE-0008241,EV-CONTRACT-2026-7644
PHO-002802,PHO-004192,EDGE-0008242,EV-CONTRACT-2026-4621
PHO-002135,PHO-003578,EDGE-0008243,EV-CONTRACT-2026-5502
PHO-000274,PHO-004264,EDGE-0008244,EV-CONTRACT-2026-2627
PHO-002325,PHO-000347,EDGE-0008245,EV-CONTRACT-2026-2412
PHO-002056,PHO-000943,EDGE-0008246,EV-CONTRACT-2026-2660
PHO-000768,PHO-003705,EDGE-0008247,EV-CONTRACT-2026-7503
PHO-003096,PHO-002672,EDGE-0008248,EV-CONTRACT-2026-3068
PHO-004466,PHO-000937,EDGE-0008249,EV-CONTRACT-2026-9088
PHO-002097,PHO-000287,EDGE-0008250,EV-CONTRACT-2026-2098
PHO-001916,PHO-002298,EDGE-0008251,EV-CONTRACT-2026-8332
PHO-003013,PHO-000718,EDGE-0008252,EV-CONTRACT-2026-1248
PHO-000331,PHO-001606,EDGE-0008253,EV-CONTRACT-2026-4314
PHO-001617,PHO-000426,EDGE-0008254,EV-CONTRACT-2026-7387
PHO-001476,PHO-004325,EDGE-0008255,EV-CONTRACT-2026-1543
PHO-002923,PHO-001318,EDGE-0008256,EV-CONTRACT-2026-3740
PHO-004500,PHO-000033,EDGE-0008257,EV-CONTRACT-2026-3608
PHO-004111,PHO-001662,EDGE-0008258,EV-CONTRACT-2026-1514
PHO-001585,PHO-002412,EDGE-0008259,EV-CONTRACT-2026-3956
PHO-002084,PHO-000408,EDGE-0008260,EV-CONTRACT-2026-4537
PHO-003448,PHO-000351,EDGE-0008261,EV-CONTRACT-2026-2717
PHO-002619,PHO-003013,EDGE-0008262,EV-CONTRACT-2026-9003
PHO-000146,PHO-002601,EDGE-0008263,EV-CONTRACT-2026-1081
PHO-000318,PHO-002658,EDGE-0008264,EV-CONTRACT-2026-8552
PHO-002975,PHO-004031,EDGE-0008265,EV-CONTRACT-2026-6736
PHO-004511,PHO-003261,EDGE-0008266,EV-CONTRACT-2026-3368
PHO-001253,PHO-003302,EDGE-0008267,EV-CONTRACT-2026-8840
PHO-002578,PHO-001015,EDGE-0008268,EV-CONTRACT-2026-4355
PHO-004254,PHO-000942,EDGE-0008269,EV-CONTRACT-2026-1146
PHO-002979,PHO-003601,EDGE-0008270,EV-CONTRACT-2026-9461
PHO-001944,PHO-001446,EDGE-0008271,EV-CONTRACT-2026-3590
PHO-001037,PHO-002190,EDGE-0008272,EV-CONTRACT-2026-1046
PHO-001773,PHO-001889,EDGE-0008273,EV-CONTRACT-2026-2530
PHO-003504,PHO-001298,EDGE-0008274,EV-CONTRACT-2026-7869
PHO-002925,PHO-000839,EDGE-0008275,EV-CONTRACT-2026-7058
PHO-003628,PHO-002341,EDGE-0008276,EV-CONTRACT-2026-1409
PHO-000500,PHO-003248,EDGE-0008277,EV-CONTRACT-2026-7435
PHO-004290,PHO-003486,EDGE-0008278,EV-CONTRACT-2026-7658
PHO-001643,PHO-000214,EDGE-0008279,EV-CONTRACT-2026-8266
PHO-001810,PHO-001978,EDGE-0008280,EV-CONTRACT-2026-5074
PHO-004904,PHO-003630,EDGE-0008281,EV-CONTRACT-2026-7406
PHO-002361,PHO-001140,EDGE-0008282,EV-CONTRACT-2026-9237
PHO-001515,PHO-000462,EDGE-0008283,EV-CONTRACT-2026-7108
PHO-003132,PHO-003536,EDGE-0008284,EV-CONTRACT-2026-7212
PHO-001744,PHO-004847,EDGE-0008285,EV-CONTRACT-2026-4771
PHO-004930,PHO-001022,EDGE-0008286,EV-CONTRACT-2026-2586
PHO-000633,PHO-001380,EDGE-0008287,EV-CONTRACT-2026-4719
PHO-003203,PHO-000302,EDGE-0008288,EV-CONTRACT-2026-5666
PHO-002987,PHO-000212,EDGE-0008289,EV-CONTRACT-2026-8883
PHO-003341,PHO-000639,EDGE-0008290,EV-CONTRACT-2026-9508
PHO-004257,PHO-002838,EDGE-0008291,EV-CONTRACT-2026-4421
PHO-000935,PHO-003098,EDGE-0008292,EV-CONTRACT-2026-3018
PHO-002569,PHO-004982,EDGE-0008293,EV-CONTRACT-2026-3859
PHO-004904,PHO-002956,EDGE-0008294,EV-CONTRACT-2026-5327
PHO-002421,PHO-002750,EDGE-0008295,EV-CONTRACT-2026-7509
PHO-000746,PHO-003337,EDGE-0008296,EV-CONTRACT-2026-8637
PHO-001563,PHO-004418,EDGE-0008297,EV-CONTRACT-2026-8664
PHO-001251,PHO-000205,EDGE-0008298,EV-CONTRACT-2026-2706
PHO-002458,PHO-002906,EDGE-0008299,EV-CONTRACT-2026-4514
PHO-003619,PHO-004107,EDGE-0008300,EV-CONTRACT-2026-8328
PHO-003221,PHO-000751,EDGE-0008301,EV-CONTRACT-2026-3160
PHO-001825,PHO-004126,EDGE-0008302,EV-CONTRACT-2026-5832
PHO-002264,PHO-004201,EDGE-0008303,EV-CONTRACT-2026-5330
PHO-001428,PHO-004810,EDGE-0008304,EV-CONTRACT-2026-2576
PHO-001977,PHO-002611,EDGE-0008305,EV-CONTRACT-2026-2934
PHO-001435,PHO-004779,EDGE-0008306,EV-CONTRACT-2026-8596
PHO-000433,PHO-001298,EDGE-0008307,EV-CONTRACT-2026-9364
PHO-001590,PHO-003526,EDGE-0008308,EV-CONTRACT-2026-6539
PHO-004786,PHO-004737,EDGE-0008309,EV-CONTRACT-2026-3502
PHO-001689,PHO-003223,EDGE-0008310,EV-CONTRACT-2026-3984
PHO-003908,PHO-000556,EDGE-0008311,EV-CONTRACT-2026-6561
PHO-004790,PHO-002249,EDGE-0008312,EV-CONTRACT-2026-2572
PHO-004565,PHO-001541,EDGE-0008313,EV-CONTRACT-2026-3389
PHO-000546,PHO-000066,EDGE-0008314,EV-CONTRACT-2026-8320
PHO-000768,PHO-004597,EDGE-0008315,EV-CONTRACT-2026-1700
PHO-003962,PHO-004816,EDGE-0008316,EV-CONTRACT-2026-2540
PHO-004905,PHO-002331,EDGE-0008317,EV-CONTRACT-2026-9337
PHO-002486,PHO-003937,EDGE-0008318,EV-CONTRACT-2026-8317
PHO-003097,PHO-002521,EDGE-0008319,EV-CONTRACT-2026-2891
PHO-002033,PHO-001327,EDGE-0008320,EV-CONTRACT-2026-2138
PHO-002263,PHO-004853,EDGE-0008321,EV-CONTRACT-2026-8308
PHO-003165,PHO-000840,EDGE-0008322,EV-CONTRACT-2026-9050
PHO-002508,PHO-004046,EDGE-0008323,EV-CONTRACT-2026-6526
PHO-003383,PHO-001450,EDGE-0008324,EV-CONTRACT-2026-9379
PHO-002132,PHO-004719,EDGE-0008325,EV-CONTRACT-2026-8453
PHO-001737,PHO-002111,EDGE-0008326,EV-CONTRACT-2026-6796
PHO-003883,PHO-000871,EDGE-0008327,EV-CONTRACT-2026-4505
PHO-002016,PHO-002484,EDGE-0008328,EV-CONTRACT-2026-3723
PHO-003622,PHO-002151,EDGE-0008329,EV-CONTRACT-2026-3005
PHO-003953,PHO-001086,EDGE-0008330,EV-CONTRACT-2026-4414
PHO-002837,PHO-002517,EDGE-0008331,EV-CONTRACT-2026-6778
PHO-004074,PHO-001720,EDGE-0008332,EV-CONTRACT-2026-2045
PHO-002637,PHO-004665,EDGE-0008333,EV-CONTRACT-2026-2740
PHO-003159,PHO-004595,EDGE-0008334,EV-CONTRACT-2026-6929
PHO-004304,PHO-001392,EDGE-0008335,EV-CONTRACT-2026-2591
PHO-000604,PHO-002742,EDGE-0008336,EV-CONTRACT-2026-1008
PHO-004804,PHO-000229,EDGE-0008337,EV-CONTRACT-2026-2237
PHO-001450,PHO-002953,EDGE-0008338,EV-CONTRACT-2026-4646
PHO-002009,PHO-004986,EDGE-0008339,EV-CONTRACT-2026-5200
PHO-001984,PHO-001413,EDGE-0008340,EV-CONTRACT-2026-7837
PHO-003900,PHO-002893,EDGE-0008341,EV-CONTRACT-2026-4099
PHO-000925,PHO-004376,EDGE-0008342,EV-CONTRACT-2026-9943
PHO-002135,PHO-000506,EDGE-0008343,EV-CONTRACT-2026-2664
PHO-002031,PHO-003982,EDGE-0008344,EV-CONTRACT-2026-8250
PHO-001173,PHO-001719,EDGE-0008345,EV-CONTRACT-2026-3288
PHO-004194,PHO-003121,EDGE-0008346,EV-CONTRACT-2026-5298
PHO-003431,PHO-001077,EDGE-0008347,EV-CONTRACT-2026-3400
PHO-000455,PHO-003806,EDGE-0008348,EV-CONTRACT-2026-3076
PHO-004433,PHO-004594,EDGE-0008349,EV-CONTRACT-2026-4974
PHO-000023,PHO-001042,EDGE-0008350,EV-CONTRACT-2026-2091
PHO-001859,PHO-000903,EDGE-0008351,EV-CONTRACT-2026-1716
PHO-002139,PHO-004729,EDGE-0008352,EV-CONTRACT-2026-9200
PHO-003432,PHO-001689,EDGE-0008353,EV-CONTRACT-2026-5452
PHO-004055,PHO-002392,EDGE-0008354,EV-CONTRACT-2026-2237
PHO-004006,PHO-002393,EDGE-0008355,EV-CONTRACT-2026-2154
PHO-004320,PHO-002857,EDGE-0008356,EV-CONTRACT-2026-6552
PHO-004959,PHO-002480,EDGE-0008357,EV-CONTRACT-2026-4287
PHO-003749,PHO-002656,EDGE-0008358,EV-CONTRACT-2026-3749
PHO-002645,PHO-000287,EDGE-0008359,EV-CONTRACT-2026-7147
PHO-004852,PHO-000093,EDGE-0008360,EV-CONTRACT-2026-1066
PHO-003505,PHO-001089,EDGE-0008361,EV-CONTRACT-2026-7421
PHO-004188,PHO-003456,EDGE-0008362,EV-CONTRACT-2026-9351
PHO-000246,PHO-000641,EDGE-0008363,EV-CONTRACT-2026-2349
PHO-001445,PHO-002443,EDGE-0008364,EV-CONTRACT-2026-5380
PHO-003341,PHO-004273,EDGE-0008365,EV-CONTRACT-2026-3166
PHO-000514,PHO-004490,EDGE-0008366,EV-CONTRACT-2026-3521
PHO-003699,PHO-000757,EDGE-0008367,EV-CONTRACT-2026-1657
PHO-003631,PHO-004072,EDGE-0008368,EV-CONTRACT-2026-4499
PHO-003929,PHO-001775,EDGE-0008369,EV-CONTRACT-2026-5404
PHO-003508,PHO-003557,EDGE-0008370,EV-CONTRACT-2026-5467
PHO-000088,PHO-000999,EDGE-0008371,EV-CONTRACT-2026-4716
PHO-003907,PHO-000777,EDGE-0008372,EV-CONTRACT-2026-5552
PHO-001558,PHO-003234,EDGE-0008373,EV-CONTRACT-2026-6792
PHO-002526,PHO-004601,EDGE-0008374,EV-CONTRACT-2026-3245
PHO-002970,PHO-001558,EDGE-0008375,EV-CONTRACT-2026-3124
PHO-004724,PHO-003248,EDGE-0008376,EV-CONTRACT-2026-8464
PHO-004903,PHO-001183,EDGE-0008377,EV-CONTRACT-2026-7333
PHO-004208,PHO-001504,EDGE-0008378,EV-CONTRACT-2026-6639
PHO-004076,PHO-002732,EDGE-0008379,EV-CONTRACT-2026-2248
PHO-004064,PHO-003976,EDGE-0008380,EV-CONTRACT-2026-6614
PHO-000371,PHO-002203,EDGE-0008381,EV-CONTRACT-2026-2338
PHO-002068,PHO-002489,EDGE-0008382,EV-CONTRACT-2026-2248
PHO-004688,PHO-003286,EDGE-0008383,EV-CONTRACT-2026-6736
PHO-004084,PHO-002224,EDGE-0008384,EV-CONTRACT-2026-2631
PHO-002707,PHO-003123,EDGE-0008385,EV-CONTRACT-2026-6731
PHO-002296,PHO-001090,EDGE-0008386,EV-CONTRACT-2026-7141
PHO-000505,PHO-004503,EDGE-0008387,EV-CONTRACT-2026-4830
PHO-001182,PHO-002211,EDGE-0008388,EV-CONTRACT-2026-4909
PHO-002626,PHO-004585,EDGE-0008389,EV-CONTRACT-2026-8814
PHO-004206,PHO-001605,EDGE-0008390,EV-CONTRACT-2026-6135
PHO-003692,PHO-002727,EDGE-0008391,EV-CONTRACT-2026-1804
PHO-004704,PHO-004791,EDGE-0008392,EV-CONTRACT-2026-1575
PHO-000356,PHO-000583,EDGE-0008393,EV-CONTRACT-2026-5911
PHO-002317,PHO-001171,EDGE-0008394,EV-CONTRACT-2026-3187
PHO-000716,PHO-004561,EDGE-0008395,EV-CONTRACT-2026-2806
PHO-002015,PHO-004178,EDGE-0008396,EV-CONTRACT-2026-2779
PHO-001343,PHO-003660,EDGE-0008397,EV-CONTRACT-2026-6024
PHO-002502,PHO-001251,EDGE-0008398,EV-CONTRACT-2026-4492
PHO-002341,PHO-000799,EDGE-0008399,EV-CONTRACT-2026-9253
PHO-002824,PHO-004234,EDGE-0008400,EV-CONTRACT-2026-6334
PHO-000152,PHO-002598,EDGE-0008401,EV-CONTRACT-2026-9001
PHO-002061,PHO-001180,EDGE-0008402,EV-CONTRACT-2026-4124
PHO-002683,PHO-000124,EDGE-0008403,EV-CONTRACT-2026-1995
PHO-004245,PHO-003878,EDGE-0008404,EV-CONTRACT-2026-6450
PHO-002366,PHO-002440,EDGE-0008405,EV-CONTRACT-2026-1642
PHO-002390,PHO-000664,EDGE-0008406,EV-CONTRACT-2026-1750
PHO-004161,PHO-000622,EDGE-0008407,EV-CONTRACT-2026-3616
PHO-003861,PHO-003976,EDGE-0008408,EV-CONTRACT-2026-4760
PHO-000575,PHO-001206,EDGE-0008409,EV-CONTRACT-2026-5339
PHO-002672,PHO-004924,EDGE-0008410,EV-CONTRACT-2026-7252
PHO-001985,PHO-001770,EDGE-0008411,EV-CONTRACT-2026-8587
PHO-003499,PHO-004312,EDGE-0008412,EV-CONTRACT-2026-3600
PHO-000102,PHO-001355,EDGE-0008413,EV-CONTRACT-2026-1790
PHO-003984,PHO-002342,EDGE-0008414,EV-CONTRACT-2026-6327
PHO-004780,PHO-002082,EDGE-0008415,EV-CONTRACT-2026-7118
PHO-001951,PHO-002260,EDGE-0008416,EV-CONTRACT-2026-5350
PHO-001618,PHO-000075,EDGE-0008417,EV-CONTRACT-2026-2917
PHO-003116,PHO-004288,EDGE-0008418,EV-CONTRACT-2026-7558
PHO-001805,PHO-004041,EDGE-0008419,EV-CONTRACT-2026-1597
PHO-000398,PHO-004795,EDGE-0008420,EV-CONTRACT-2026-4119
PHO-003237,PHO-003874,EDGE-0008421,EV-CONTRACT-2026-2980
PHO-004327,PHO-001778,EDGE-0008422,EV-CONTRACT-2026-7362
PHO-002804,PHO-000804,EDGE-0008423,EV-CONTRACT-2026-7654
PHO-000567,PHO-003713,EDGE-0008424,EV-CONTRACT-2026-6574
PHO-004582,PHO-004712,EDGE-0008425,EV-CONTRACT-2026-3539
PHO-001837,PHO-001148,EDGE-0008426,EV-CONTRACT-2026-9010
PHO-004918,PHO-000062,EDGE-0008427,EV-CONTRACT-2026-8984
PHO-001297,PHO-002447,EDGE-0008428,EV-CONTRACT-2026-6527
PHO-002983,PHO-001087,EDGE-0008429,EV-CONTRACT-2026-5021
PHO-004825,PHO-004278,EDGE-0008430,EV-CONTRACT-2026-8250
PHO-001200,PHO-001498,EDGE-0008431,EV-CONTRACT-2026-5995
PHO-003241,PHO-003640,EDGE-0008432,EV-CONTRACT-2026-8656
PHO-002050,PHO-001626,EDGE-0008433,EV-CONTRACT-2026-4164
PHO-002110,PHO-001662,EDGE-0008434,EV-CONTRACT-2026-6587
PHO-001109,PHO-000858,EDGE-0008435,EV-CONTRACT-2026-4980
PHO-003643,PHO-002853,EDGE-0008436,EV-CONTRACT-2026-6797
PHO-001049,PHO-003913,EDGE-0008437,EV-CONTRACT-2026-9072
PHO-000460,PHO-002307,EDGE-0008438,EV-CONTRACT-2026-1937
PHO-004977,PHO-002465,EDGE-0008439,EV-CONTRACT-2026-6180
PHO-001452,PHO-002661,EDGE-0008440,EV-CONTRACT-2026-7048
PHO-003979,PHO-002538,EDGE-0008441,EV-CONTRACT-2026-3995
PHO-004696,PHO-001410,EDGE-0008442,EV-CONTRACT-2026-7323
PHO-004751,PHO-001522,EDGE-0008443,EV-CONTRACT-2026-8252
PHO-000300,PHO-003745,EDGE-0008444,EV-CONTRACT-2026-1092
PHO-001201,PHO-003468,EDGE-0008445,EV-CONTRACT-2026-9546
PHO-000782,PHO-001793,EDGE-0008446,EV-CONTRACT-2026-4616
PHO-000650,PHO-001095,EDGE-0008447,EV-CONTRACT-2026-4307
PHO-001771,PHO-004066,EDGE-0008448,EV-CONTRACT-2026-1401
PHO-004318,PHO-004538,EDGE-0008449,EV-CONTRACT-2026-3482
PHO-001509,PHO-000866,EDGE-0008450,EV-CONTRACT-2026-4887
PHO-003327,PHO-003362,EDGE-0008451,EV-CONTRACT-2026-4228
PHO-004767,PHO-004620,EDGE-0008452,EV-CONTRACT-2026-2311
PHO-003338,PHO-003309,EDGE-0008453,EV-CONTRACT-2026-4867
PHO-000981,PHO-004059,EDGE-0008454,EV-CONTRACT-2026-1725
PHO-002961,PHO-000531,EDGE-0008455,EV-CONTRACT-2026-5193
PHO-003122,PHO-001302,EDGE-0008456,EV-CONTRACT-2026-9848
PHO-002889,PHO-004241,EDGE-0008457,EV-CONTRACT-2026-3506
PHO-001895,PHO-000839,EDGE-0008458,EV-CONTRACT-2026-1074
PHO-000288,PHO-001837,EDGE-0008459,EV-CONTRACT-2026-2030
PHO-002805,PHO-000748,EDGE-0008460,EV-CONTRACT-2026-5367
PHO-000176,PHO-000628,EDGE-0008461,EV-CONTRACT-2026-7063
PHO-000997,PHO-003269,EDGE-0008462,EV-CONTRACT-2026-6948
PHO-003608,PHO-001262,EDGE-0008463,EV-CONTRACT-2026-5217
PHO-003978,PHO-000214,EDGE-0008464,EV-CONTRACT-2026-6055
PHO-003030,PHO-001642,EDGE-0008465,EV-CONTRACT-2026-9037
PHO-003342,PHO-002256,EDGE-0008466,EV-CONTRACT-2026-3554
PHO-004779,PHO-000896,EDGE-0008467,EV-CONTRACT-2026-2991
PHO-004103,PHO-003239,EDGE-0008468,EV-CONTRACT-2026-8546
PHO-003423,PHO-001450,EDGE-0008469,EV-CONTRACT-2026-3230
PHO-004752,PHO-002688,EDGE-0008470,EV-CONTRACT-2026-6994
PHO-003996,PHO-000858,EDGE-0008471,EV-CONTRACT-2026-1953
PHO-004575,PHO-004800,EDGE-0008472,EV-CONTRACT-2026-9616
PHO-003155,PHO-004740,EDGE-0008473,EV-CONTRACT-2026-1982
PHO-004780,PHO-004298,EDGE-0008474,EV-CONTRACT-2026-6251
PHO-001161,PHO-004336,EDGE-0008475,EV-CONTRACT-2026-8181
PHO-002174,PHO-001832,EDGE-0008476,EV-CONTRACT-2026-1504
PHO-000574,PHO-002261,EDGE-0008477,EV-CONTRACT-2026-2250
PHO-002476,PHO-002228,EDGE-0008478,EV-CONTRACT-2026-6367
PHO-000307,PHO-004321,EDGE-0008479,EV-CONTRACT-2026-4863
PHO-002256,PHO-000502,EDGE-0008480,EV-CONTRACT-2026-1917
PHO-001535,PHO-002149,EDGE-0008481,EV-CONTRACT-2026-2426
PHO-002478,PHO-001542,EDGE-0008482,EV-CONTRACT-2026-5303
PHO-000052,PHO-002754,EDGE-0008483,EV-CONTRACT-2026-2947
PHO-003241,PHO-004349,EDGE-0008484,EV-CONTRACT-2026-3925
PHO-004018,PHO-001121,EDGE-0008485,EV-CONTRACT-2026-3183
PHO-004797,PHO-004278,EDGE-0008486,EV-CONTRACT-2026-3382
PHO-002389,PHO-001028,EDGE-0008487,EV-CONTRACT-2026-3324
PHO-004949,PHO-002753,EDGE-0008488,EV-CONTRACT-2026-2521
PHO-003891,PHO-004271,EDGE-0008489,EV-CONTRACT-2026-5529
PHO-002677,PHO-002886,EDGE-0008490,EV-CONTRACT-2026-7320
PHO-002886,PHO-004765,EDGE-0008491,EV-CONTRACT-2026-8192
PHO-004470,PHO-002851,EDGE-0008492,EV-CONTRACT-2026-3493
PHO-004909,PHO-002790,EDGE-0008493,EV-CONTRACT-2026-7780
PHO-003730,PHO-001271,EDGE-0008494,EV-CONTRACT-2026-2460
PHO-000285,PHO-003956,EDGE-0008495,EV-CONTRACT-2026-7114
PHO-001949,PHO-004732,EDGE-0008496,EV-CONTRACT-2026-1083
PHO-003740,PHO-004537,EDGE-0008497,EV-CONTRACT-2026-4689
PHO-003929,PHO-004417,EDGE-0008498,EV-CONTRACT-2026-2975
PHO-000679,PHO-000966,EDGE-0008499,EV-CONTRACT-2026-9038
PHO-002310,PHO-000821,EDGE-0008500,EV-CONTRACT-2026-2813
PHO-000255,PHO-004917,EDGE-0008501,EV-CONTRACT-2026-1721
PHO-002784,PHO-004453,EDGE-0008502,EV-CONTRACT-2026-4571
PHO-000264,PHO-001794,EDGE-0008503,EV-CONTRACT-2026-3219
PHO-004553,PHO-004611,EDGE-0008504,EV-CONTRACT-2026-3249
PHO-001009,PHO-000778,EDGE-0008505,EV-CONTRACT-2026-4152
PHO-001925,PHO-001844,EDGE-0008506,EV-CONTRACT-2026-1590
PHO-004130,PHO-002160,EDGE-0008507,EV-CONTRACT-2026-1615
PHO-000382,PHO-001097,EDGE-0008508,EV-CONTRACT-2026-3836
PHO-003198,PHO-001900,EDGE-0008509,EV-CONTRACT-2026-4441
PHO-003466,PHO-003100,EDGE-0008510,EV-CONTRACT-2026-5140
PHO-001173,PHO-000471,EDGE-0008511,EV-CONTRACT-2026-3827
PHO-003551,PHO-001463,EDGE-0008512,EV-CONTRACT-2026-7509
PHO-001513,PHO-001444,EDGE-0008513,EV-CONTRACT-2026-2718
PHO-003507,PHO-001625,EDGE-0008514,EV-CONTRACT-2026-2476
PHO-002899,PHO-004373,EDGE-0008515,EV-CONTRACT-2026-2078
PHO-000410,PHO-001390,EDGE-0008516,EV-CONTRACT-2026-7205
PHO-000231,PHO-002813,EDGE-0008517,EV-CONTRACT-2026-6208
PHO-004209,PHO-003107,EDGE-0008518,EV-CONTRACT-2026-6569
PHO-001413,PHO-002773,EDGE-0008519,EV-CONTRACT-2026-3208
PHO-004014,PHO-001042,EDGE-0008520,EV-CONTRACT-2026-3983
PHO-002629,PHO-004013,EDGE-0008521,EV-CONTRACT-2026-6295
PHO-002049,PHO-003298,EDGE-0008522,EV-CONTRACT-2026-2549
PHO-001608,PHO-004653,EDGE-0008523,EV-CONTRACT-2026-9528
PHO-002506,PHO-002279,EDGE-0008524,EV-CONTRACT-2026-3631
PHO-001710,PHO-004195,EDGE-0008525,EV-CONTRACT-2026-9446
PHO-001880,PHO-004540,EDGE-0008526,EV-CONTRACT-2026-9961
PHO-002066,PHO-003948,EDGE-0008527,EV-CONTRACT-2026-4976
PHO-003414,PHO-002381,EDGE-0008528,EV-CONTRACT-2026-3443
PHO-000026,PHO-001833,EDGE-0008529,EV-CONTRACT-2026-8364
PHO-002338,PHO-004741,EDGE-0008530,EV-CONTRACT-2026-9230
PHO-001208,PHO-000711,EDGE-0008531,EV-CONTRACT-2026-9270
PHO-000271,PHO-000296,EDGE-0008532,EV-CONTRACT-2026-9529
PHO-000026,PHO-002873,EDGE-0008533,EV-CONTRACT-2026-2264
PHO-002781,PHO-002567,EDGE-0008534,EV-CONTRACT-2026-7971
PHO-002418,PHO-004126,EDGE-0008535,EV-CONTRACT-2026-4029
PHO-004907,PHO-002836,EDGE-0008536,EV-CONTRACT-2026-6878
PHO-004541,PHO-002019,EDGE-0008537,EV-CONTRACT-2026-1186
PHO-002909,PHO-000060,EDGE-0008538,EV-CONTRACT-2026-4801
PHO-000393,PHO-000772,EDGE-0008539,EV-CONTRACT-2026-7657
PHO-004882,PHO-003737,EDGE-0008540,EV-CONTRACT-2026-9587
PHO-003491,PHO-001258,EDGE-0008541,EV-CONTRACT-2026-9320
PHO-001965,PHO-004348,EDGE-0008542,EV-CONTRACT-2026-8333
PHO-001593,PHO-002436,EDGE-0008543,EV-CONTRACT-2026-9583
PHO-001509,PHO-002325,EDGE-0008544,EV-CONTRACT-2026-6280
PHO-000044,PHO-004847,EDGE-0008545,EV-CONTRACT-2026-7353
PHO-000577,PHO-004755,EDGE-0008546,EV-CONTRACT-2026-8262
PHO-003331,PHO-002937,EDGE-0008547,EV-CONTRACT-2026-7804
PHO-002306,PHO-004940,EDGE-0008548,EV-CONTRACT-2026-7419
PHO-001887,PHO-002910,EDGE-0008549,EV-CONTRACT-2026-5791
PHO-004891,PHO-000141,EDGE-0008550,EV-CONTRACT-2026-6432
PHO-000897,PHO-001924,EDGE-0008551,EV-CONTRACT-2026-7114
PHO-003291,PHO-000867,EDGE-0008552,EV-CONTRACT-2026-3686
PHO-004880,PHO-001199,EDGE-0008553,EV-CONTRACT-2026-3274
PHO-001254,PHO-002086,EDGE-0008554,EV-CONTRACT-2026-8845
PHO-003170,PHO-000758,EDGE-0008555,EV-CONTRACT-2026-1485
PHO-002420,PHO-003266,EDGE-0008556,EV-CONTRACT-2026-5571
PHO-001716,PHO-004806,EDGE-0008557,EV-CONTRACT-2026-7130
PHO-004177,PHO-003789,EDGE-0008558,EV-CONTRACT-2026-6618
PHO-003652,PHO-002374,EDGE-0008559,EV-CONTRACT-2026-7154
PHO-003493,PHO-000157,EDGE-0008560,EV-CONTRACT-2026-4440
PHO-000091,PHO-003284,EDGE-0008561,EV-CONTRACT-2026-2839
PHO-001013,PHO-003596,EDGE-0008562,EV-CONTRACT-2026-1621
PHO-000114,PHO-002377,EDGE-0008563,EV-CONTRACT-2026-4231
PHO-000448,PHO-002277,EDGE-0008564,EV-CONTRACT-2026-4649
PHO-004881,PHO-000163,EDGE-0008565,EV-CONTRACT-2026-9881
PHO-002070,PHO-001166,EDGE-0008566,EV-CONTRACT-2026-7767
PHO-002553,PHO-000419,EDGE-0008567,EV-CONTRACT-2026-2237
PHO-001806,PHO-001886,EDGE-0008568,EV-CONTRACT-2026-7283
PHO-004171,PHO-003015,EDGE-0008569,EV-CONTRACT-2026-6796
PHO-003094,PHO-000087,EDGE-0008570,EV-CONTRACT-2026-1830
PHO-004398,PHO-000845,EDGE-0008571,EV-CONTRACT-2026-5272
PHO-004963,PHO-002066,EDGE-0008572,EV-CONTRACT-2026-3184
PHO-002438,PHO-004300,EDGE-0008573,EV-CONTRACT-2026-4046
PHO-001537,PHO-001013,EDGE-0008574,EV-CONTRACT-2026-1569
PHO-004929,PHO-003858,EDGE-0008575,EV-CONTRACT-2026-9147
PHO-002414,PHO-000513,EDGE-0008576,EV-CONTRACT-2026-7978
PHO-004843,PHO-004970,EDGE-0008577,EV-CONTRACT-2026-5803
PHO-001312,PHO-002973,EDGE-0008578,EV-CONTRACT-2026-8805
PHO-003127,PHO-003626,EDGE-0008579,EV-CONTRACT-2026-3379
PHO-001129,PHO-002086,EDGE-0008580,EV-CONTRACT-2026-6536
PHO-000692,PHO-003668,EDGE-0008581,EV-CONTRACT-2026-5897
PHO-004770,PHO-004824,EDGE-0008582,EV-CONTRACT-2026-8642
PHO-003295,PHO-000265,EDGE-0008583,EV-CONTRACT-2026-6062
PHO-004200,PHO-001318,EDGE-0008584,EV-CONTRACT-2026-6499
PHO-001135,PHO-000234,EDGE-0008585,EV-CONTRACT-2026-7779
PHO-002843,PHO-000561,EDGE-0008586,EV-CONTRACT-2026-3381
PHO-003868,PHO-002837,EDGE-0008587,EV-CONTRACT-2026-5268
PHO-003074,PHO-001368,EDGE-0008588,EV-CONTRACT-2026-1715
PHO-001683,PHO-004135,EDGE-0008589,EV-CONTRACT-2026-2528
PHO-001392,PHO-004630,EDGE-0008590,EV-CONTRACT-2026-3074
PHO-001653,PHO-002734,EDGE-0008591,EV-CONTRACT-2026-6060
PHO-000828,PHO-003493,EDGE-0008592,EV-CONTRACT-2026-7574
PHO-004094,PHO-000545,EDGE-0008593,EV-CONTRACT-2026-2242
PHO-003193,PHO-003918,EDGE-0008594,EV-CONTRACT-2026-4325
PHO-003651,PHO-002063,EDGE-0008595,EV-CONTRACT-2026-8869
PHO-000365,PHO-002287,EDGE-0008596,EV-CONTRACT-2026-9967
PHO-001467,PHO-001703,EDGE-0008597,EV-CONTRACT-2026-4408
PHO-001815,PHO-002724,EDGE-0008598,EV-CONTRACT-2026-5362
PHO-004681,PHO-002780,EDGE-0008599,EV-CONTRACT-2026-4671
PHO-004650,PHO-004509,EDGE-0008600,EV-CONTRACT-2026-9921
PHO-004976,PHO-000758,EDGE-0008601,EV-CONTRACT-2026-1397
PHO-003578,PHO-002046,EDGE-0008602,EV-CONTRACT-2026-2956
PHO-002260,PHO-000946,EDGE-0008603,EV-CONTRACT-2026-5512
PHO-002598,PHO-003220,EDGE-0008604,EV-CONTRACT-2026-2683
PHO-003982,PHO-004009,EDGE-0008605,EV-CONTRACT-2026-6518
PHO-003852,PHO-004985,EDGE-0008606,EV-CONTRACT-2026-2570
PHO-000826,PHO-002907,EDGE-0008607,EV-CONTRACT-2026-3084
PHO-003410,PHO-000925,EDGE-0008608,EV-CONTRACT-2026-1606
PHO-000340,PHO-004352,EDGE-0008609,EV-CONTRACT-2026-2625
PHO-004052,PHO-002015,EDGE-0008610,EV-CONTRACT-2026-9406
PHO-000455,PHO-004922,EDGE-0008611,EV-CONTRACT-2026-6484
PHO-002645,PHO-003480,EDGE-0008612,EV-CONTRACT-2026-6273
PHO-004402,PHO-003157,EDGE-0008613,EV-CONTRACT-2026-7890
PHO-004902,PHO-002374,EDGE-0008614,EV-CONTRACT-2026-4403
PHO-000877,PHO-003571,EDGE-0008615,EV-CONTRACT-2026-1034
PHO-003472,PHO-004722,EDGE-0008616,EV-CONTRACT-2026-8850
PHO-003170,PHO-001849,EDGE-0008617,EV-CONTRACT-2026-2200
PHO-000425,PHO-003307,EDGE-0008618,EV-CONTRACT-2026-9967
PHO-003159,PHO-002795,EDGE-0008619,EV-CONTRACT-2026-6922
PHO-004335,PHO-000112,EDGE-0008620,EV-CONTRACT-2026-3076
PHO-000495,PHO-003438,EDGE-0008621,EV-CONTRACT-2026-1032
PHO-004069,PHO-003164,EDGE-0008622,EV-CONTRACT-2026-8766
PHO-002508,PHO-003235,EDGE-0008623,EV-CONTRACT-2026-2136
PHO-003342,PHO-003276,EDGE-0008624,EV-CONTRACT-2026-1102
PHO-004915,PHO-000294,EDGE-0008625,EV-CONTRACT-2026-2671
PHO-001995,PHO-001882,EDGE-0008626,EV-CONTRACT-2026-5023
PHO-002278,PHO-003632,EDGE-0008627,EV-CONTRACT-2026-2129
PHO-003998,PHO-003039,EDGE-0008628,EV-CONTRACT-2026-8722
PHO-001643,PHO-002619,EDGE-0008629,EV-CONTRACT-2026-7271
PHO-004324,PHO-002083,EDGE-0008630,EV-CONTRACT-2026-9804
PHO-004971,PHO-001181,EDGE-0008631,EV-CONTRACT-2026-4598
PHO-004261,PHO-000067,EDGE-0008632,EV-CONTRACT-2026-5743
PHO-004615,PHO-003815,EDGE-0008633,EV-CONTRACT-2026-1920
PHO-000619,PHO-000422,EDGE-0008634,EV-CONTRACT-2026-6350
PHO-001586,PHO-004551,EDGE-0008635,EV-CONTRACT-2026-7207
PHO-003199,PHO-002792,EDGE-0008636,EV-CONTRACT-2026-7336
PHO-004916,PHO-003756,EDGE-0008637,EV-CONTRACT-2026-4420
PHO-001966,PHO-002394,EDGE-0008638,EV-CONTRACT-2026-3883
PHO-004905,PHO-001277,EDGE-0008639,EV-CONTRACT-2026-4886
PHO-004041,PHO-002420,EDGE-0008640,EV-CONTRACT-2026-1320
PHO-000469,PHO-001242,EDGE-0008641,EV-CONTRACT-2026-4123
PHO-003535,PHO-004078,EDGE-0008642,EV-CONTRACT-2026-1709
PHO-003547,PHO-002919,EDGE-0008643,EV-CONTRACT-2026-7482
PHO-004567,PHO-003660,EDGE-0008644,EV-CONTRACT-2026-6215
PHO-003932,PHO-004352,EDGE-0008645,EV-CONTRACT-2026-3763
PHO-000178,PHO-003835,EDGE-0008646,EV-CONTRACT-2026-8725
PHO-002318,PHO-002432,EDGE-0008647,EV-CONTRACT-2026-8133
PHO-001148,PHO-001161,EDGE-0008648,EV-CONTRACT-2026-3747
PHO-004535,PHO-002121,EDGE-0008649,EV-CONTRACT-2026-7614
PHO-002507,PHO-004678,EDGE-0008650,EV-CONTRACT-2026-8767
PHO-004544,PHO-002413,EDGE-0008651,EV-CONTRACT-2026-7518
PHO-001982,PHO-002422,EDGE-0008652,EV-CONTRACT-2026-1587
PHO-001797,PHO-000634,EDGE-0008653,EV-CONTRACT-2026-8917
PHO-003138,PHO-000357,EDGE-0008654,EV-CONTRACT-2026-5660
PHO-000280,PHO-003463,EDGE-0008655,EV-CONTRACT-2026-3663
PHO-004494,PHO-001471,EDGE-0008656,EV-CONTRACT-2026-3963
PHO-002344,PHO-000885,EDGE-0008657,EV-CONTRACT-2026-3673
PHO-002210,PHO-000052,EDGE-0008658,EV-CONTRACT-2026-3449
PHO-004541,PHO-000351,EDGE-0008659,EV-CONTRACT-2026-4953
PHO-001233,PHO-004670,EDGE-0008660,EV-CONTRACT-2026-6843
PHO-002438,PHO-002908,EDGE-0008661,EV-CONTRACT-2026-6679
PHO-000425,PHO-001999,EDGE-0008662,EV-CONTRACT-2026-2309
PHO-002090,PHO-003806,EDGE-0008663,EV-CONTRACT-2026-8884
PHO-001650,PHO-002313,EDGE-0008664,EV-CONTRACT-2026-7878
PHO-000696,PHO-003134,EDGE-0008665,EV-CONTRACT-2026-5542
PHO-003287,PHO-001616,EDGE-0008666,EV-CONTRACT-2026-5684
PHO-003488,PHO-001403,EDGE-0008667,EV-CONTRACT-2026-3600
PHO-001690,PHO-004489,EDGE-0008668,EV-CONTRACT-2026-3803
PHO-002163,PHO-003861,EDGE-0008669,EV-CONTRACT-2026-4024
PHO-001500,PHO-002643,EDGE-0008670,EV-CONTRACT-2026-3613
PHO-003706,PHO-003587,EDGE-0008671,EV-CONTRACT-2026-5920
PHO-002413,PHO-003478,EDGE-0008672,EV-CONTRACT-2026-4734
PHO-002679,PHO-003733,EDGE-0008673,EV-CONTRACT-2026-8804
PHO-004824,PHO-002603,EDGE-0008674,EV-CONTRACT-2026-8741
PHO-003055,PHO-000232,EDGE-0008675,EV-CONTRACT-2026-6393
PHO-001310,PHO-002773,EDGE-0008676,EV-CONTRACT-2026-7247
PHO-003013,PHO-001182,EDGE-0008677,EV-CONTRACT-2026-2226
PHO-003425,PHO-004665,EDGE-0008678,EV-CONTRACT-2026-6696
PHO-001818,PHO-003115,EDGE-0008679,EV-CONTRACT-2026-7798
PHO-000277,PHO-003775,EDGE-0008680,EV-CONTRACT-2026-7615
PHO-003396,PHO-001779,EDGE-0008681,EV-CONTRACT-2026-9975
PHO-003034,PHO-003822,EDGE-0008682,EV-CONTRACT-2026-2102
PHO-001276,PHO-003303,EDGE-0008683,EV-CONTRACT-2026-8255
PHO-001874,PHO-003172,EDGE-0008684,EV-CONTRACT-2026-8500
PHO-002383,PHO-001269,EDGE-0008685,EV-CONTRACT-2026-1943
PHO-003812,PHO-003272,EDGE-0008686,EV-CONTRACT-2026-8019
PHO-000149,PHO-001970,EDGE-0008687,EV-CONTRACT-2026-2320
PHO-000617,PHO-003145,EDGE-0008688,EV-CONTRACT-2026-2237
PHO-003543,PHO-002753,EDGE-0008689,EV-CONTRACT-2026-5144
PHO-001485,PHO-002252,EDGE-0008690,EV-CONTRACT-2026-5707
PHO-002839,PHO-004265,EDGE-0008691,EV-CONTRACT-2026-1924
PHO-001173,PHO-003808,EDGE-0008692,EV-CONTRACT-2026-9411
PHO-001182,PHO-003455,EDGE-0008693,EV-CONTRACT-2026-4932
PHO-002984,PHO-002937,EDGE-0008694,EV-CONTRACT-2026-4248
PHO-001516,PHO-000519,EDGE-0008695,EV-CONTRACT-2026-1422
PHO-000728,PHO-003433,EDGE-0008696,EV-CONTRACT-2026-6382
PHO-000949,PHO-002509,EDGE-0008697,EV-CONTRACT-2026-5012
PHO-001870,PHO-001634,EDGE-0008698,EV-CONTRACT-2026-5812
PHO-002032,PHO-004622,EDGE-0008699,EV-CONTRACT-2026-7335
PHO-003408,PHO-004322,EDGE-0008700,EV-CONTRACT-2026-4586
PHO-001661,PHO-000996,EDGE-0008701,EV-CONTRACT-2026-4971
PHO-001202,PHO-000672,EDGE-0008702,EV-CONTRACT-2026-8092
PHO-001686,PHO-004664,EDGE-0008703,EV-CONTRACT-2026-1941
PHO-004072,PHO-003290,EDGE-0008704,EV-CONTRACT-2026-1729
PHO-003942,PHO-001864,EDGE-0008705,EV-CONTRACT-2026-3739
PHO-001541,PHO-004224,EDGE-0008706,EV-CONTRACT-2026-7154
PHO-000121,PHO-001008,EDGE-0008707,EV-CONTRACT-2026-3640
PHO-001295,PHO-004828,EDGE-0008708,EV-CONTRACT-2026-5350
PHO-000809,PHO-002980,EDGE-0008709,EV-CONTRACT-2026-1665
PHO-000266,PHO-001694,EDGE-0008710,EV-CONTRACT-2026-5565
PHO-000627,PHO-000943,EDGE-0008711,EV-CONTRACT-2026-2392
PHO-001041,PHO-001998,EDGE-0008712,EV-CONTRACT-2026-7722
PHO-001475,PHO-000161,EDGE-0008713,EV-CONTRACT-2026-3821
PHO-003365,PHO-001044,EDGE-0008714,EV-CONTRACT-2026-5625
PHO-001339,PHO-003325,EDGE-0008715,EV-CONTRACT-2026-1435
PHO-003054,PHO-003790,EDGE-0008716,EV-CONTRACT-2026-4175
PHO-002577,PHO-002412,EDGE-0008717,EV-CONTRACT-2026-7002
PHO-004036,PHO-004973,EDGE-0008718,EV-CONTRACT-2026-8218
PHO-000980,PHO-000118,EDGE-0008719,EV-CONTRACT-2026-7610
PHO-004036,PHO-002035,EDGE-0008720,EV-CONTRACT-2026-6877
PHO-002490,PHO-002802,EDGE-0008721,EV-CONTRACT-2026-8254
PHO-002277,PHO-001490,EDGE-0008722,EV-CONTRACT-2026-5623
PHO-000849,PHO-004406,EDGE-0008723,EV-CONTRACT-2026-9842
PHO-004712,PHO-001806,EDGE-0008724,EV-CONTRACT-2026-6283
PHO-003943,PHO-003550,EDGE-0008725,EV-CONTRACT-2026-1890
PHO-000428,PHO-000026,EDGE-0008726,EV-CONTRACT-2026-3784
PHO-004871,PHO-003486,EDGE-0008727,EV-CONTRACT-2026-1505
PHO-003986,PHO-001603,EDGE-0008728,EV-CONTRACT-2026-7465
PHO-000991,PHO-004634,EDGE-0008729,EV-CONTRACT-2026-1090
PHO-002903,PHO-002689,EDGE-0008730,EV-CONTRACT-2026-1023
PHO-002099,PHO-004712,EDGE-0008731,EV-CONTRACT-2026-8644
PHO-002881,PHO-000918,EDGE-0008732,EV-CONTRACT-2026-3975
PHO-000457,PHO-000114,EDGE-0008733,EV-CONTRACT-2026-1078
PHO-003942,PHO-001188,EDGE-0008734,EV-CONTRACT-2026-1488
PHO-001211,PHO-004145,EDGE-0008735,EV-CONTRACT-2026-7348
PHO-004176,PHO-002332,EDGE-0008736,EV-CONTRACT-2026-1642
PHO-002379,PHO-002148,EDGE-0008737,EV-CONTRACT-2026-3405
PHO-002254,PHO-003208,EDGE-0008738,EV-CONTRACT-2026-1085
PHO-003598,PHO-004139,EDGE-0008739,EV-CONTRACT-2026-1065
PHO-000321,PHO-000880,EDGE-0008740,EV-CONTRACT-2026-5840
PHO-003736,PHO-003386,EDGE-0008741,EV-CONTRACT-2026-2669
PHO-000741,PHO-003079,EDGE-0008742,EV-CONTRACT-2026-4366
PHO-000954,PHO-003956,EDGE-0008743,EV-CONTRACT-2026-8734
PHO-002423,PHO-004545,EDGE-0008744,EV-CONTRACT-2026-1673
PHO-000608,PHO-000280,EDGE-0008745,EV-CONTRACT-2026-1960
PHO-001138,PHO-000238,EDGE-0008746,EV-CONTRACT-2026-2011
PHO-002843,PHO-000360,EDGE-0008747,EV-CONTRACT-2026-6853
PHO-003921,PHO-003349,EDGE-0008748,EV-CONTRACT-2026-4020
PHO-002734,PHO-002503,EDGE-0008749,EV-CONTRACT-2026-4348
PHO-004177,PHO-004522,EDGE-0008750,EV-CONTRACT-2026-8773
PHO-000833,PHO-002188,EDGE-0008751,EV-CONTRACT-2026-6239
PHO-003081,PHO-004930,EDGE-0008752,EV-CONTRACT-2026-6944
PHO-001731,PHO-004528,EDGE-0008753,EV-CONTRACT-2026-2228
PHO-001976,PHO-003856,EDGE-0008754,EV-CONTRACT-2026-4045
PHO-001446,PHO-002363,EDGE-0008755,EV-CONTRACT-2026-6386
PHO-004058,PHO-001893,EDGE-0008756,EV-CONTRACT-2026-3609
PHO-004522,PHO-004132,EDGE-0008757,EV-CONTRACT-2026-1616
PHO-003699,PHO-001716,EDGE-0008758,EV-CONTRACT-2026-9291
PHO-004949,PHO-003519,EDGE-0008759,EV-CONTRACT-2026-7391
PHO-004651,PHO-004449,EDGE-0008760,EV-CONTRACT-2026-5985
PHO-003209,PHO-003472,EDGE-0008761,EV-CONTRACT-2026-6947
PHO-000567,PHO-003946,EDGE-0008762,EV-CONTRACT-2026-4656
PHO-000689,PHO-001807,EDGE-0008763,EV-CONTRACT-2026-4625
PHO-001559,PHO-000752,EDGE-0008764,EV-CONTRACT-2026-8691
PHO-000502,PHO-000446,EDGE-0008765,EV-CONTRACT-2026-4870
PHO-002355,PHO-004889,EDGE-0008766,EV-CONTRACT-2026-9888
PHO-000156,PHO-004664,EDGE-0008767,EV-CONTRACT-2026-8072
PHO-002818,PHO-000285,EDGE-0008768,EV-CONTRACT-2026-5579
PHO-000333,PHO-000274,EDGE-0008769,EV-CONTRACT-2026-4518
PHO-004307,PHO-002415,EDGE-0008770,EV-CONTRACT-2026-3082
PHO-001441,PHO-002144,EDGE-0008771,EV-CONTRACT-2026-4006
PHO-001155,PHO-001358,EDGE-0008772,EV-CONTRACT-2026-7757
PHO-002059,PHO-003466,EDGE-0008773,EV-CONTRACT-2026-7260
PHO-000710,PHO-004833,EDGE-0008774,EV-CONTRACT-2026-3903
PHO-004781,PHO-004724,EDGE-0008775,EV-CONTRACT-2026-1697
PHO-004810,PHO-004129,EDGE-0008776,EV-CONTRACT-2026-6419
PHO-003756,PHO-003739,EDGE-0008777,EV-CONTRACT-2026-7077
PHO-001296,PHO-001662,EDGE-0008778,EV-CONTRACT-2026-4861
PHO-004578,PHO-001841,EDGE-0008779,EV-CONTRACT-2026-1246
PHO-004680,PHO-001390,EDGE-0008780,EV-CONTRACT-2026-3529
PHO-001904,PHO-001872,EDGE-0008781,EV-CONTRACT-2026-4118
PHO-002979,PHO-001654,EDGE-0008782,EV-CONTRACT-2026-2391
PHO-000533,PHO-000688,EDGE-0008783,EV-CONTRACT-2026-9095
PHO-002428,PHO-001507,EDGE-0008784,EV-CONTRACT-2026-2947
PHO-001037,PHO-002573,EDGE-0008785,EV-CONTRACT-2026-6957
PHO-001055,PHO-001140,EDGE-0008786,EV-CONTRACT-2026-1979
PHO-002742,PHO-000520,EDGE-0008787,EV-CONTRACT-2026-6029
PHO-001478,PHO-004687,EDGE-0008788,EV-CONTRACT-2026-4738
PHO-004108,PHO-000998,EDGE-0008789,EV-CONTRACT-2026-3698
PHO-002217,PHO-003759,EDGE-0008790,EV-CONTRACT-2026-7146
PHO-000848,PHO-001165,EDGE-0008791,EV-CONTRACT-2026-6259
PHO-002828,PHO-002628,EDGE-0008792,EV-CONTRACT-2026-8116
PHO-001696,PHO-003864,EDGE-0008793,EV-CONTRACT-2026-4348
PHO-003466,PHO-004708,EDGE-0008794,EV-CONTRACT-2026-1345
PHO-004228,PHO-003575,EDGE-0008795,EV-CONTRACT-2026-8344
PHO-001989,PHO-004403,EDGE-0008796,EV-CONTRACT-2026-7561
PHO-000910,PHO-001009,EDGE-0008797,EV-CONTRACT-2026-2954
PHO-000388,PHO-002075,EDGE-0008798,EV-CONTRACT-2026-3341
PHO-002961,PHO-001000,EDGE-0008799,EV-CONTRACT-2026-1585
PHO-002438,PHO-002189,EDGE-0008800,EV-CONTRACT-2026-6827
PHO-000174,PHO-000351,EDGE-0008801,EV-CONTRACT-2026-9695
PHO-000177,PHO-002946,EDGE-0008802,EV-CONTRACT-2026-2713
PHO-003058,PHO-002800,EDGE-0008803,EV-CONTRACT-2026-4059
PHO-000762,PHO-003086,EDGE-0008804,EV-CONTRACT-2026-2220
PHO-001213,PHO-000116,EDGE-0008805,EV-CONTRACT-2026-7983
PHO-000145,PHO-001272,EDGE-0008806,EV-CONTRACT-2026-1404
PHO-002517,PHO-001031,EDGE-0008807,EV-CONTRACT-2026-7830
PHO-000567,PHO-003934,EDGE-0008808,EV-CONTRACT-2026-7691
PHO-000868,PHO-000845,EDGE-0008809,EV-CONTRACT-2026-5956
PHO-001759,PHO-004790,EDGE-0008810,EV-CONTRACT-2026-1043
PHO-000184,PHO-004311,EDGE-0008811,EV-CONTRACT-2026-7885
PHO-003155,PHO-004436,EDGE-0008812,EV-CONTRACT-2026-7532
PHO-003514,PHO-004531,EDGE-0008813,EV-CONTRACT-2026-7642
PHO-004406,PHO-003946,EDGE-0008814,EV-CONTRACT-2026-7595
PHO-003245,PHO-001842,EDGE-0008815,EV-CONTRACT-2026-3865
PHO-000805,PHO-000270,EDGE-0008816,EV-CONTRACT-2026-3947
PHO-004970,PHO-002392,EDGE-0008817,EV-CONTRACT-2026-1059
PHO-000185,PHO-004487,EDGE-0008818,EV-CONTRACT-2026-8189
PHO-001456,PHO-001665,EDGE-0008819,EV-CONTRACT-2026-1381
PHO-000737,PHO-002825,EDGE-0008820,EV-CONTRACT-2026-3132
PHO-004879,PHO-001503,EDGE-0008821,EV-CONTRACT-2026-1521
PHO-000417,PHO-001096,EDGE-0008822,EV-CONTRACT-2026-5475
PHO-000465,PHO-004656,EDGE-0008823,EV-CONTRACT-2026-7209
PHO-002651,PHO-004561,EDGE-0008824,EV-CONTRACT-2026-4104
PHO-003419,PHO-001148,EDGE-0008825,EV-CONTRACT-2026-6746
PHO-004973,PHO-004923,EDGE-0008826,EV-CONTRACT-2026-6444
PHO-000820,PHO-003212,EDGE-0008827,EV-CONTRACT-2026-5199
PHO-001981,PHO-004361,EDGE-0008828,EV-CONTRACT-2026-6093
PHO-000918,PHO-001503,EDGE-0008829,EV-CONTRACT-2026-4227
PHO-000329,PHO-002216,EDGE-0008830,EV-CONTRACT-2026-7965
PHO-003551,PHO-001831,EDGE-0008831,EV-CONTRACT-2026-6931
PHO-003335,PHO-004761,EDGE-0008832,EV-CONTRACT-2026-1881
PHO-000245,PHO-001429,EDGE-0008833,EV-CONTRACT-2026-9223
PHO-000954,PHO-000553,EDGE-0008834,EV-CONTRACT-2026-4868
PHO-003691,PHO-004387,EDGE-0008835,EV-CONTRACT-2026-5076
PHO-002455,PHO-004898,EDGE-0008836,EV-CONTRACT-2026-3756
PHO-001321,PHO-003425,EDGE-0008837,EV-CONTRACT-2026-4217
PHO-001465,PHO-001453,EDGE-0008838,EV-CONTRACT-2026-4081
PHO-000370,PHO-004760,EDGE-0008839,EV-CONTRACT-2026-7734
PHO-003368,PHO-004176,EDGE-0008840,EV-CONTRACT-2026-2964
PHO-000897,PHO-001376,EDGE-0008841,EV-CONTRACT-2026-3654
PHO-001562,PHO-003343,EDGE-0008842,EV-CONTRACT-2026-6332
PHO-004113,PHO-002689,EDGE-0008843,EV-CONTRACT-2026-1660
PHO-004654,PHO-003993,EDGE-0008844,EV-CONTRACT-2026-6994
PHO-001890,PHO-004368,EDGE-0008845,EV-CONTRACT-2026-2439
PHO-004563,PHO-000392,EDGE-0008846,EV-CONTRACT-2026-7742
PHO-001122,PHO-003896,EDGE-0008847,EV-CONTRACT-2026-7365
PHO-004810,PHO-000147,EDGE-0008848,EV-CONTRACT-2026-2101
PHO-001384,PHO-003272,EDGE-0008849,EV-CONTRACT-2026-3737
PHO-003560,PHO-000295,EDGE-0008850,EV-CONTRACT-2026-7378
PHO-001080,PHO-000555,EDGE-0008851,EV-CONTRACT-2026-8499
PHO-000909,PHO-000665,EDGE-0008852,EV-CONTRACT-2026-1979
PHO-001669,PHO-000782,EDGE-0008853,EV-CONTRACT-2026-4194
PHO-001333,PHO-003209,EDGE-0008854,EV-CONTRACT-2026-1797
PHO-003692,PHO-000691,EDGE-0008855,EV-CONTRACT-2026-8006
PHO-004376,PHO-003982,EDGE-0008856,EV-CONTRACT-2026-7359
PHO-002890,PHO-004516,EDGE-0008857,EV-CONTRACT-2026-8419
PHO-004572,PHO-001369,EDGE-0008858,EV-CONTRACT-2026-2106
PHO-001027,PHO-001631,EDGE-0008859,EV-CONTRACT-2026-1386
PHO-000944,PHO-000684,EDGE-0008860,EV-CONTRACT-2026-8087
PHO-001957,PHO-004639,EDGE-0008861,EV-CONTRACT-2026-6041
PHO-000564,PHO-000928,EDGE-0008862,EV-CONTRACT-2026-8867
PHO-000303,PHO-001889,EDGE-0008863,EV-CONTRACT-2026-6138
PHO-003921,PHO-000740,EDGE-0008864,EV-CONTRACT-2026-3031
PHO-001084,PHO-000556,EDGE-0008865,EV-CONTRACT-2026-3067
PHO-004873,PHO-001786,EDGE-0008866,EV-CONTRACT-2026-5274
PHO-004315,PHO-003922,EDGE-0008867,EV-CONTRACT-2026-5405
PHO-001186,PHO-000575,EDGE-0008868,EV-CONTRACT-2026-6906
PHO-000988,PHO-004032,EDGE-0008869,EV-CONTRACT-2026-6673
PHO-003268,PHO-000532,EDGE-0008870,EV-CONTRACT-2026-2935
PHO-003938,PHO-000123,EDGE-0008871,EV-CONTRACT-2026-8760
PHO-004584,PHO-003321,EDGE-0008872,EV-CONTRACT-2026-6359
PHO-000049,PHO-004488,EDGE-0008873,EV-CONTRACT-2026-2253
PHO-002208,PHO-001076,EDGE-0008874,EV-CONTRACT-2026-2528
PHO-003532,PHO-001142,EDGE-0008875,EV-CONTRACT-2026-8484
PHO-003748,PHO-000479,EDGE-0008876,EV-CONTRACT-2026-2414
PHO-000533,PHO-002677,EDGE-0008877,EV-CONTRACT-2026-4087
PHO-001005,PHO-000083,EDGE-0008878,EV-CONTRACT-2026-1403
PHO-004734,PHO-002527,EDGE-0008879,EV-CONTRACT-2026-7824
PHO-002665,PHO-000940,EDGE-0008880,EV-CONTRACT-2026-3528
PHO-000066,PHO-000425,EDGE-0008881,EV-CONTRACT-2026-9928
PHO-001496,PHO-003884,EDGE-0008882,EV-CONTRACT-2026-5167
PHO-004835,PHO-000897,EDGE-0008883,EV-CONTRACT-2026-6436
PHO-004588,PHO-002338,EDGE-0008884,EV-CONTRACT-2026-1247
PHO-001820,PHO-001481,EDGE-0008885,EV-CONTRACT-2026-6065
PHO-003527,PHO-004745,EDGE-0008886,EV-CONTRACT-2026-4513
PHO-001521,PHO-003150,EDGE-0008887,EV-CONTRACT-2026-6993
PHO-001417,PHO-003077,EDGE-0008888,EV-CONTRACT-2026-4751
PHO-001815,PHO-002840,EDGE-0008889,EV-CONTRACT-2026-6788
PHO-004982,PHO-002388,EDGE-0008890,EV-CONTRACT-2026-6237
PHO-001788,PHO-000477,EDGE-0008891,EV-CONTRACT-2026-7320
PHO-004950,PHO-002979,EDGE-0008892,EV-CONTRACT-2026-9692
PHO-004043,PHO-002409,EDGE-0008893,EV-CONTRACT-2026-5160
PHO-004481,PHO-000295,EDGE-0008894,EV-CONTRACT-2026-3539
PHO-004336,PHO-002078,EDGE-0008895,EV-CONTRACT-2026-8887
PHO-002869,PHO-004078,EDGE-0008896,EV-CONTRACT-2026-4471
PHO-000663,PHO-003829,EDGE-0008897,EV-CONTRACT-2026-9839
PHO-004781,PHO-003729,EDGE-0008898,EV-CONTRACT-2026-4535
PHO-002903,PHO-000567,EDGE-0008899,EV-CONTRACT-2026-2241
PHO-000055,PHO-002080,EDGE-0008900,EV-CONTRACT-2026-7944
PHO-000118,PHO-000483,EDGE-0008901,EV-CONTRACT-2026-8503
PHO-004919,PHO-000349,EDGE-0008902,EV-CONTRACT-2026-8329
PHO-002980,PHO-003827,EDGE-0008903,EV-CONTRACT-2026-7997
PHO-003186,PHO-000016,EDGE-0008904,EV-CONTRACT-2026-1514
PHO-003966,PHO-002170,EDGE-0008905,EV-CONTRACT-2026-6026
PHO-003553,PHO-004329,EDGE-0008906,EV-CONTRACT-2026-1755
PHO-000834,PHO-002590,EDGE-0008907,EV-CONTRACT-2026-8939
PHO-001097,PHO-002977,EDGE-0008908,EV-CONTRACT-2026-7948
PHO-002387,PHO-000908,EDGE-0008909,EV-CONTRACT-2026-6775
PHO-001678,PHO-003637,EDGE-0008910,EV-CONTRACT-2026-8234
PHO-004989,PHO-000415,EDGE-0008911,EV-CONTRACT-2026-2562
PHO-001934,PHO-000359,EDGE-0008912,EV-CONTRACT-2026-5976
PHO-001736,PHO-001662,EDGE-0008913,EV-CONTRACT-2026-3268
PHO-002559,PHO-002037,EDGE-0008914,EV-CONTRACT-2026-3999
PHO-003224,PHO-003706,EDGE-0008915,EV-CONTRACT-2026-9857
PHO-003686,PHO-003657,EDGE-0008916,EV-CONTRACT-2026-4794
PHO-001741,PHO-000315,EDGE-0008917,EV-CONTRACT-2026-2187
PHO-004597,PHO-000670,EDGE-0008918,EV-CONTRACT-2026-6658
PHO-003778,PHO-001799,EDGE-0008919,EV-CONTRACT-2026-2076
PHO-002234,PHO-003950,EDGE-0008920,EV-CONTRACT-2026-8193
PHO-003990,PHO-003167,EDGE-0008921,EV-CONTRACT-2026-7782
PHO-002975,PHO-002261,EDGE-0008922,EV-CONTRACT-2026-5970
PHO-003147,PHO-000853,EDGE-0008923,EV-CONTRACT-2026-8735
PHO-004575,PHO-001759,EDGE-0008924,EV-CONTRACT-2026-6494
PHO-003862,PHO-004728,EDGE-0008925,EV-CONTRACT-2026-5984
PHO-002553,PHO-001763,EDGE-0008926,EV-CONTRACT-2026-3575
PHO-003820,PHO-001005,EDGE-0008927,EV-CONTRACT-2026-2001
PHO-003770,PHO-002032,EDGE-0008928,EV-CONTRACT-2026-4721
PHO-001693,PHO-000605,EDGE-0008929,EV-CONTRACT-2026-3952
PHO-002856,PHO-004212,EDGE-0008930,EV-CONTRACT-2026-6564
PHO-001044,PHO-002507,EDGE-0008931,EV-CONTRACT-2026-7389
PHO-003284,PHO-000550,EDGE-0008932,EV-CONTRACT-2026-1754
PHO-001304,PHO-000443,EDGE-0008933,EV-CONTRACT-2026-7901
PHO-003100,PHO-000522,EDGE-0008934,EV-CONTRACT-2026-1689
PHO-001647,PHO-000069,EDGE-0008935,EV-CONTRACT-2026-8639
PHO-000694,PHO-000183,EDGE-0008936,EV-CONTRACT-2026-6887
PHO-003098,PHO-003869,EDGE-0008937,EV-CONTRACT-2026-9752
PHO-003801,PHO-001961,EDGE-0008938,EV-CONTRACT-2026-1327
PHO-003049,PHO-004683,EDGE-0008939,EV-CONTRACT-2026-3789
PHO-003951,PHO-001777,EDGE-0008940,EV-CONTRACT-2026-8739
PHO-002892,PHO-002251,EDGE-0008941,EV-CONTRACT-2026-3226
PHO-003917,PHO-004362,EDGE-0008942,EV-CONTRACT-2026-7310
PHO-004547,PHO-004789,EDGE-0008943,EV-CONTRACT-2026-1121
PHO-003705,PHO-000366,EDGE-0008944,EV-CONTRACT-2026-4136
PHO-001326,PHO-000901,EDGE-0008945,EV-CONTRACT-2026-9289
PHO-003794,PHO-001590,EDGE-0008946,EV-CONTRACT-2026-5161
PHO-003374,PHO-003440,EDGE-0008947,EV-CONTRACT-2026-8033
PHO-004899,PHO-001742,EDGE-0008948,EV-CONTRACT-2026-6373
PHO-000318,PHO-004652,EDGE-0008949,EV-CONTRACT-2026-7975
PHO-000269,PHO-001427,EDGE-0008950,EV-CONTRACT-2026-5339
PHO-000813,PHO-002722,EDGE-0008951,EV-CONTRACT-2026-2070
PHO-003272,PHO-004546,EDGE-0008952,EV-CONTRACT-2026-6316
PHO-002300,PHO-003061,EDGE-0008953,EV-CONTRACT-2026-4578
PHO-001709,PHO-004656,EDGE-0008954,EV-CONTRACT-2026-3011
PHO-000432,PHO-001609,EDGE-0008955,EV-CONTRACT-2026-6754
PHO-004250,PHO-001482,EDGE-0008956,EV-CONTRACT-2026-6397
PHO-004030,PHO-000597,EDGE-0008957,EV-CONTRACT-2026-6237
PHO-004728,PHO-002042,EDGE-0008958,EV-CONTRACT-2026-8948
PHO-002418,PHO-004853,EDGE-0008959,EV-CONTRACT-2026-2539
PHO-000411,PHO-003560,EDGE-0008960,EV-CONTRACT-2026-6086
PHO-003852,PHO-004692,EDGE-0008961,EV-CONTRACT-2026-4684
PHO-003783,PHO-000550,EDGE-0008962,EV-CONTRACT-2026-3211
PHO-002130,PHO-003924,EDGE-0008963,EV-CONTRACT-2026-8051
PHO-003289,PHO-004411,EDGE-0008964,EV-CONTRACT-2026-4819
PHO-000787,PHO-001948,EDGE-0008965,EV-CONTRACT-2026-3826
PHO-003992,PHO-002901,EDGE-0008966,EV-CONTRACT-2026-7465
PHO-004901,PHO-003611,EDGE-0008967,EV-CONTRACT-2026-1544
PHO-002000,PHO-001001,EDGE-0008968,EV-CONTRACT-2026-7440
PHO-001123,PHO-002703,EDGE-0008969,EV-CONTRACT-2026-5408
PHO-001530,PHO-004510,EDGE-0008970,EV-CONTRACT-2026-1040
PHO-004918,PHO-000437,EDGE-0008971,EV-CONTRACT-2026-3102
PHO-000016,PHO-004523,EDGE-0008972,EV-CONTRACT-2026-9053
PHO-003490,PHO-000476,EDGE-0008973,EV-CONTRACT-2026-5097
PHO-003407,PHO-002656,EDGE-0008974,EV-CONTRACT-2026-3089
PHO-001743,PHO-003148,EDGE-0008975,EV-CONTRACT-2026-8568
PHO-000807,PHO-003048,EDGE-0008976,EV-CONTRACT-2026-2093
PHO-001818,PHO-003965,EDGE-0008977,EV-CONTRACT-2026-3986
PHO-000956,PHO-004221,EDGE-0008978,EV-CONTRACT-2026-3809
PHO-001984,PHO-004637,EDGE-0008979,EV-CONTRACT-2026-5947
PHO-000528,PHO-004602,EDGE-0008980,EV-CONTRACT-2026-7923
PHO-002308,PHO-003025,EDGE-0008981,EV-CONTRACT-2026-4462
PHO-000636,PHO-004827,EDGE-0008982,EV-CONTRACT-2026-3572
PHO-001572,PHO-004828,EDGE-0008983,EV-CONTRACT-2026-6471
PHO-000615,PHO-002717,EDGE-0008984,EV-CONTRACT-2026-5768
PHO-001029,PHO-004952,EDGE-0008985,EV-CONTRACT-2026-4155
PHO-000503,PHO-004048,EDGE-0008986,EV-CONTRACT-2026-7492
PHO-002904,PHO-000288,EDGE-0008987,EV-CONTRACT-2026-2515
PHO-000925,PHO-001745,EDGE-0008988,EV-CONTRACT-2026-1658
PHO-000312,PHO-004791,EDGE-0008989,EV-CONTRACT-2026-9911
PHO-000823,PHO-000419,EDGE-0008990,EV-CONTRACT-2026-5725
PHO-000691,PHO-000478,EDGE-0008991,EV-CONTRACT-2026-7364
PHO-003981,PHO-003212,EDGE-0008992,EV-CONTRACT-2026-7743
PHO-002677,PHO-001883,EDGE-0008993,EV-CONTRACT-2026-8146
PHO-002896,PHO-000103,EDGE-0008994,EV-CONTRACT-2026-2836
PHO-004913,PHO-001667,EDGE-0008995,EV-CONTRACT-2026-6601
PHO-004978,PHO-000473,EDGE-0008996,EV-CONTRACT-2026-9013
PHO-003555,PHO-003818,EDGE-0008997,EV-CONTRACT-2026-1218
PHO-000532,PHO-004238,EDGE-0008998,EV-CONTRACT-2026-8212
PHO-000136,PHO-004406,EDGE-0008999,EV-CONTRACT-2026-6317
PHO-000361,PHO-000862,EDGE-0009000,EV-CONTRACT-2026-8135
PHO-003778,PHO-003335,EDGE-0009001,EV-CONTRACT-2026-3983
PHO-001114,PHO-001134,EDGE-0009002,EV-CONTRACT-2026-6109
PHO-001819,PHO-000161,EDGE-0009003,EV-CONTRACT-2026-8582
PHO-003618,PHO-000293,EDGE-0009004,EV-CONTRACT-2026-4181
PHO-000953,PHO-001224,EDGE-0009005,EV-CONTRACT-2026-2837
PHO-000565,PHO-003126,EDGE-0009006,EV-CONTRACT-2026-4496
PHO-001418,PHO-000603,EDGE-0009007,EV-CONTRACT-2026-1677
PHO-004186,PHO-000678,EDGE-0009008,EV-CONTRACT-2026-7900
PHO-003823,PHO-000335,EDGE-0009009,EV-CONTRACT-2026-6106
PHO-000122,PHO-000497,EDGE-0009010,EV-CONTRACT-2026-2521
PHO-002685,PHO-001855,EDGE-0009011,EV-CONTRACT-2026-2532
PHO-001487,PHO-003040,EDGE-0009012,EV-CONTRACT-2026-4052
PHO-002380,PHO-003772,EDGE-0009013,EV-CONTRACT-2026-3349
PHO-002409,PHO-001403,EDGE-0009014,EV-CONTRACT-2026-4830
PHO-002923,PHO-004203,EDGE-0009015,EV-CONTRACT-2026-1032
PHO-004948,PHO-000607,EDGE-0009016,EV-CONTRACT-2026-1929
PHO-003581,PHO-001648,EDGE-0009017,EV-CONTRACT-2026-2195
PHO-004534,PHO-004854,EDGE-0009018,EV-CONTRACT-2026-9765
PHO-000354,PHO-004880,EDGE-0009019,EV-CONTRACT-2026-8717
PHO-001896,PHO-004117,EDGE-0009020,EV-CONTRACT-2026-5118
PHO-002491,PHO-002102,EDGE-0009021,EV-CONTRACT-2026-2902
PHO-001187,PHO-001830,EDGE-0009022,EV-CONTRACT-2026-2296
PHO-002062,PHO-004527,EDGE-0009023,EV-CONTRACT-2026-1017
PHO-004496,PHO-002304,EDGE-0009024,EV-CONTRACT-2026-2255
PHO-000950,PHO-004232,EDGE-0009025,EV-CONTRACT-2026-6068
PHO-004500,PHO-001203,EDGE-0009026,EV-CONTRACT-2026-1691
PHO-004673,PHO-002613,EDGE-0009027,EV-CONTRACT-2026-1374
PHO-001920,PHO-001763,EDGE-0009028,EV-CONTRACT-2026-6890
PHO-000833,PHO-004575,EDGE-0009029,EV-CONTRACT-2026-2724
PHO-003595,PHO-001013,EDGE-0009030,EV-CONTRACT-2026-5508
PHO-003830,PHO-001198,EDGE-0009031,EV-CONTRACT-2026-1073
PHO-003149,PHO-002224,EDGE-0009032,EV-CONTRACT-2026-5301
PHO-001468,PHO-004641,EDGE-0009033,EV-CONTRACT-2026-8987
PHO-003095,PHO-002678,EDGE-0009034,EV-CONTRACT-2026-3478
PHO-000695,PHO-002260,EDGE-0009035,EV-CONTRACT-2026-4308
PHO-004781,PHO-003244,EDGE-0009036,EV-CONTRACT-2026-7129
PHO-002893,PHO-004875,EDGE-0009037,EV-CONTRACT-2026-2176
PHO-004673,PHO-001020,EDGE-0009038,EV-CONTRACT-2026-2052
PHO-000983,PHO-004288,EDGE-0009039,EV-CONTRACT-2026-4349
PHO-004870,PHO-002447,EDGE-0009040,EV-CONTRACT-2026-4082
PHO-003064,PHO-001137,EDGE-0009041,EV-CONTRACT-2026-1892
PHO-001397,PHO-000974,EDGE-0009042,EV-CONTRACT-2026-3675
PHO-002196,PHO-003826,EDGE-0009043,EV-CONTRACT-2026-2717
PHO-003966,PHO-001501,EDGE-0009044,EV-CONTRACT-2026-7663
PHO-004878,PHO-000863,EDGE-0009045,EV-CONTRACT-2026-9676
PHO-003206,PHO-000761,EDGE-0009046,EV-CONTRACT-2026-2125
PHO-000821,PHO-001439,EDGE-0009047,EV-CONTRACT-2026-1427
PHO-004334,PHO-004028,EDGE-0009048,EV-CONTRACT-2026-2976
PHO-004863,PHO-004404,EDGE-0009049,EV-CONTRACT-2026-7464
PHO-003285,PHO-000534,EDGE-0009050,EV-CONTRACT-2026-3299
PHO-001270,PHO-003042,EDGE-0009051,EV-CONTRACT-2026-4219
PHO-004386,PHO-004906,EDGE-0009052,EV-CONTRACT-2026-4088
PHO-002068,PHO-001870,EDGE-0009053,EV-CONTRACT-2026-2565
PHO-002778,PHO-001234,EDGE-0009054,EV-CONTRACT-2026-2170
PHO-001266,PHO-002044,EDGE-0009055,EV-CONTRACT-2026-9989
PHO-001005,PHO-004793,EDGE-0009056,EV-CONTRACT-2026-6835
PHO-001091,PHO-000181,EDGE-0009057,EV-CONTRACT-2026-7425
PHO-004781,PHO-004572,EDGE-0009058,EV-CONTRACT-2026-3867
PHO-000376,PHO-000962,EDGE-0009059,EV-CONTRACT-2026-9462
PHO-004918,PHO-001762,EDGE-0009060,EV-CONTRACT-2026-1642
PHO-000951,PHO-004519,EDGE-0009061,EV-CONTRACT-2026-6603
PHO-003936,PHO-004593,EDGE-0009062,EV-CONTRACT-2026-3097
PHO-001331,PHO-000751,EDGE-0009063,EV-CONTRACT-2026-5535
PHO-002747,PHO-000545,EDGE-0009064,EV-CONTRACT-2026-8493
PHO-002341,PHO-001359,EDGE-0009065,EV-CONTRACT-2026-1347
PHO-004894,PHO-003185,EDGE-0009066,EV-CONTRACT-2026-3975
PHO-000554,PHO-001577,EDGE-0009067,EV-CONTRACT-2026-1168
PHO-003466,PHO-000470,EDGE-0009068,EV-CONTRACT-2026-3302
PHO-004486,PHO-001795,EDGE-0009069,EV-CONTRACT-2026-9412
PHO-001487,PHO-003798,EDGE-0009070,EV-CONTRACT-2026-1227
PHO-002743,PHO-004015,EDGE-0009071,EV-CONTRACT-2026-5807
PHO-004419,PHO-001369,EDGE-0009072,EV-CONTRACT-2026-3042
PHO-002204,PHO-003680,EDGE-0009073,EV-CONTRACT-2026-3470
PHO-000797,PHO-001831,EDGE-0009074,EV-CONTRACT-2026-4853
PHO-002541,PHO-003224,EDGE-0009075,EV-CONTRACT-2026-3069
PHO-004838,PHO-001496,EDGE-0009076,EV-CONTRACT-2026-7837
PHO-000448,PHO-004060,EDGE-0009077,EV-CONTRACT-2026-2797
PHO-002497,PHO-000640,EDGE-0009078,EV-CONTRACT-2026-6509
PHO-003461,PHO-001272,EDGE-0009079,EV-CONTRACT-2026-4922
PHO-002258,PHO-001708,EDGE-0009080,EV-CONTRACT-2026-3158
PHO-004597,PHO-002488,EDGE-0009081,EV-CONTRACT-2026-5502
PHO-001166,PHO-001294,EDGE-0009082,EV-CONTRACT-2026-5095
PHO-003088,PHO-001443,EDGE-0009083,EV-CONTRACT-2026-4972
PHO-003431,PHO-003721,EDGE-0009084,EV-CONTRACT-2026-4875
PHO-004044,PHO-000447,EDGE-0009085,EV-CONTRACT-2026-6580
PHO-000416,PHO-003802,EDGE-0009086,EV-CONTRACT-2026-2649
PHO-000843,PHO-001153,EDGE-0009087,EV-CONTRACT-2026-5386
PHO-000799,PHO-001136,EDGE-0009088,EV-CONTRACT-2026-8579
PHO-002701,PHO-004475,EDGE-0009089,EV-CONTRACT-2026-2624
PHO-002527,PHO-003255,EDGE-0009090,EV-CONTRACT-2026-2929
PHO-002371,PHO-002589,EDGE-0009091,EV-CONTRACT-2026-1697
PHO-003891,PHO-000808,EDGE-0009092,EV-CONTRACT-2026-5502
PHO-000488,PHO-004509,EDGE-0009093,EV-CONTRACT-2026-4279
PHO-000501,PHO-004379,EDGE-0009094,EV-CONTRACT-2026-7739
PHO-000534,PHO-001294,EDGE-0009095,EV-CONTRACT-2026-2286
PHO-003346,PHO-003811,EDGE-0009096,EV-CONTRACT-2026-6121
PHO-003951,PHO-000402,EDGE-0009097,EV-CONTRACT-2026-3158
PHO-004778,PHO-004519,EDGE-0009098,EV-CONTRACT-2026-7887
PHO-002117,PHO-001015,EDGE-0009099,EV-CONTRACT-2026-8023
PHO-003752,PHO-000607,EDGE-0009100,EV-CONTRACT-2026-5412
PHO-002484,PHO-002583,EDGE-0009101,EV-CONTRACT-2026-8579
PHO-003018,PHO-003045,EDGE-0009102,EV-CONTRACT-2026-9287
PHO-002790,PHO-001286,EDGE-0009103,EV-CONTRACT-2026-9430
PHO-003259,PHO-001501,EDGE-0009104,EV-CONTRACT-2026-5601
PHO-002995,PHO-002373,EDGE-0009105,EV-CONTRACT-2026-4799
PHO-001075,PHO-004626,EDGE-0009106,EV-CONTRACT-2026-9203
PHO-001531,PHO-002381,EDGE-0009107,EV-CONTRACT-2026-4945
PHO-003053,PHO-001480,EDGE-0009108,EV-CONTRACT-2026-9786
PHO-002276,PHO-004998,EDGE-0009109,EV-CONTRACT-2026-1527
PHO-004919,PHO-002724,EDGE-0009110,EV-CONTRACT-2026-4833
PHO-002365,PHO-003589,EDGE-0009111,EV-CONTRACT-2026-5336
PHO-004473,PHO-004036,EDGE-0009112,EV-CONTRACT-2026-1387
PHO-002290,PHO-003160,EDGE-0009113,EV-CONTRACT-2026-2019
PHO-000208,PHO-000300,EDGE-0009114,EV-CONTRACT-2026-7625
PHO-001813,PHO-003446,EDGE-0009115,EV-CONTRACT-2026-7803
PHO-004147,PHO-003247,EDGE-0009116,EV-CONTRACT-2026-7521
PHO-000259,PHO-003920,EDGE-0009117,EV-CONTRACT-2026-9295
PHO-000190,PHO-001446,EDGE-0009118,EV-CONTRACT-2026-9369
PHO-004695,PHO-004082,EDGE-0009119,EV-CONTRACT-2026-4585
PHO-002788,PHO-003644,EDGE-0009120,EV-CONTRACT-2026-5847
PHO-003509,PHO-001176,EDGE-0009121,EV-CONTRACT-2026-4487
PHO-001311,PHO-004023,EDGE-0009122,EV-CONTRACT-2026-4666
PHO-003693,PHO-004513,EDGE-0009123,EV-CONTRACT-2026-2008
PHO-004833,PHO-003707,EDGE-0009124,EV-CONTRACT-2026-2686
PHO-002170,PHO-002657,EDGE-0009125,EV-CONTRACT-2026-8213
PHO-002815,PHO-003560,EDGE-0009126,EV-CONTRACT-2026-6663
PHO-001949,PHO-004784,EDGE-0009127,EV-CONTRACT-2026-7763
PHO-004293,PHO-004425,EDGE-0009128,EV-CONTRACT-2026-5207
PHO-000993,PHO-001651,EDGE-0009129,EV-CONTRACT-2026-7724
PHO-001665,PHO-004591,EDGE-0009130,EV-CONTRACT-2026-9947
PHO-000625,PHO-003402,EDGE-0009131,EV-CONTRACT-2026-6686
PHO-003870,PHO-002183,EDGE-0009132,EV-CONTRACT-2026-6066
PHO-000570,PHO-001627,EDGE-0009133,EV-CONTRACT-2026-2191
PHO-000385,PHO-002754,EDGE-0009134,EV-CONTRACT-2026-4715
PHO-004130,PHO-004692,EDGE-0009135,EV-CONTRACT-2026-6664
PHO-001385,PHO-001901,EDGE-0009136,EV-CONTRACT-2026-3380
PHO-004444,PHO-001769,EDGE-0009137,EV-CONTRACT-2026-3591
PHO-002969,PHO-003131,EDGE-0009138,EV-CONTRACT-2026-3980
PHO-000750,PHO-004413,EDGE-0009139,EV-CONTRACT-2026-6717
PHO-003524,PHO-001289,EDGE-0009140,EV-CONTRACT-2026-3576
PHO-001164,PHO-001627,EDGE-0009141,EV-CONTRACT-2026-5320
PHO-001683,PHO-001245,EDGE-0009142,EV-CONTRACT-2026-3783
PHO-004895,PHO-003687,EDGE-0009143,EV-CONTRACT-2026-8882
PHO-003721,PHO-001126,EDGE-0009144,EV-CONTRACT-2026-2139
PHO-001185,PHO-001436,EDGE-0009145,EV-CONTRACT-2026-5236
PHO-004956,PHO-002962,EDGE-0009146,EV-CONTRACT-2026-6557
PHO-003080,PHO-000753,EDGE-0009147,EV-CONTRACT-2026-3552
PHO-000905,PHO-003904,EDGE-0009148,EV-CONTRACT-2026-1440
PHO-001650,PHO-000830,EDGE-0009149,EV-CONTRACT-2026-3010
PHO-002105,PHO-002532,EDGE-0009150,EV-CONTRACT-2026-8884
PHO-001345,PHO-004351,EDGE-0009151,EV-CONTRACT-2026-9898
PHO-002848,PHO-004393,EDGE-0009152,EV-CONTRACT-2026-7712
PHO-001724,PHO-003501,EDGE-0009153,EV-CONTRACT-2026-3889
PHO-001099,PHO-003332,EDGE-0009154,EV-CONTRACT-2026-8125
PHO-003221,PHO-001612,EDGE-0009155,EV-CONTRACT-2026-1056
PHO-002626,PHO-000467,EDGE-0009156,EV-CONTRACT-2026-2755
PHO-004164,PHO-004727,EDGE-0009157,EV-CONTRACT-2026-3425
PHO-004838,PHO-001773,EDGE-0009158,EV-CONTRACT-2026-3171
PHO-002892,PHO-003310,EDGE-0009159,EV-CONTRACT-2026-9845
PHO-001785,PHO-000544,EDGE-0009160,EV-CONTRACT-2026-3860
PHO-000626,PHO-004335,EDGE-0009161,EV-CONTRACT-2026-5764
PHO-003313,PHO-001554,EDGE-0009162,EV-CONTRACT-2026-2769
PHO-003896,PHO-003018,EDGE-0009163,EV-CONTRACT-2026-6656
PHO-002630,PHO-004842,EDGE-0009164,EV-CONTRACT-2026-2092
PHO-004948,PHO-000304,EDGE-0009165,EV-CONTRACT-2026-4112
PHO-004765,PHO-002216,EDGE-0009166,EV-CONTRACT-2026-3860
PHO-003482,PHO-002533,EDGE-0009167,EV-CONTRACT-2026-9134
PHO-003586,PHO-002454,EDGE-0009168,EV-CONTRACT-2026-8856
PHO-000053,PHO-001278,EDGE-0009169,EV-CONTRACT-2026-9657
PHO-004516,PHO-001592,EDGE-0009170,EV-CONTRACT-2026-5492
PHO-001330,PHO-003525,EDGE-0009171,EV-CONTRACT-2026-9393
PHO-001454,PHO-000534,EDGE-0009172,EV-CONTRACT-2026-9426
PHO-002327,PHO-003334,EDGE-0009173,EV-CONTRACT-2026-9648
PHO-004542,PHO-000786,EDGE-0009174,EV-CONTRACT-2026-7733
PHO-000799,PHO-004876,EDGE-0009175,EV-CONTRACT-2026-4869
PHO-000376,PHO-003336,EDGE-0009176,EV-CONTRACT-2026-8977
PHO-000596,PHO-000098,EDGE-0009177,EV-CONTRACT-2026-4000
PHO-001239,PHO-003687,EDGE-0009178,EV-CONTRACT-2026-7408
PHO-003189,PHO-004853,EDGE-0009179,EV-CONTRACT-2026-1982
PHO-003102,PHO-001642,EDGE-0009180,EV-CONTRACT-2026-2389
PHO-000861,PHO-000137,EDGE-0009181,EV-CONTRACT-2026-5173
PHO-000656,PHO-001314,EDGE-0009182,EV-CONTRACT-2026-5901
PHO-004989,PHO-001957,EDGE-0009183,EV-CONTRACT-2026-6489
PHO-001362,PHO-001686,EDGE-0009184,EV-CONTRACT-2026-8281
PHO-003985,PHO-004163,EDGE-0009185,EV-CONTRACT-2026-3978
PHO-000553,PHO-004539,EDGE-0009186,EV-CONTRACT-2026-2174
PHO-003906,PHO-001506,EDGE-0009187,EV-CONTRACT-2026-8187
PHO-002696,PHO-000534,EDGE-0009188,EV-CONTRACT-2026-1057
PHO-002216,PHO-000659,EDGE-0009189,EV-CONTRACT-2026-7586
PHO-001358,PHO-004269,EDGE-0009190,EV-CONTRACT-2026-5706
PHO-002818,PHO-000995,EDGE-0009191,EV-CONTRACT-2026-7279
PHO-001751,PHO-003675,EDGE-0009192,EV-CONTRACT-2026-7893
PHO-001972,PHO-003003,EDGE-0009193,EV-CONTRACT-2026-6835
PHO-004382,PHO-004336,EDGE-0009194,EV-CONTRACT-2026-4551
PHO-004368,PHO-002941,EDGE-0009195,EV-CONTRACT-2026-5585
PHO-001582,PHO-001697,EDGE-0009196,EV-CONTRACT-2026-4662
PHO-002335,PHO-001892,EDGE-0009197,EV-CONTRACT-2026-6536
PHO-001060,PHO-001416,EDGE-0009198,EV-CONTRACT-2026-6558
PHO-001415,PHO-003887,EDGE-0009199,EV-CONTRACT-2026-9356
PHO-001024,PHO-003851,EDGE-0009200,EV-CONTRACT-2026-7824
PHO-004986,PHO-004471,EDGE-0009201,EV-CONTRACT-2026-9058
PHO-003009,PHO-003048,EDGE-0009202,EV-CONTRACT-2026-3794
PHO-003430,PHO-002521,EDGE-0009203,EV-CONTRACT-2026-7516
PHO-001133,PHO-002022,EDGE-0009204,EV-CONTRACT-2026-1942
PHO-004201,PHO-001267,EDGE-0009205,EV-CONTRACT-2026-4014
PHO-001265,PHO-000080,EDGE-0009206,EV-CONTRACT-2026-5148
PHO-002855,PHO-002986,EDGE-0009207,EV-CONTRACT-2026-1386
PHO-003422,PHO-000915,EDGE-0009208,EV-CONTRACT-2026-5356
PHO-004047,PHO-004785,EDGE-0009209,EV-CONTRACT-2026-9790
PHO-001615,PHO-001049,EDGE-0009210,EV-CONTRACT-2026-3271
PHO-003088,PHO-001477,EDGE-0009211,EV-CONTRACT-2026-3342
PHO-003232,PHO-000892,EDGE-0009212,EV-CONTRACT-2026-5169
PHO-001735,PHO-000094,EDGE-0009213,EV-CONTRACT-2026-8082
PHO-003919,PHO-004200,EDGE-0009214,EV-CONTRACT-2026-6551
PHO-002887,PHO-004960,EDGE-0009215,EV-CONTRACT-2026-4685
PHO-001909,PHO-001137,EDGE-0009216,EV-CONTRACT-2026-8199
PHO-004123,PHO-000003,EDGE-0009217,EV-CONTRACT-2026-9448
PHO-004319,PHO-003816,EDGE-0009218,EV-CONTRACT-2026-9328
PHO-000330,PHO-001485,EDGE-0009219,EV-CONTRACT-2026-7620
PHO-004679,PHO-004141,EDGE-0009220,EV-CONTRACT-2026-4901
PHO-002176,PHO-002290,EDGE-0009221,EV-CONTRACT-2026-6524
PHO-001856,PHO-002430,EDGE-0009222,EV-CONTRACT-2026-5803
PHO-003625,PHO-003754,EDGE-0009223,EV-CONTRACT-2026-1213
PHO-004026,PHO-003847,EDGE-0009224,EV-CONTRACT-2026-7768
PHO-002674,PHO-004341,EDGE-0009225,EV-CONTRACT-2026-4449
PHO-000656,PHO-000076,EDGE-0009226,EV-CONTRACT-2026-1063
PHO-001093,PHO-001821,EDGE-0009227,EV-CONTRACT-2026-1350
PHO-004568,PHO-003803,EDGE-0009228,EV-CONTRACT-2026-9393
PHO-001469,PHO-004711,EDGE-0009229,EV-CONTRACT-2026-2091
PHO-002115,PHO-004978,EDGE-0009230,EV-CONTRACT-2026-6206
PHO-002548,PHO-001481,EDGE-0009231,EV-CONTRACT-2026-5341
PHO-003178,PHO-002288,EDGE-0009232,EV-CONTRACT-2026-9747
PHO-000043,PHO-001791,EDGE-0009233,EV-CONTRACT-2026-6068
PHO-001101,PHO-000466,EDGE-0009234,EV-CONTRACT-2026-4069
PHO-004292,PHO-002381,EDGE-0009235,EV-CONTRACT-2026-9940
PHO-000455,PHO-001066,EDGE-0009236,EV-CONTRACT-2026-7970
PHO-001260,PHO-003627,EDGE-0009237,EV-CONTRACT-2026-6674
PHO-003485,PHO-002380,EDGE-0009238,EV-CONTRACT-2026-1960
PHO-002162,PHO-003511,EDGE-0009239,EV-CONTRACT-2026-8363
PHO-001038,PHO-000884,EDGE-0009240,EV-CONTRACT-2026-6236
PHO-000520,PHO-004920,EDGE-0009241,EV-CONTRACT-2026-2371
PHO-003866,PHO-004172,EDGE-0009242,EV-CONTRACT-2026-4534
PHO-003220,PHO-004321,EDGE-0009243,EV-CONTRACT-2026-1444
PHO-004673,PHO-003849,EDGE-0009244,EV-CONTRACT-2026-3832
PHO-004104,PHO-002931,EDGE-0009245,EV-CONTRACT-2026-6621
PHO-000700,PHO-000345,EDGE-0009246,EV-CONTRACT-2026-7396
PHO-003466,PHO-001671,EDGE-0009247,EV-CONTRACT-2026-1415
PHO-002769,PHO-003710,EDGE-0009248,EV-CONTRACT-2026-3038
PHO-002260,PHO-000611,EDGE-0009249,EV-CONTRACT-2026-4886
PHO-002242,PHO-001858,EDGE-0009250,EV-CONTRACT-2026-9954
PHO-000949,PHO-001291,EDGE-0009251,EV-CONTRACT-2026-5123
PHO-001219,PHO-000271,EDGE-0009252,EV-CONTRACT-2026-8731
PHO-002852,PHO-001009,EDGE-0009253,EV-CONTRACT-2026-1288
PHO-003184,PHO-002738,EDGE-0009254,EV-CONTRACT-2026-9183
PHO-002408,PHO-002086,EDGE-0009255,EV-CONTRACT-2026-7463
PHO-004018,PHO-002297,EDGE-0009256,EV-CONTRACT-2026-3748
PHO-003800,PHO-003446,EDGE-0009257,EV-CONTRACT-2026-2518
PHO-002442,PHO-003101,EDGE-0009258,EV-CONTRACT-2026-6063
PHO-003806,PHO-000602,EDGE-0009259,EV-CONTRACT-2026-5661
PHO-004990,PHO-000850,EDGE-0009260,EV-CONTRACT-2026-4161
PHO-002171,PHO-003899,EDGE-0009261,EV-CONTRACT-2026-7834
PHO-000674,PHO-003946,EDGE-0009262,EV-CONTRACT-2026-9947
PHO-003449,PHO-002480,EDGE-0009263,EV-CONTRACT-2026-6832
PHO-003118,PHO-003442,EDGE-0009264,EV-CONTRACT-2026-7984
PHO-003403,PHO-002053,EDGE-0009265,EV-CONTRACT-2026-8800
PHO-000480,PHO-003585,EDGE-0009266,EV-CONTRACT-2026-1311
PHO-000486,PHO-001892,EDGE-0009267,EV-CONTRACT-2026-4751
PHO-001559,PHO-004156,EDGE-0009268,EV-CONTRACT-2026-5444
PHO-003677,PHO-001581,EDGE-0009269,EV-CONTRACT-2026-7118
PHO-002548,PHO-002484,EDGE-0009270,EV-CONTRACT-2026-7449
PHO-004564,PHO-002498,EDGE-0009271,EV-CONTRACT-2026-7252
PHO-002138,PHO-000771,EDGE-0009272,EV-CONTRACT-2026-6441
PHO-000179,PHO-000863,EDGE-0009273,EV-CONTRACT-2026-1715
PHO-001399,PHO-004797,EDGE-0009274,EV-CONTRACT-2026-6117
PHO-004778,PHO-000382,EDGE-0009275,EV-CONTRACT-2026-8249
PHO-000785,PHO-003161,EDGE-0009276,EV-CONTRACT-2026-1697
PHO-000877,PHO-001823,EDGE-0009277,EV-CONTRACT-2026-2392
PHO-004669,PHO-000845,EDGE-0009278,EV-CONTRACT-2026-2897
PHO-004209,PHO-001260,EDGE-0009279,EV-CONTRACT-2026-7650
PHO-000945,PHO-001409,EDGE-0009280,EV-CONTRACT-2026-6307
PHO-001223,PHO-002708,EDGE-0009281,EV-CONTRACT-2026-6327
PHO-000532,PHO-000492,EDGE-0009282,EV-CONTRACT-2026-4939
PHO-003611,PHO-001076,EDGE-0009283,EV-CONTRACT-2026-7675
PHO-003157,PHO-003979,EDGE-0009284,EV-CONTRACT-2026-1604
PHO-004287,PHO-001796,EDGE-0009285,EV-CONTRACT-2026-5574
PHO-004487,PHO-004695,EDGE-0009286,EV-CONTRACT-2026-2862
PHO-001225,PHO-002249,EDGE-0009287,EV-CONTRACT-2026-8498
PHO-001799,PHO-003317,EDGE-0009288,EV-CONTRACT-2026-7217
PHO-000307,PHO-000659,EDGE-0009289,EV-CONTRACT-2026-8010
PHO-002654,PHO-004508,EDGE-0009290,EV-CONTRACT-2026-3358
PHO-000635,PHO-004805,EDGE-0009291,EV-CONTRACT-2026-7868
PHO-003292,PHO-004371,EDGE-0009292,EV-CONTRACT-2026-4563
PHO-002576,PHO-001876,EDGE-0009293,EV-CONTRACT-2026-1844
PHO-000737,PHO-003349,EDGE-0009294,EV-CONTRACT-2026-9982
PHO-004581,PHO-002829,EDGE-0009295,EV-CONTRACT-2026-6583
PHO-004755,PHO-001552,EDGE-0009296,EV-CONTRACT-2026-8781
PHO-004268,PHO-003112,EDGE-0009297,EV-CONTRACT-2026-8445
PHO-002609,PHO-002108,EDGE-0009298,EV-CONTRACT-2026-2870
PHO-000972,PHO-000413,EDGE-0009299,EV-CONTRACT-2026-3113
PHO-003908,PHO-003520,EDGE-0009300,EV-CONTRACT-2026-4499
PHO-001985,PHO-002757,EDGE-0009301,EV-CONTRACT-2026-4697
PHO-003063,PHO-001969,EDGE-0009302,EV-CONTRACT-2026-6341
PHO-000284,PHO-002632,EDGE-0009303,EV-CONTRACT-2026-1009
PHO-000681,PHO-003978,EDGE-0009304,EV-CONTRACT-2026-4858
PHO-000260,PHO-001351,EDGE-0009305,EV-CONTRACT-2026-5329
PHO-003799,PHO-001961,EDGE-0009306,EV-CONTRACT-2026-4155
PHO-001229,PHO-002122,EDGE-0009307,EV-CONTRACT-2026-2564
PHO-003402,PHO-003894,EDGE-0009308,EV-CONTRACT-2026-8517
PHO-001988,PHO-000985,EDGE-0009309,EV-CONTRACT-2026-3126
PHO-003581,PHO-004263,EDGE-0009310,EV-CONTRACT-2026-2551
PHO-004520,PHO-003446,EDGE-0009311,EV-CONTRACT-2026-1255
PHO-004016,PHO-000474,EDGE-0009312,EV-CONTRACT-2026-3342
PHO-002454,PHO-004214,EDGE-0009313,EV-CONTRACT-2026-8500
PHO-000686,PHO-004771,EDGE-0009314,EV-CONTRACT-2026-7593
PHO-003068,PHO-001496,EDGE-0009315,EV-CONTRACT-2026-8823
PHO-004614,PHO-002715,EDGE-0009316,EV-CONTRACT-2026-1217
PHO-000206,PHO-000263,EDGE-0009317,EV-CONTRACT-2026-6605
PHO-001593,PHO-003505,EDGE-0009318,EV-CONTRACT-2026-5829
PHO-000254,PHO-002168,EDGE-0009319,EV-CONTRACT-2026-7625
PHO-000042,PHO-000015,EDGE-0009320,EV-CONTRACT-2026-1702
PHO-002226,PHO-003895,EDGE-0009321,EV-CONTRACT-2026-7501
PHO-000957,PHO-004470,EDGE-0009322,EV-CONTRACT-2026-2927
PHO-000888,PHO-000346,EDGE-0009323,EV-CONTRACT-2026-9362
PHO-003972,PHO-002367,EDGE-0009324,EV-CONTRACT-2026-9135
PHO-004347,PHO-003315,EDGE-0009325,EV-CONTRACT-2026-3183
PHO-004356,PHO-004128,EDGE-0009326,EV-CONTRACT-2026-6171
PHO-002223,PHO-000746,EDGE-0009327,EV-CONTRACT-2026-1096
PHO-002181,PHO-001928,EDGE-0009328,EV-CONTRACT-2026-7257
PHO-000243,PHO-004417,EDGE-0009329,EV-CONTRACT-2026-2955
PHO-002051,PHO-002350,EDGE-0009330,EV-CONTRACT-2026-4115
PHO-001374,PHO-004830,EDGE-0009331,EV-CONTRACT-2026-2227
PHO-000540,PHO-000143,EDGE-0009332,EV-CONTRACT-2026-6663
PHO-003409,PHO-002439,EDGE-0009333,EV-CONTRACT-2026-8096
PHO-002362,PHO-004755,EDGE-0009334,EV-CONTRACT-2026-4107
PHO-002607,PHO-002269,EDGE-0009335,EV-CONTRACT-2026-3122
PHO-003753,PHO-001168,EDGE-0009336,EV-CONTRACT-2026-8465
PHO-000423,PHO-004107,EDGE-0009337,EV-CONTRACT-2026-2200
PHO-000991,PHO-001942,EDGE-0009338,EV-CONTRACT-2026-2874
PHO-003474,PHO-003145,EDGE-0009339,EV-CONTRACT-2026-2527
PHO-001170,PHO-001909,EDGE-0009340,EV-CONTRACT-2026-1905
PHO-004033,PHO-001553,EDGE-0009341,EV-CONTRACT-2026-5459
PHO-002469,PHO-000575,EDGE-0009342,EV-CONTRACT-2026-7748
PHO-001576,PHO-001386,EDGE-0009343,EV-CONTRACT-2026-9639
PHO-002429,PHO-002293,EDGE-0009344,EV-CONTRACT-2026-1449
PHO-003596,PHO-000929,EDGE-0009345,EV-CONTRACT-2026-8811
PHO-001880,PHO-004793,EDGE-0009346,EV-CONTRACT-2026-3331
PHO-000932,PHO-004387,EDGE-0009347,EV-CONTRACT-2026-9982
PHO-003674,PHO-004206,EDGE-0009348,EV-CONTRACT-2026-3322
PHO-004698,PHO-002006,EDGE-0009349,EV-CONTRACT-2026-2358
PHO-004995,PHO-000055,EDGE-0009350,EV-CONTRACT-2026-9761
PHO-001878,PHO-003566,EDGE-0009351,EV-CONTRACT-2026-7680
PHO-002675,PHO-001701,EDGE-0009352,EV-CONTRACT-2026-4931
PHO-004394,PHO-004280,EDGE-0009353,EV-CONTRACT-2026-5478
PHO-000699,PHO-001259,EDGE-0009354,EV-CONTRACT-2026-3349
PHO-001641,PHO-000735,EDGE-0009355,EV-CONTRACT-2026-2239
PHO-000356,PHO-001069,EDGE-0009356,EV-CONTRACT-2026-5954
PHO-001810,PHO-002004,EDGE-0009357,EV-CONTRACT-2026-9811
PHO-002595,PHO-000373,EDGE-0009358,EV-CONTRACT-2026-2590
PHO-003335,PHO-000349,EDGE-0009359,EV-CONTRACT-2026-5949
PHO-000702,PHO-001975,EDGE-0009360,EV-CONTRACT-2026-6332
PHO-004288,PHO-001539,EDGE-0009361,EV-CONTRACT-2026-3899
PHO-004716,PHO-001985,EDGE-0009362,EV-CONTRACT-2026-6711
PHO-002922,PHO-003298,EDGE-0009363,EV-CONTRACT-2026-7647
PHO-004387,PHO-001145,EDGE-0009364,EV-CONTRACT-2026-7531
PHO-001356,PHO-002341,EDGE-0009365,EV-CONTRACT-2026-3508
PHO-003190,PHO-000734,EDGE-0009366,EV-CONTRACT-2026-3455
PHO-002455,PHO-000910,EDGE-0009367,EV-CONTRACT-2026-4828
PHO-004088,PHO-002843,EDGE-0009368,EV-CONTRACT-2026-1793
PHO-004830,PHO-000853,EDGE-0009369,EV-CONTRACT-2026-9187
PHO-001191,PHO-004954,EDGE-0009370,EV-CONTRACT-2026-4275
PHO-004477,PHO-000550,EDGE-0009371,EV-CONTRACT-2026-6877
PHO-004004,PHO-004984,EDGE-0009372,EV-CONTRACT-2026-3387
PHO-004023,PHO-002115,EDGE-0009373,EV-CONTRACT-2026-8950
PHO-001884,PHO-001837,EDGE-0009374,EV-CONTRACT-2026-6323
PHO-002493,PHO-000871,EDGE-0009375,EV-CONTRACT-2026-9648
PHO-004130,PHO-004879,EDGE-0009376,EV-CONTRACT-2026-2433
PHO-002469,PHO-003775,EDGE-0009377,EV-CONTRACT-2026-6715
PHO-003464,PHO-003977,EDGE-0009378,EV-CONTRACT-2026-1219
PHO-000768,PHO-000395,EDGE-0009379,EV-CONTRACT-2026-7557
PHO-004176,PHO-004595,EDGE-0009380,EV-CONTRACT-2026-6584
PHO-001914,PHO-000550,EDGE-0009381,EV-CONTRACT-2026-9245
PHO-003379,PHO-001819,EDGE-0009382,EV-CONTRACT-2026-7603
PHO-003386,PHO-000101,EDGE-0009383,EV-CONTRACT-2026-7074
PHO-004561,PHO-001055,EDGE-0009384,EV-CONTRACT-2026-7053
PHO-002307,PHO-003533,EDGE-0009385,EV-CONTRACT-2026-5324
PHO-001595,PHO-000935,EDGE-0009386,EV-CONTRACT-2026-5706
PHO-001649,PHO-004596,EDGE-0009387,EV-CONTRACT-2026-7255
PHO-000216,PHO-001935,EDGE-0009388,EV-CONTRACT-2026-5056
PHO-003029,PHO-000759,EDGE-0009389,EV-CONTRACT-2026-1061
PHO-004102,PHO-001405,EDGE-0009390,EV-CONTRACT-2026-9197
PHO-003496,PHO-003638,EDGE-0009391,EV-CONTRACT-2026-6763
PHO-001762,PHO-002935,EDGE-0009392,EV-CONTRACT-2026-8325
PHO-002553,PHO-003503,EDGE-0009393,EV-CONTRACT-2026-5030
PHO-002082,PHO-000568,EDGE-0009394,EV-CONTRACT-2026-3708
PHO-000711,PHO-002988,EDGE-0009395,EV-CONTRACT-2026-2365
PHO-000914,PHO-003527,EDGE-0009396,EV-CONTRACT-2026-6727
PHO-002037,PHO-002635,EDGE-0009397,EV-CONTRACT-2026-4460
PHO-002422,PHO-000134,EDGE-0009398,EV-CONTRACT-2026-9130
PHO-000160,PHO-003160,EDGE-0009399,EV-CONTRACT-2026-1737
PHO-000582,PHO-003104,EDGE-0009400,EV-CONTRACT-2026-1407
PHO-000129,PHO-001729,EDGE-0009401,EV-CONTRACT-2026-4273
PHO-001098,PHO-001811,EDGE-0009402,EV-CONTRACT-2026-3751
PHO-002185,PHO-000767,EDGE-0009403,EV-CONTRACT-2026-2244
PHO-003346,PHO-000819,EDGE-0009404,EV-CONTRACT-2026-5594
PHO-004849,PHO-003379,EDGE-0009405,EV-CONTRACT-2026-4467
PHO-000439,PHO-004009,EDGE-0009406,EV-CONTRACT-2026-9556
PHO-001214,PHO-004902,EDGE-0009407,EV-CONTRACT-2026-9357
PHO-002299,PHO-000478,EDGE-0009408,EV-CONTRACT-2026-6163
PHO-000992,PHO-000228,EDGE-0009409,EV-CONTRACT-2026-8269
PHO-002749,PHO-000876,EDGE-0009410,EV-CONTRACT-2026-9480
PHO-004831,PHO-002291,EDGE-0009411,EV-CONTRACT-2026-1599
PHO-004912,PHO-000773,EDGE-0009412,EV-CONTRACT-2026-9182
PHO-003901,PHO-004306,EDGE-0009413,EV-CONTRACT-2026-9291
PHO-002848,PHO-000341,EDGE-0009414,EV-CONTRACT-2026-3149
PHO-004004,PHO-001256,EDGE-0009415,EV-CONTRACT-2026-8795
PHO-002461,PHO-004169,EDGE-0009416,EV-CONTRACT-2026-3215
PHO-002911,PHO-000773,EDGE-0009417,EV-CONTRACT-2026-8706
PHO-001004,PHO-000367,EDGE-0009418,EV-CONTRACT-2026-3159
PHO-003244,PHO-001960,EDGE-0009419,EV-CONTRACT-2026-1849
PHO-001152,PHO-001735,EDGE-0009420,EV-CONTRACT-2026-6861
PHO-001654,PHO-000166,EDGE-0009421,EV-CONTRACT-2026-4458
PHO-000973,PHO-001470,EDGE-0009422,EV-CONTRACT-2026-8944
PHO-001403,PHO-003021,EDGE-0009423,EV-CONTRACT-2026-4445
PHO-003246,PHO-003929,EDGE-0009424,EV-CONTRACT-2026-6174
PHO-002169,PHO-002935,EDGE-0009425,EV-CONTRACT-2026-7121
PHO-003004,PHO-000363,EDGE-0009426,EV-CONTRACT-2026-4308
PHO-003974,PHO-004707,EDGE-0009427,EV-CONTRACT-2026-8910
PHO-002168,PHO-001648,EDGE-0009428,EV-CONTRACT-2026-9723
PHO-001828,PHO-000105,EDGE-0009429,EV-CONTRACT-2026-2307
PHO-002176,PHO-001489,EDGE-0009430,EV-CONTRACT-2026-1489
PHO-001133,PHO-000560,EDGE-0009431,EV-CONTRACT-2026-2284
PHO-004124,PHO-003760,EDGE-0009432,EV-CONTRACT-2026-8185
PHO-002669,PHO-002900,EDGE-0009433,EV-CONTRACT-2026-7559
PHO-001506,PHO-003025,EDGE-0009434,EV-CONTRACT-2026-2834
PHO-004009,PHO-003207,EDGE-0009435,EV-CONTRACT-2026-9810
PHO-001697,PHO-003463,EDGE-0009436,EV-CONTRACT-2026-5967
PHO-002962,PHO-003932,EDGE-0009437,EV-CONTRACT-2026-5816
PHO-003608,PHO-001358,EDGE-0009438,EV-CONTRACT-2026-8197
PHO-002714,PHO-002093,EDGE-0009439,EV-CONTRACT-2026-7008
PHO-004406,PHO-000818,EDGE-0009440,EV-CONTRACT-2026-1422
PHO-000874,PHO-001906,EDGE-0009441,EV-CONTRACT-2026-4390
PHO-003876,PHO-001632,EDGE-0009442,EV-CONTRACT-2026-5099
PHO-002465,PHO-002457,EDGE-0009443,EV-CONTRACT-2026-9667
PHO-002989,PHO-004900,EDGE-0009444,EV-CONTRACT-2026-1534
PHO-004633,PHO-001323,EDGE-0009445,EV-CONTRACT-2026-3118
PHO-002327,PHO-002371,EDGE-0009446,EV-CONTRACT-2026-5972
PHO-002087,PHO-003140,EDGE-0009447,EV-CONTRACT-2026-8768
PHO-001781,PHO-002429,EDGE-0009448,EV-CONTRACT-2026-5352
PHO-002753,PHO-002339,EDGE-0009449,EV-CONTRACT-2026-7048
PHO-003299,PHO-002672,EDGE-0009450,EV-CONTRACT-2026-2353
PHO-003389,PHO-004454,EDGE-0009451,EV-CONTRACT-2026-3275
PHO-003690,PHO-003244,EDGE-0009452,EV-CONTRACT-2026-2042
PHO-002961,PHO-000410,EDGE-0009453,EV-CONTRACT-2026-4415
PHO-001250,PHO-003513,EDGE-0009454,EV-CONTRACT-2026-2238
PHO-003167,PHO-001327,EDGE-0009455,EV-CONTRACT-2026-8630
PHO-002687,PHO-004611,EDGE-0009456,EV-CONTRACT-2026-2941
PHO-003236,PHO-001233,EDGE-0009457,EV-CONTRACT-2026-8537
PHO-003334,PHO-004911,EDGE-0009458,EV-CONTRACT-2026-2546
PHO-000400,PHO-003253,EDGE-0009459,EV-CONTRACT-2026-5076
PHO-002665,PHO-004531,EDGE-0009460,EV-CONTRACT-2026-9505
PHO-000573,PHO-000724,EDGE-0009461,EV-CONTRACT-2026-7961
PHO-004818,PHO-000587,EDGE-0009462,EV-CONTRACT-2026-1356
PHO-004543,PHO-003779,EDGE-0009463,EV-CONTRACT-2026-7622
PHO-001400,PHO-001663,EDGE-0009464,EV-CONTRACT-2026-6091
PHO-001539,PHO-002858,EDGE-0009465,EV-CONTRACT-2026-7961
PHO-004217,PHO-003518,EDGE-0009466,EV-CONTRACT-2026-7446
PHO-004255,PHO-003809,EDGE-0009467,EV-CONTRACT-2026-6348
PHO-002367,PHO-001024,EDGE-0009468,EV-CONTRACT-2026-5057
PHO-002099,PHO-003217,EDGE-0009469,EV-CONTRACT-2026-7974
PHO-003417,PHO-003142,EDGE-0009470,EV-CONTRACT-2026-9332
PHO-004187,PHO-001372,EDGE-0009471,EV-CONTRACT-2026-7971
PHO-004487,PHO-003083,EDGE-0009472,EV-CONTRACT-2026-7287
PHO-000972,PHO-003413,EDGE-0009473,EV-CONTRACT-2026-4333
PHO-003757,PHO-001730,EDGE-0009474,EV-CONTRACT-2026-4571
PHO-002114,PHO-001768,EDGE-0009475,EV-CONTRACT-2026-8212
PHO-000835,PHO-001122,EDGE-0009476,EV-CONTRACT-2026-1410
PHO-000675,PHO-004110,EDGE-0009477,EV-CONTRACT-2026-5957
PHO-000576,PHO-002415,EDGE-0009478,EV-CONTRACT-2026-5442
PHO-002509,PHO-002169,EDGE-0009479,EV-CONTRACT-2026-2038
PHO-000845,PHO-001985,EDGE-0009480,EV-CONTRACT-2026-3029
PHO-000737,PHO-001683,EDGE-0009481,EV-CONTRACT-2026-5457
PHO-001758,PHO-004726,EDGE-0009482,EV-CONTRACT-2026-7388
PHO-001032,PHO-002267,EDGE-0009483,EV-CONTRACT-2026-7436
PHO-002208,PHO-001846,EDGE-0009484,EV-CONTRACT-2026-7806
PHO-003436,PHO-003058,EDGE-0009485,EV-CONTRACT-2026-1522
PHO-001375,PHO-000515,EDGE-0009486,EV-CONTRACT-2026-2647
PHO-004645,PHO-003613,EDGE-0009487,EV-CONTRACT-2026-7093
PHO-004806,PHO-004038,EDGE-0009488,EV-CONTRACT-2026-4445
PHO-002968,PHO-001216,EDGE-0009489,EV-CONTRACT-2026-1404
PHO-004293,PHO-004794,EDGE-0009490,EV-CONTRACT-2026-2392
PHO-000739,PHO-003535,EDGE-0009491,EV-CONTRACT-2026-5888
PHO-003621,PHO-003457,EDGE-0009492,EV-CONTRACT-2026-8458
PHO-003867,PHO-000702,EDGE-0009493,EV-CONTRACT-2026-8064
PHO-000944,PHO-000420,EDGE-0009494,EV-CONTRACT-2026-7786
PHO-003168,PHO-000578,EDGE-0009495,EV-CONTRACT-2026-1676
PHO-000997,PHO-001308,EDGE-0009496,EV-CONTRACT-2026-4142
PHO-004156,PHO-004921,EDGE-0009497,EV-CONTRACT-2026-9971
PHO-002374,PHO-003178,EDGE-0009498,EV-CONTRACT-2026-9580
PHO-000330,PHO-002846,EDGE-0009499,EV-CONTRACT-2026-8239
PHO-004959,PHO-003570,EDGE-0009500,EV-CONTRACT-2026-5642
PHO-001213,PHO-001248,EDGE-0009501,EV-CONTRACT-2026-5978
PHO-001825,PHO-001809,EDGE-0009502,EV-CONTRACT-2026-1908
PHO-003822,PHO-001247,EDGE-0009503,EV-CONTRACT-2026-3855
PHO-000879,PHO-004835,EDGE-0009504,EV-CONTRACT-2026-1779
PHO-001874,PHO-002854,EDGE-0009505,EV-CONTRACT-2026-1323
PHO-002136,PHO-002832,EDGE-0009506,EV-CONTRACT-2026-5658
PHO-001830,PHO-001463,EDGE-0009507,EV-CONTRACT-2026-6783
PHO-001100,PHO-000403,EDGE-0009508,EV-CONTRACT-2026-9791
PHO-001543,PHO-001693,EDGE-0009509,EV-CONTRACT-2026-9584
PHO-004811,PHO-003323,EDGE-0009510,EV-CONTRACT-2026-4711
PHO-001511,PHO-003834,EDGE-0009511,EV-CONTRACT-2026-2002
PHO-003034,PHO-003481,EDGE-0009512,EV-CONTRACT-2026-6071
PHO-000080,PHO-000546,EDGE-0009513,EV-CONTRACT-2026-5482
PHO-004984,PHO-001326,EDGE-0009514,EV-CONTRACT-2026-3416
PHO-003021,PHO-001109,EDGE-0009515,EV-CONTRACT-2026-5885
PHO-004122,PHO-000477,EDGE-0009516,EV-CONTRACT-2026-6067
PHO-001440,PHO-003719,EDGE-0009517,EV-CONTRACT-2026-6554
PHO-004387,PHO-002533,EDGE-0009518,EV-CONTRACT-2026-9230
PHO-000827,PHO-004780,EDGE-0009519,EV-CONTRACT-2026-1627
PHO-004662,PHO-000828,EDGE-0009520,EV-CONTRACT-2026-1919
PHO-000094,PHO-002677,EDGE-0009521,EV-CONTRACT-2026-5486
PHO-001693,PHO-002441,EDGE-0009522,EV-CONTRACT-2026-1698
PHO-002792,PHO-003240,EDGE-0009523,EV-CONTRACT-2026-7081
PHO-003825,PHO-003672,EDGE-0009524,EV-CONTRACT-2026-9227
PHO-001692,PHO-002042,EDGE-0009525,EV-CONTRACT-2026-8988
PHO-002778,PHO-003739,EDGE-0009526,EV-CONTRACT-2026-4883
PHO-004525,PHO-004283,EDGE-0009527,EV-CONTRACT-2026-1706
PHO-004129,PHO-004988,EDGE-0009528,EV-CONTRACT-2026-4608
PHO-002846,PHO-004933,EDGE-0009529,EV-CONTRACT-2026-5644
PHO-002451,PHO-003656,EDGE-0009530,EV-CONTRACT-2026-4391
PHO-000524,PHO-004661,EDGE-0009531,EV-CONTRACT-2026-2660
PHO-000819,PHO-004390,EDGE-0009532,EV-CONTRACT-2026-8246
PHO-000789,PHO-003459,EDGE-0009533,EV-CONTRACT-2026-7848
PHO-004478,PHO-003140,EDGE-0009534,EV-CONTRACT-2026-9307
PHO-000403,PHO-004272,EDGE-0009535,EV-CONTRACT-2026-5322
PHO-004907,PHO-001624,EDGE-0009536,EV-CONTRACT-2026-6186
PHO-000249,PHO-002672,EDGE-0009537,EV-CONTRACT-2026-4320
PHO-001892,PHO-002088,EDGE-0009538,EV-CONTRACT-2026-8862
PHO-004178,PHO-000691,EDGE-0009539,EV-CONTRACT-2026-9038
PHO-002392,PHO-000601,EDGE-0009540,EV-CONTRACT-2026-4612
PHO-002357,PHO-003255,EDGE-0009541,EV-CONTRACT-2026-7687
PHO-001408,PHO-004021,EDGE-0009542,EV-CONTRACT-2026-4660
PHO-004690,PHO-003845,EDGE-0009543,EV-CONTRACT-2026-6364
PHO-003516,PHO-000544,EDGE-0009544,EV-CONTRACT-2026-6176
PHO-003698,PHO-003529,EDGE-0009545,EV-CONTRACT-2026-2047
PHO-003808,PHO-003461,EDGE-0009546,EV-CONTRACT-2026-6656
PHO-002079,PHO-002149,EDGE-0009547,EV-CONTRACT-2026-6485
PHO-002755,PHO-001267,EDGE-0009548,EV-CONTRACT-2026-5470
PHO-000408,PHO-003707,EDGE-0009549,EV-CONTRACT-2026-2808
PHO-004694,PHO-002353,EDGE-0009550,EV-CONTRACT-2026-1754
PHO-002646,PHO-003908,EDGE-0009551,EV-CONTRACT-2026-3937
PHO-003899,PHO-002777,EDGE-0009552,EV-CONTRACT-2026-7060
PHO-000676,PHO-001367,EDGE-0009553,EV-CONTRACT-2026-8792
PHO-001367,PHO-000342,EDGE-0009554,EV-CONTRACT-2026-1209
PHO-000283,PHO-000751,EDGE-0009555,EV-CONTRACT-2026-4675
PHO-002128,PHO-003036,EDGE-0009556,EV-CONTRACT-2026-5553
PHO-001036,PHO-000124,EDGE-0009557,EV-CONTRACT-2026-5540
PHO-000471,PHO-003461,EDGE-0009558,EV-CONTRACT-2026-8793
PHO-004724,PHO-003985,EDGE-0009559,EV-CONTRACT-2026-2535
PHO-001421,PHO-002075,EDGE-0009560,EV-CONTRACT-2026-8735
PHO-002762,PHO-001073,EDGE-0009561,EV-CONTRACT-2026-2641
PHO-000903,PHO-002345,EDGE-0009562,EV-CONTRACT-2026-7403
PHO-002921,PHO-001926,EDGE-0009563,EV-CONTRACT-2026-7518
PHO-000489,PHO-003451,EDGE-0009564,EV-CONTRACT-2026-7272
PHO-000317,PHO-002523,EDGE-0009565,EV-CONTRACT-2026-7761
PHO-004050,PHO-002476,EDGE-0009566,EV-CONTRACT-2026-4179
PHO-000842,PHO-001999,EDGE-0009567,EV-CONTRACT-2026-8588
PHO-001990,PHO-001694,EDGE-0009568,EV-CONTRACT-2026-2699
PHO-001312,PHO-003349,EDGE-0009569,EV-CONTRACT-2026-9261
PHO-002200,PHO-001632,EDGE-0009570,EV-CONTRACT-2026-2670
PHO-000950,PHO-002097,EDGE-0009571,EV-CONTRACT-2026-2086
PHO-002247,PHO-000198,EDGE-0009572,EV-CONTRACT-2026-2013
PHO-003282,PHO-004250,EDGE-0009573,EV-CONTRACT-2026-3538
PHO-002581,PHO-003767,EDGE-0009574,EV-CONTRACT-2026-8639
PHO-002387,PHO-002126,EDGE-0009575,EV-CONTRACT-2026-1229
PHO-000955,PHO-004946,EDGE-0009576,EV-CONTRACT-2026-5708
PHO-001086,PHO-002617,EDGE-0009577,EV-CONTRACT-2026-2213
PHO-000284,PHO-001694,EDGE-0009578,EV-CONTRACT-2026-1379
PHO-003369,PHO-004945,EDGE-0009579,EV-CONTRACT-2026-3487
PHO-000442,PHO-000625,EDGE-0009580,EV-CONTRACT-2026-6091
PHO-003411,PHO-002169,EDGE-0009581,EV-CONTRACT-2026-1116
PHO-001044,PHO-000549,EDGE-0009582,EV-CONTRACT-2026-6604
PHO-004761,PHO-000584,EDGE-0009583,EV-CONTRACT-2026-8417
PHO-000233,PHO-000748,EDGE-0009584,EV-CONTRACT-2026-1433
PHO-002605,PHO-004131,EDGE-0009585,EV-CONTRACT-2026-3072
PHO-003997,PHO-004752,EDGE-0009586,EV-CONTRACT-2026-4916
PHO-001487,PHO-004440,EDGE-0009587,EV-CONTRACT-2026-7027
PHO-000098,PHO-000161,EDGE-0009588,EV-CONTRACT-2026-6076
PHO-003613,PHO-002248,EDGE-0009589,EV-CONTRACT-2026-3226
PHO-000652,PHO-000200,EDGE-0009590,EV-CONTRACT-2026-3598
PHO-004343,PHO-003891,EDGE-0009591,EV-CONTRACT-2026-7505
PHO-002413,PHO-003943,EDGE-0009592,EV-CONTRACT-2026-5429
PHO-003703,PHO-002920,EDGE-0009593,EV-CONTRACT-2026-6031
PHO-004774,PHO-002161,EDGE-0009594,EV-CONTRACT-2026-2313
PHO-001040,PHO-003749,EDGE-0009595,EV-CONTRACT-2026-3038
PHO-004185,PHO-002280,EDGE-0009596,EV-CONTRACT-2026-2390
PHO-004864,PHO-003788,EDGE-0009597,EV-CONTRACT-2026-7600
PHO-004370,PHO-002318,EDGE-0009598,EV-CONTRACT-2026-9423
PHO-001895,PHO-002439,EDGE-0009599,EV-CONTRACT-2026-4099
PHO-000570,PHO-002642,EDGE-0009600,EV-CONTRACT-2026-2329
PHO-002986,PHO-003167,EDGE-0009601,EV-CONTRACT-2026-8107
PHO-002510,PHO-002449,EDGE-0009602,EV-CONTRACT-2026-3969
PHO-001682,PHO-000418,EDGE-0009603,EV-CONTRACT-2026-6827
PHO-000587,PHO-004365,EDGE-0009604,EV-CONTRACT-2026-6642
PHO-002844,PHO-001075,EDGE-0009605,EV-CONTRACT-2026-1767
PHO-000578,PHO-003735,EDGE-0009606,EV-CONTRACT-2026-5137
PHO-002553,PHO-003308,EDGE-0009607,EV-CONTRACT-2026-7937
PHO-001160,PHO-004887,EDGE-0009608,EV-CONTRACT-2026-6469
PHO-000151,PHO-001952,EDGE-0009609,EV-CONTRACT-2026-6765
PHO-002409,PHO-002380,EDGE-0009610,EV-CONTRACT-2026-8701
PHO-004680,PHO-004523,EDGE-0009611,EV-CONTRACT-2026-7708
PHO-000724,PHO-001429,EDGE-0009612,EV-CONTRACT-2026-9160
PHO-003452,PHO-001695,EDGE-0009613,EV-CONTRACT-2026-9014
PHO-003313,PHO-000915,EDGE-0009614,EV-CONTRACT-2026-4173
PHO-000400,PHO-000281,EDGE-0009615,EV-CONTRACT-2026-6255
PHO-001002,PHO-003995,EDGE-0009616,EV-CONTRACT-2026-1764
PHO-003677,PHO-000317,EDGE-0009617,EV-CONTRACT-2026-9681
PHO-001768,PHO-002555,EDGE-0009618,EV-CONTRACT-2026-9266
PHO-002459,PHO-004052,EDGE-0009619,EV-CONTRACT-2026-2468
PHO-000461,PHO-004930,EDGE-0009620,EV-CONTRACT-2026-5811
PHO-000146,PHO-003351,EDGE-0009621,EV-CONTRACT-2026-1999
PHO-003653,PHO-004195,EDGE-0009622,EV-CONTRACT-2026-3790
PHO-004172,PHO-001563,EDGE-0009623,EV-CONTRACT-2026-4512
PHO-001614,PHO-003686,EDGE-0009624,EV-CONTRACT-2026-8530
PHO-001014,PHO-003318,EDGE-0009625,EV-CONTRACT-2026-5227
PHO-002103,PHO-002237,EDGE-0009626,EV-CONTRACT-2026-4270
PHO-000910,PHO-001711,EDGE-0009627,EV-CONTRACT-2026-2859
PHO-002146,PHO-003831,EDGE-0009628,EV-CONTRACT-2026-4819
PHO-002039,PHO-002538,EDGE-0009629,EV-CONTRACT-2026-6065
PHO-003303,PHO-001418,EDGE-0009630,EV-CONTRACT-2026-3131
PHO-002494,PHO-004508,EDGE-0009631,EV-CONTRACT-2026-6861
PHO-001128,PHO-002243,EDGE-0009632,EV-CONTRACT-2026-7283
PHO-004598,PHO-004746,EDGE-0009633,EV-CONTRACT-2026-5422
PHO-004193,PHO-003081,EDGE-0009634,EV-CONTRACT-2026-2834
PHO-000092,PHO-001583,EDGE-0009635,EV-CONTRACT-2026-9332
PHO-004822,PHO-000815,EDGE-0009636,EV-CONTRACT-2026-1536
PHO-003203,PHO-003136,EDGE-0009637,EV-CONTRACT-2026-7457
PHO-002199,PHO-001886,EDGE-0009638,EV-CONTRACT-2026-1240
PHO-004108,PHO-004686,EDGE-0009639,EV-CONTRACT-2026-8517
PHO-001898,PHO-001714,EDGE-0009640,EV-CONTRACT-2026-5201
PHO-000253,PHO-002529,EDGE-0009641,EV-CONTRACT-2026-5736
PHO-003074,PHO-002246,EDGE-0009642,EV-CONTRACT-2026-9138
PHO-000583,PHO-002915,EDGE-0009643,EV-CONTRACT-2026-5184
PHO-002621,PHO-002347,EDGE-0009644,EV-CONTRACT-2026-7660
PHO-000075,PHO-003819,EDGE-0009645,EV-CONTRACT-2026-1704
PHO-002477,PHO-002712,EDGE-0009646,EV-CONTRACT-2026-9706
PHO-002737,PHO-000885,EDGE-0009647,EV-CONTRACT-2026-7303
PHO-001229,PHO-000669,EDGE-0009648,EV-CONTRACT-2026-1388
PHO-001898,PHO-002715,EDGE-0009649,EV-CONTRACT-2026-2749
PHO-000695,PHO-002181,EDGE-0009650,EV-CONTRACT-2026-4355
PHO-004894,PHO-001083,EDGE-0009651,EV-CONTRACT-2026-8778
PHO-003640,PHO-000502,EDGE-0009652,EV-CONTRACT-2026-4043
PHO-003508,PHO-000117,EDGE-0009653,EV-CONTRACT-2026-1375
PHO-002785,PHO-000704,EDGE-0009654,EV-CONTRACT-2026-3950
PHO-003080,PHO-001139,EDGE-0009655,EV-CONTRACT-2026-7730
PHO-004122,PHO-001535,EDGE-0009656,EV-CONTRACT-2026-3416
PHO-003455,PHO-002890,EDGE-0009657,EV-CONTRACT-2026-5991
PHO-000051,PHO-001694,EDGE-0009658,EV-CONTRACT-2026-1073
PHO-003494,PHO-002838,EDGE-0009659,EV-CONTRACT-2026-6669
PHO-000574,PHO-003278,EDGE-0009660,EV-CONTRACT-2026-7840
PHO-001859,PHO-004430,EDGE-0009661,EV-CONTRACT-2026-2886
PHO-003005,PHO-001236,EDGE-0009662,EV-CONTRACT-2026-1811
PHO-001988,PHO-001141,EDGE-0009663,EV-CONTRACT-2026-9950
PHO-000476,PHO-002869,EDGE-0009664,EV-CONTRACT-2026-7884
PHO-001628,PHO-002554,EDGE-0009665,EV-CONTRACT-2026-5124
PHO-002756,PHO-002844,EDGE-0009666,EV-CONTRACT-2026-3293
PHO-004057,PHO-004549,EDGE-0009667,EV-CONTRACT-2026-5123
PHO-001159,PHO-002882,EDGE-0009668,EV-CONTRACT-2026-3118
PHO-004425,PHO-004194,EDGE-0009669,EV-CONTRACT-2026-9230
PHO-003190,PHO-001855,EDGE-0009670,EV-CONTRACT-2026-5373
PHO-004612,PHO-003691,EDGE-0009671,EV-CONTRACT-2026-4275
PHO-003245,PHO-003554,EDGE-0009672,EV-CONTRACT-2026-7270
PHO-000842,PHO-000579,EDGE-0009673,EV-CONTRACT-2026-6790
PHO-002689,PHO-001625,EDGE-0009674,EV-CONTRACT-2026-7160
PHO-000403,PHO-000994,EDGE-0009675,EV-CONTRACT-2026-2175
PHO-001010,PHO-002597,EDGE-0009676,EV-CONTRACT-2026-9256
PHO-004453,PHO-002341,EDGE-0009677,EV-CONTRACT-2026-2077
PHO-001206,PHO-004355,EDGE-0009678,EV-CONTRACT-2026-5651
PHO-000684,PHO-002724,EDGE-0009679,EV-CONTRACT-2026-4021
PHO-001514,PHO-004357,EDGE-0009680,EV-CONTRACT-2026-3584
PHO-003617,PHO-003447,EDGE-0009681,EV-CONTRACT-2026-1577
PHO-002834,PHO-003146,EDGE-0009682,EV-CONTRACT-2026-4463
PHO-002743,PHO-004152,EDGE-0009683,EV-CONTRACT-2026-4064
PHO-003689,PHO-004125,EDGE-0009684,EV-CONTRACT-2026-7317
PHO-003927,PHO-002482,EDGE-0009685,EV-CONTRACT-2026-9115
PHO-003762,PHO-003803,EDGE-0009686,EV-CONTRACT-2026-9117
PHO-001650,PHO-000950,EDGE-0009687,EV-CONTRACT-2026-7976
PHO-000927,PHO-001027,EDGE-0009688,EV-CONTRACT-2026-8913
PHO-002412,PHO-003901,EDGE-0009689,EV-CONTRACT-2026-2190
PHO-002498,PHO-002709,EDGE-0009690,EV-CONTRACT-2026-9825
PHO-003358,PHO-003106,EDGE-0009691,EV-CONTRACT-2026-3824
PHO-000528,PHO-001992,EDGE-0009692,EV-CONTRACT-2026-6838
PHO-004733,PHO-004479,EDGE-0009693,EV-CONTRACT-2026-7363
PHO-002485,PHO-003347,EDGE-0009694,EV-CONTRACT-2026-4466
PHO-002495,PHO-003470,EDGE-0009695,EV-CONTRACT-2026-2627
PHO-002538,PHO-002781,EDGE-0009696,EV-CONTRACT-2026-8005
PHO-000961,PHO-000541,EDGE-0009697,EV-CONTRACT-2026-7739
PHO-000160,PHO-003061,EDGE-0009698,EV-CONTRACT-2026-4298
PHO-000433,PHO-001539,EDGE-0009699,EV-CONTRACT-2026-5929
PHO-002509,PHO-003087,EDGE-0009700,EV-CONTRACT-2026-4303
PHO-000613,PHO-000159,EDGE-0009701,EV-CONTRACT-2026-7527
PHO-001391,PHO-002417,EDGE-0009702,EV-CONTRACT-2026-9808
PHO-000818,PHO-003815,EDGE-0009703,EV-CONTRACT-2026-3759
PHO-004236,PHO-002417,EDGE-0009704,EV-CONTRACT-2026-4708
PHO-000269,PHO-003325,EDGE-0009705,EV-CONTRACT-2026-4048
PHO-002843,PHO-003280,EDGE-0009706,EV-CONTRACT-2026-5397
PHO-004256,PHO-001549,EDGE-0009707,EV-CONTRACT-2026-5811
PHO-002494,PHO-001957,EDGE-0009708,EV-CONTRACT-2026-3286
PHO-004919,PHO-003786,EDGE-0009709,EV-CONTRACT-2026-7555
PHO-003479,PHO-000609,EDGE-0009710,EV-CONTRACT-2026-8173
PHO-001129,PHO-002130,EDGE-0009711,EV-CONTRACT-2026-4419
PHO-000806,PHO-004953,EDGE-0009712,EV-CONTRACT-2026-8845
PHO-002787,PHO-002820,EDGE-0009713,EV-CONTRACT-2026-9692
PHO-000174,PHO-002398,EDGE-0009714,EV-CONTRACT-2026-7057
PHO-002317,PHO-000980,EDGE-0009715,EV-CONTRACT-2026-3112
PHO-003614,PHO-000853,EDGE-0009716,EV-CONTRACT-2026-8659
PHO-004684,PHO-004448,EDGE-0009717,EV-CONTRACT-2026-2275
PHO-001250,PHO-000334,EDGE-0009718,EV-CONTRACT-2026-8411
PHO-004588,PHO-002599,EDGE-0009719,EV-CONTRACT-2026-5780
PHO-002052,PHO-002786,EDGE-0009720,EV-CONTRACT-2026-2845
PHO-003460,PHO-002359,EDGE-0009721,EV-CONTRACT-2026-9393
PHO-000051,PHO-003607,EDGE-0009722,EV-CONTRACT-2026-6006
PHO-004279,PHO-002696,EDGE-0009723,EV-CONTRACT-2026-6320
PHO-001679,PHO-001434,EDGE-0009724,EV-CONTRACT-2026-3637
PHO-000459,PHO-001053,EDGE-0009725,EV-CONTRACT-2026-6294
PHO-004357,PHO-004559,EDGE-0009726,EV-CONTRACT-2026-3388
PHO-000589,PHO-000843,EDGE-0009727,EV-CONTRACT-2026-7909
PHO-000496,PHO-000998,EDGE-0009728,EV-CONTRACT-2026-8001
PHO-004808,PHO-001416,EDGE-0009729,EV-CONTRACT-2026-9160
PHO-003351,PHO-002713,EDGE-0009730,EV-CONTRACT-2026-1658
PHO-000386,PHO-002199,EDGE-0009731,EV-CONTRACT-2026-9603
PHO-003158,PHO-001209,EDGE-0009732,EV-CONTRACT-2026-7722
PHO-004652,PHO-003227,EDGE-0009733,EV-CONTRACT-2026-2929
PHO-004535,PHO-001445,EDGE-0009734,EV-CONTRACT-2026-8503
PHO-000053,PHO-003249,EDGE-0009735,EV-CONTRACT-2026-9163
PHO-001172,PHO-003365,EDGE-0009736,EV-CONTRACT-2026-9152
PHO-004093,PHO-004342,EDGE-0009737,EV-CONTRACT-2026-4445
PHO-004058,PHO-004871,EDGE-0009738,EV-CONTRACT-2026-3647
PHO-001778,PHO-002700,EDGE-0009739,EV-CONTRACT-2026-9251
PHO-001853,PHO-002637,EDGE-0009740,EV-CONTRACT-2026-3590
PHO-002398,PHO-004121,EDGE-0009741,EV-CONTRACT-2026-2537
PHO-000705,PHO-004966,EDGE-0009742,EV-CONTRACT-2026-5183
PHO-003696,PHO-002378,EDGE-0009743,EV-CONTRACT-2026-8578
PHO-002268,PHO-003621,EDGE-0009744,EV-CONTRACT-2026-9922
PHO-003079,PHO-002498,EDGE-0009745,EV-CONTRACT-2026-3927
PHO-001853,PHO-002327,EDGE-0009746,EV-CONTRACT-2026-5137
PHO-004857,PHO-004885,EDGE-0009747,EV-CONTRACT-2026-8076
PHO-000097,PHO-001316,EDGE-0009748,EV-CONTRACT-2026-8001
PHO-000609,PHO-001946,EDGE-0009749,EV-CONTRACT-2026-8419
PHO-004019,PHO-004851,EDGE-0009750,EV-CONTRACT-2026-9468
PHO-003509,PHO-004797,EDGE-0009751,EV-CONTRACT-2026-1479
PHO-004539,PHO-003762,EDGE-0009752,EV-CONTRACT-2026-7405
PHO-004747,PHO-000497,EDGE-0009753,EV-CONTRACT-2026-4718
PHO-001310,PHO-003116,EDGE-0009754,EV-CONTRACT-2026-7921
PHO-004266,PHO-000612,EDGE-0009755,EV-CONTRACT-2026-2178
PHO-004011,PHO-004481,EDGE-0009756,EV-CONTRACT-2026-5628
PHO-002132,PHO-001466,EDGE-0009757,EV-CONTRACT-2026-5651
PHO-001216,PHO-004743,EDGE-0009758,EV-CONTRACT-2026-6699
PHO-000749,PHO-001096,EDGE-0009759,EV-CONTRACT-2026-8209
PHO-000782,PHO-004995,EDGE-0009760,EV-CONTRACT-2026-5223
PHO-002434,PHO-001848,EDGE-0009761,EV-CONTRACT-2026-9139
PHO-001533,PHO-004126,EDGE-0009762,EV-CONTRACT-2026-3985
PHO-000224,PHO-001721,EDGE-0009763,EV-CONTRACT-2026-9435
PHO-000401,PHO-002558,EDGE-0009764,EV-CONTRACT-2026-3816
PHO-003069,PHO-000258,EDGE-0009765,EV-CONTRACT-2026-7418
PHO-002142,PHO-001942,EDGE-0009766,EV-CONTRACT-2026-1231
PHO-000119,PHO-000526,EDGE-0009767,EV-CONTRACT-2026-2174
PHO-003191,PHO-002111,EDGE-0009768,EV-CONTRACT-2026-3674
PHO-003203,PHO-004476,EDGE-0009769,EV-CONTRACT-2026-4165
PHO-002661,PHO-004396,EDGE-0009770,EV-CONTRACT-2026-9608
PHO-000223,PHO-003880,EDGE-0009771,EV-CONTRACT-2026-7623
PHO-003150,PHO-001810,EDGE-0009772,EV-CONTRACT-2026-3100
PHO-002395,PHO-003510,EDGE-0009773,EV-CONTRACT-2026-1773
PHO-003518,PHO-002420,EDGE-0009774,EV-CONTRACT-2026-1331
PHO-001559,PHO-001287,EDGE-0009775,EV-CONTRACT-2026-3817
PHO-002824,PHO-003431,EDGE-0009776,EV-CONTRACT-2026-9110
PHO-000420,PHO-002887,EDGE-0009777,EV-CONTRACT-2026-8357
PHO-001761,PHO-004506,EDGE-0009778,EV-CONTRACT-2026-4904
PHO-001077,PHO-000433,EDGE-0009779,EV-CONTRACT-2026-2883
PHO-004883,PHO-003594,EDGE-0009780,EV-CONTRACT-2026-3572
PHO-003302,PHO-004005,EDGE-0009781,EV-CONTRACT-2026-6521
PHO-002600,PHO-001497,EDGE-0009782,EV-CONTRACT-2026-2599
PHO-001883,PHO-003385,EDGE-0009783,EV-CONTRACT-2026-8375
PHO-001583,PHO-003527,EDGE-0009784,EV-CONTRACT-2026-8836
PHO-001435,PHO-001707,EDGE-0009785,EV-CONTRACT-2026-2548
PHO-004518,PHO-001400,EDGE-0009786,EV-CONTRACT-2026-1915
PHO-001864,PHO-003757,EDGE-0009787,EV-CONTRACT-2026-2878
PHO-003049,PHO-004115,EDGE-0009788,EV-CONTRACT-2026-8128
PHO-002105,PHO-004245,EDGE-0009789,EV-CONTRACT-2026-5015
PHO-002686,PHO-000001,EDGE-0009790,EV-CONTRACT-2026-9445
PHO-001028,PHO-004469,EDGE-0009791,EV-CONTRACT-2026-3462
PHO-000486,PHO-004888,EDGE-0009792,EV-CONTRACT-2026-5663
PHO-003784,PHO-002975,EDGE-0009793,EV-CONTRACT-2026-2432
PHO-003666,PHO-001642,EDGE-0009794,EV-CONTRACT-2026-6898
PHO-004225,PHO-002431,EDGE-0009795,EV-CONTRACT-2026-8188
PHO-000049,PHO-002862,EDGE-0009796,EV-CONTRACT-2026-4779
PHO-000730,PHO-001650,EDGE-0009797,EV-CONTRACT-2026-4574
PHO-002195,PHO-003787,EDGE-0009798,EV-CONTRACT-2026-5383
PHO-000315,PHO-004621,EDGE-0009799,EV-CONTRACT-2026-7832
PHO-000014,PHO-004361,EDGE-0009800,EV-CONTRACT-2026-5447
PHO-004948,PHO-001455,EDGE-0009801,EV-CONTRACT-2026-6519
PHO-004509,PHO-004971,EDGE-0009802,EV-CONTRACT-2026-6549
PHO-000348,PHO-003260,EDGE-0009803,EV-CONTRACT-2026-6354
PHO-004489,PHO-003639,EDGE-0009804,EV-CONTRACT-2026-1301
PHO-002501,PHO-001413,EDGE-0009805,EV-CONTRACT-2026-1299
PHO-001630,PHO-004176,EDGE-0009806,EV-CONTRACT-2026-4051
PHO-003882,PHO-001977,EDGE-0009807,EV-CONTRACT-2026-5414
PHO-003827,PHO-000664,EDGE-0009808,EV-CONTRACT-2026-6407
PHO-003100,PHO-004351,EDGE-0009809,EV-CONTRACT-2026-2409
PHO-001515,PHO-004594,EDGE-0009810,EV-CONTRACT-2026-6502
PHO-000304,PHO-003324,EDGE-0009811,EV-CONTRACT-2026-6149
PHO-000736,PHO-002795,EDGE-0009812,EV-CONTRACT-2026-1762
PHO-000322,PHO-001789,EDGE-0009813,EV-CONTRACT-2026-9801
PHO-000241,PHO-003892,EDGE-0009814,EV-CONTRACT-2026-2103
PHO-000840,PHO-004899,EDGE-0009815,EV-CONTRACT-2026-1285
PHO-001573,PHO-000023,EDGE-0009816,EV-CONTRACT-2026-9776
PHO-002542,PHO-004301,EDGE-0009817,EV-CONTRACT-2026-9969
PHO-001509,PHO-000005,EDGE-0009818,EV-CONTRACT-2026-7618
PHO-000998,PHO-002656,EDGE-0009819,EV-CONTRACT-2026-5904
PHO-002057,PHO-002848,EDGE-0009820,EV-CONTRACT-2026-6321
PHO-003253,PHO-001692,EDGE-0009821,EV-CONTRACT-2026-8571
PHO-004948,PHO-003394,EDGE-0009822,EV-CONTRACT-2026-3506
PHO-002739,PHO-000108,EDGE-0009823,EV-CONTRACT-2026-2216
PHO-004962,PHO-001499,EDGE-0009824,EV-CONTRACT-2026-8764
PHO-003389,PHO-003766,EDGE-0009825,EV-CONTRACT-2026-6120
PHO-003964,PHO-004105,EDGE-0009826,EV-CONTRACT-2026-5029
PHO-003297,PHO-001051,EDGE-0009827,EV-CONTRACT-2026-1586
PHO-004965,PHO-001136,EDGE-0009828,EV-CONTRACT-2026-9403
PHO-003950,PHO-001359,EDGE-0009829,EV-CONTRACT-2026-1301
PHO-000524,PHO-001695,EDGE-0009830,EV-CONTRACT-2026-4430
PHO-004307,PHO-000981,EDGE-0009831,EV-CONTRACT-2026-9186
PHO-001025,PHO-000610,EDGE-0009832,EV-CONTRACT-2026-9314
PHO-004205,PHO-003906,EDGE-0009833,EV-CONTRACT-2026-9033
PHO-000086,PHO-001536,EDGE-0009834,EV-CONTRACT-2026-4412
PHO-003638,PHO-004634,EDGE-0009835,EV-CONTRACT-2026-8941
PHO-001455,PHO-001282,EDGE-0009836,EV-CONTRACT-2026-4917
PHO-003306,PHO-000376,EDGE-0009837,EV-CONTRACT-2026-9744
PHO-001936,PHO-002362,EDGE-0009838,EV-CONTRACT-2026-6491
PHO-003464,PHO-004306,EDGE-0009839,EV-CONTRACT-2026-1417
PHO-002398,PHO-002431,EDGE-0009840,EV-CONTRACT-2026-1858
PHO-000117,PHO-004235,EDGE-0009841,EV-CONTRACT-2026-2063
PHO-000176,PHO-000144,EDGE-0009842,EV-CONTRACT-2026-5329
PHO-002191,PHO-004525,EDGE-0009843,EV-CONTRACT-2026-1378
PHO-000397,PHO-000266,EDGE-0009844,EV-CONTRACT-2026-8970
PHO-004740,PHO-004597,EDGE-0009845,EV-CONTRACT-2026-6417
PHO-002776,PHO-004880,EDGE-0009846,EV-CONTRACT-2026-4889
PHO-000730,PHO-003740,EDGE-0009847,EV-CONTRACT-2026-7031
PHO-001044,PHO-002797,EDGE-0009848,EV-CONTRACT-2026-5521
PHO-003534,PHO-001306,EDGE-0009849,EV-CONTRACT-2026-9535
PHO-004820,PHO-001402,EDGE-0009850,EV-CONTRACT-2026-2171
PHO-001340,PHO-001752,EDGE-0009851,EV-CONTRACT-2026-6326
PHO-003756,PHO-003319,EDGE-0009852,EV-CONTRACT-2026-3238
PHO-003390,PHO-004070,EDGE-0009853,EV-CONTRACT-2026-2806
PHO-002152,PHO-004800,EDGE-0009854,EV-CONTRACT-2026-5716
PHO-002308,PHO-000559,EDGE-0009855,EV-CONTRACT-2026-2218
PHO-001148,PHO-003250,EDGE-0009856,EV-CONTRACT-2026-6026
PHO-001325,PHO-004784,EDGE-0009857,EV-CONTRACT-2026-5677
PHO-002013,PHO-000441,EDGE-0009858,EV-CONTRACT-2026-9029
PHO-003896,PHO-001760,EDGE-0009859,EV-CONTRACT-2026-7281
PHO-004945,PHO-003961,EDGE-0009860,EV-CONTRACT-2026-8159
PHO-001191,PHO-001644,EDGE-0009861,EV-CONTRACT-2026-6503
PHO-003639,PHO-004784,EDGE-0009862,EV-CONTRACT-2026-6488
PHO-001922,PHO-002795,EDGE-0009863,EV-CONTRACT-2026-2683
PHO-002210,PHO-002905,EDGE-0009864,EV-CONTRACT-2026-9548
PHO-000534,PHO-001018,EDGE-0009865,EV-CONTRACT-2026-1116
PHO-002026,PHO-003240,EDGE-0009866,EV-CONTRACT-2026-5300
PHO-000978,PHO-001154,EDGE-0009867,EV-CONTRACT-2026-2338
PHO-001629,PHO-001337,EDGE-0009868,EV-CONTRACT-2026-8648
PHO-004200,PHO-002305,EDGE-0009869,EV-CONTRACT-2026-8928
PHO-003978,PHO-000713,EDGE-0009870,EV-CONTRACT-2026-4412
PHO-000164,PHO-003263,EDGE-0009871,EV-CONTRACT-2026-5167
PHO-002711,PHO-002780,EDGE-0009872,EV-CONTRACT-2026-1654
PHO-002171,PHO-004025,EDGE-0009873,EV-CONTRACT-2026-3208
PHO-003496,PHO-003948,EDGE-0009874,EV-CONTRACT-2026-6595
PHO-004856,PHO-000788,EDGE-0009875,EV-CONTRACT-2026-7964
PHO-002114,PHO-000899,EDGE-0009876,EV-CONTRACT-2026-8864
PHO-003432,PHO-003151,EDGE-0009877,EV-CONTRACT-2026-3251
PHO-001090,PHO-004280,EDGE-0009878,EV-CONTRACT-2026-5842
PHO-000752,PHO-001240,EDGE-0009879,EV-CONTRACT-2026-2527
PHO-000837,PHO-003108,EDGE-0009880,EV-CONTRACT-2026-5750
PHO-001318,PHO-004849,EDGE-0009881,EV-CONTRACT-2026-3365
PHO-001133,PHO-004974,EDGE-0009882,EV-CONTRACT-2026-1555
PHO-001644,PHO-001393,EDGE-0009883,EV-CONTRACT-2026-5333
PHO-003870,PHO-001001,EDGE-0009884,EV-CONTRACT-2026-9690
PHO-001451,PHO-003311,EDGE-0009885,EV-CONTRACT-2026-6816
PHO-000134,PHO-000180,EDGE-0009886,EV-CONTRACT-2026-3756
PHO-004541,PHO-004206,EDGE-0009887,EV-CONTRACT-2026-3436
PHO-003981,PHO-000648,EDGE-0009888,EV-CONTRACT-2026-8980
PHO-004526,PHO-000361,EDGE-0009889,EV-CONTRACT-2026-6528
PHO-004781,PHO-001721,EDGE-0009890,EV-CONTRACT-2026-2448
PHO-002535,PHO-004016,EDGE-0009891,EV-CONTRACT-2026-3232
PHO-000076,PHO-002739,EDGE-0009892,EV-CONTRACT-2026-9318
PHO-000013,PHO-002147,EDGE-0009893,EV-CONTRACT-2026-2634
PHO-000161,PHO-003759,EDGE-0009894,EV-CONTRACT-2026-4962
PHO-001181,PHO-003662,EDGE-0009895,EV-CONTRACT-2026-4698
PHO-002315,PHO-001556,EDGE-0009896,EV-CONTRACT-2026-8903
PHO-001369,PHO-004986,EDGE-0009897,EV-CONTRACT-2026-2558
PHO-002644,PHO-004486,EDGE-0009898,EV-CONTRACT-2026-4283
PHO-001820,PHO-001211,EDGE-0009899,EV-CONTRACT-2026-9406
PHO-002136,PHO-003882,EDGE-0009900,EV-CONTRACT-2026-7994
PHO-003910,PHO-004011,EDGE-0009901,EV-CONTRACT-2026-3638
PHO-003160,PHO-000910,EDGE-0009902,EV-CONTRACT-2026-5267
PHO-001849,PHO-002969,EDGE-0009903,EV-CONTRACT-2026-1398
PHO-002644,PHO-004275,EDGE-0009904,EV-CONTRACT-2026-5625
PHO-000188,PHO-003468,EDGE-0009905,EV-CONTRACT-2026-8057
PHO-002715,PHO-003613,EDGE-0009906,EV-CONTRACT-2026-2657
PHO-000466,PHO-004518,EDGE-0009907,EV-CONTRACT-2026-6123
PHO-000016,PHO-002342,EDGE-0009908,EV-CONTRACT-2026-8292
PHO-000176,PHO-002987,EDGE-0009909,EV-CONTRACT-2026-2827
PHO-004885,PHO-003950,EDGE-0009910,EV-CONTRACT-2026-3437
PHO-004726,PHO-004069,EDGE-0009911,EV-CONTRACT-2026-8329
PHO-000760,PHO-003346,EDGE-0009912,EV-CONTRACT-2026-5157
PHO-001003,PHO-001145,EDGE-0009913,EV-CONTRACT-2026-2789
PHO-004752,PHO-002848,EDGE-0009914,EV-CONTRACT-2026-5852
PHO-002330,PHO-002889,EDGE-0009915,EV-CONTRACT-2026-5455
PHO-001728,PHO-002087,EDGE-0009916,EV-CONTRACT-2026-9737
PHO-003903,PHO-001867,EDGE-0009917,EV-CONTRACT-2026-6958
PHO-002022,PHO-001108,EDGE-0009918,EV-CONTRACT-2026-8700
PHO-004796,PHO-003160,EDGE-0009919,EV-CONTRACT-2026-1531
PHO-000705,PHO-004224,EDGE-0009920,EV-CONTRACT-2026-3637
PHO-004872,PHO-000038,EDGE-0009921,EV-CONTRACT-2026-6772
PHO-001276,PHO-002962,EDGE-0009922,EV-CONTRACT-2026-9104
PHO-004494,PHO-003303,EDGE-0009923,EV-CONTRACT-2026-5995
PHO-003486,PHO-001188,EDGE-0009924,EV-CONTRACT-2026-4405
PHO-001206,PHO-002498,EDGE-0009925,EV-CONTRACT-2026-2031
PHO-002380,PHO-000538,EDGE-0009926,EV-CONTRACT-2026-8551
PHO-002084,PHO-003270,EDGE-0009927,EV-CONTRACT-2026-6472
PHO-000830,PHO-001312,EDGE-0009928,EV-CONTRACT-2026-3451
PHO-003157,PHO-002098,EDGE-0009929,EV-CONTRACT-2026-5655
PHO-002348,PHO-003934,EDGE-0009930,EV-CONTRACT-2026-2662
PHO-003082,PHO-000035,EDGE-0009931,EV-CONTRACT-2026-3322
PHO-004766,PHO-001359,EDGE-0009932,EV-CONTRACT-2026-2735
PHO-003077,PHO-002488,EDGE-0009933,EV-CONTRACT-2026-6262
PHO-004754,PHO-003491,EDGE-0009934,EV-CONTRACT-2026-1761
PHO-002032,PHO-003835,EDGE-0009935,EV-CONTRACT-2026-2222
PHO-002916,PHO-001216,EDGE-0009936,EV-CONTRACT-2026-6594
PHO-001177,PHO-000482,EDGE-0009937,EV-CONTRACT-2026-9476
PHO-001184,PHO-003948,EDGE-0009938,EV-CONTRACT-2026-7114
PHO-002901,PHO-003953,EDGE-0009939,EV-CONTRACT-2026-2834
PHO-000497,PHO-002369,EDGE-0009940,EV-CONTRACT-2026-6236
PHO-003732,PHO-002091,EDGE-0009941,EV-CONTRACT-2026-1202
PHO-000063,PHO-001679,EDGE-0009942,EV-CONTRACT-2026-7137
PHO-000837,PHO-002038,EDGE-0009943,EV-CONTRACT-2026-6896
PHO-000953,PHO-003256,EDGE-0009944,EV-CONTRACT-2026-5674
PHO-003665,PHO-004414,EDGE-0009945,EV-CONTRACT-2026-4778
PHO-003444,PHO-003092,EDGE-0009946,EV-CONTRACT-2026-7470
PHO-003463,PHO-000655,EDGE-0009947,EV-CONTRACT-2026-5257
PHO-000277,PHO-003637,EDGE-0009948,EV-CONTRACT-2026-6592
PHO-000302,PHO-001314,EDGE-0009949,EV-CONTRACT-2026-4713
PHO-004952,PHO-002783,EDGE-0009950,EV-CONTRACT-2026-7140
PHO-000918,PHO-001621,EDGE-0009951,EV-CONTRACT-2026-4008
PHO-004632,PHO-001513,EDGE-0009952,EV-CONTRACT-2026-4542
PHO-003495,PHO-003888,EDGE-0009953,EV-CONTRACT-2026-5145
PHO-003419,PHO-002309,EDGE-0009954,EV-CONTRACT-2026-4460
PHO-003144,PHO-000772,EDGE-0009955,EV-CONTRACT-2026-6428
PHO-001843,PHO-000644,EDGE-0009956,EV-CONTRACT-2026-4440
PHO-004823,PHO-002067,EDGE-0009957,EV-CONTRACT-2026-7384
PHO-001957,PHO-004632,EDGE-0009958,EV-CONTRACT-2026-8275
PHO-001944,PHO-002636,EDGE-0009959,EV-CONTRACT-2026-6743
PHO-003534,PHO-004134,EDGE-0009960,EV-CONTRACT-2026-6472
PHO-004507,PHO-001988,EDGE-0009961,EV-CONTRACT-2026-9465
PHO-002197,PHO-004669,EDGE-0009962,EV-CONTRACT-2026-9873
PHO-000116,PHO-000494,EDGE-0009963,EV-CONTRACT-2026-4371
PHO-001861,PHO-003151,EDGE-0009964,EV-CONTRACT-2026-3958
PHO-002284,PHO-002742,EDGE-0009965,EV-CONTRACT-2026-3624
PHO-003424,PHO-003520,EDGE-0009966,EV-CONTRACT-2026-1880
PHO-000863,PHO-001896,EDGE-0009967,EV-CONTRACT-2026-6511
PHO-002608,PHO-002744,EDGE-0009968,EV-CONTRACT-2026-4903
PHO-002999,PHO-000367,EDGE-0009969,EV-CONTRACT-2026-3962
PHO-001016,PHO-000190,EDGE-0009970,EV-CONTRACT-2026-2125
PHO-003614,PHO-002599,EDGE-0009971,EV-CONTRACT-2026-9695
PHO-000056,PHO-003986,EDGE-0009972,EV-CONTRACT-2026-2378
PHO-003157,PHO-000494,EDGE-0009973,EV-CONTRACT-2026-9401
PHO-002213,PHO-001218,EDGE-0009974,EV-CONTRACT-2026-6428
PHO-002697,PHO-001641,EDGE-0009975,EV-CONTRACT-2026-9633
PHO-001794,PHO-002451,EDGE-0009976,EV-CONTRACT-2026-4705
PHO-002429,PHO-000253,EDGE-0009977,EV-CONTRACT-2026-2583
PHO-003784,PHO-001136,EDGE-0009978,EV-CONTRACT-2026-6987
PHO-002536,PHO-001527,EDGE-0009979,EV-CONTRACT-2026-9971
PHO-000531,PHO-004217,EDGE-0009980,EV-CONTRACT-2026-4664
PHO-001709,PHO-000252,EDGE-0009981,EV-CONTRACT-2026-6216
PHO-003467,PHO-000844,EDGE-0009982,EV-CONTRACT-2026-3109
PHO-001488,PHO-002132,EDGE-0009983,EV-CONTRACT-2026-4895
PHO-003808,PHO-000463,EDGE-0009984,EV-CONTRACT-2026-1845
PHO-000771,PHO-003474,EDGE-0009985,EV-CONTRACT-2026-6459
PHO-001118,PHO-000398,EDGE-0009986,EV-CONTRACT-2026-4347
PHO-001913,PHO-001662,EDGE-0009987,EV-CONTRACT-2026-5205
PHO-000642,PHO-001382,EDGE-0009988,EV-CONTRACT-2026-5351
PHO-004544,PHO-003748,EDGE-0009989,EV-CONTRACT-2026-3284
PHO-001892,PHO-000321,EDGE-0009990,EV-CONTRACT-2026-6640
PHO-004147,PHO-004208,EDGE-0009991,EV-CONTRACT-2026-3035
PHO-001448,PHO-003995,EDGE-0009992,EV-CONTRACT-2026-5331
PHO-000282,PHO-000206,EDGE-0009993,EV-CONTRACT-2026-9503
PHO-001908,PHO-000602,EDGE-0009994,EV-CONTRACT-2026-8245
PHO-000124,PHO-000004,EDGE-0009995,EV-CONTRACT-2026-4203
PHO-001208,PHO-000225,EDGE-0009996,EV-CONTRACT-2026-1916
PHO-000658,PHO-000721,EDGE-0009997,EV-CONTRACT-2026-7918
PHO-000441,PHO-003379,EDGE-0009998,EV-CONTRACT-2026-6950
PHO-000379,PHO-001919,EDGE-0009999,EV-CONTRACT-2026-3860
PHO-003842,PHO-001444,EDGE-0010000,EV-CONTRACT-2026-7025
PHO-003867,PHO-002667,EDGE-0010001,EV-CONTRACT-2026-2711
PHO-003863,PHO-003995,EDGE-0010002,EV-CONTRACT-2026-1163
PHO-003715,PHO-003379,EDGE-0010003,EV-CONTRACT-2026-3628
PHO-004992,PHO-000127,EDGE-0010004,EV-CONTRACT-2026-7041
PHO-004846,PHO-002130,EDGE-0010005,EV-CONTRACT-2026-2742
PHO-001706,PHO-000440,EDGE-0010006,EV-CONTRACT-2026-5264
PHO-004433,PHO-004018,EDGE-0010007,EV-CONTRACT-2026-8120
PHO-001994,PHO-004699,EDGE-0010008,EV-CONTRACT-2026-3863
PHO-003396,PHO-004893,EDGE-0010009,EV-CONTRACT-2026-7072
PHO-000500,PHO-002879,EDGE-0010010,EV-CONTRACT-2026-3009
PHO-003478,PHO-004320,EDGE-0010011,EV-CONTRACT-2026-6313
PHO-000589,PHO-000017,EDGE-0010012,EV-CONTRACT-2026-8974
PHO-003911,PHO-000707,EDGE-0010013,EV-CONTRACT-2026-1729
PHO-002583,PHO-004106,EDGE-0010014,EV-CONTRACT-2026-2644
PHO-003887,PHO-002408,EDGE-0010015,EV-CONTRACT-2026-8224
PHO-000176,PHO-004562,EDGE-0010016,EV-CONTRACT-2026-3844
PHO-004379,PHO-000893,EDGE-0010017,EV-CONTRACT-2026-2076
PHO-004798,PHO-004677,EDGE-0010018,EV-CONTRACT-2026-2000
PHO-004706,PHO-002908,EDGE-0010019,EV-CONTRACT-2026-7165
PHO-004730,PHO-002262,EDGE-0010020,EV-CONTRACT-2026-4534
PHO-000247,PHO-004974,EDGE-0010021,EV-CONTRACT-2026-2077
PHO-004105,PHO-000283,EDGE-0010022,EV-CONTRACT-2026-5818
PHO-000831,PHO-002399,EDGE-0010023,EV-CONTRACT-2026-1320
PHO-002627,PHO-000979,EDGE-0010024,EV-CONTRACT-2026-7479
PHO-000948,PHO-004114,EDGE-0010025,EV-CONTRACT-2026-5145
PHO-004774,PHO-004666,EDGE-0010026,EV-CONTRACT-2026-3969
PHO-004895,PHO-004047,EDGE-0010027,EV-CONTRACT-2026-9986
PHO-001546,PHO-000393,EDGE-0010028,EV-CONTRACT-2026-1366
PHO-001281,PHO-001046,EDGE-0010029,EV-CONTRACT-2026-7223
PHO-002530,PHO-004469,EDGE-0010030,EV-CONTRACT-2026-4639
PHO-003367,PHO-000427,EDGE-0010031,EV-CONTRACT-2026-7293
PHO-001390,PHO-002617,EDGE-0010032,EV-CONTRACT-2026-9740
PHO-000726,PHO-001710,EDGE-0010033,EV-CONTRACT-2026-8448
PHO-000843,PHO-003665,EDGE-0010034,EV-CONTRACT-2026-6378
PHO-003051,PHO-003846,EDGE-0010035,EV-CONTRACT-2026-3015
PHO-002350,PHO-004446,EDGE-0010036,EV-CONTRACT-2026-2828
PHO-001211,PHO-002444,EDGE-0010037,EV-CONTRACT-2026-6903
PHO-001962,PHO-004561,EDGE-0010038,EV-CONTRACT-2026-8138
PHO-000182,PHO-004538,EDGE-0010039,EV-CONTRACT-2026-1607
PHO-003342,PHO-001311,EDGE-0010040,EV-CONTRACT-2026-7466
PHO-004822,PHO-002851,EDGE-0010041,EV-CONTRACT-2026-3704
PHO-002080,PHO-000160,EDGE-0010042,EV-CONTRACT-2026-9494
PHO-002657,PHO-001651,EDGE-0010043,EV-CONTRACT-2026-1005
PHO-004000,PHO-003175,EDGE-0010044,EV-CONTRACT-2026-5322
PHO-000825,PHO-001440,EDGE-0010045,EV-CONTRACT-2026-4960
PHO-000666,PHO-000700,EDGE-0010046,EV-CONTRACT-2026-7675
PHO-001315,PHO-002261,EDGE-0010047,EV-CONTRACT-2026-8056
PHO-004723,PHO-001188,EDGE-0010048,EV-CONTRACT-2026-1368
PHO-000073,PHO-002903,EDGE-0010049,EV-CONTRACT-2026-6381
PHO-002654,PHO-003880,EDGE-0010050,EV-CONTRACT-2026-1459
PHO-003449,PHO-003011,EDGE-0010051,EV-CONTRACT-2026-4831
PHO-001311,PHO-004463,EDGE-0010052,EV-CONTRACT-2026-1928
PHO-004983,PHO-004866,EDGE-0010053,EV-CONTRACT-2026-4929
PHO-003551,PHO-001267,EDGE-0010054,EV-CONTRACT-2026-6276
PHO-002357,PHO-002309,EDGE-0010055,EV-CONTRACT-2026-6579
PHO-003067,PHO-001035,EDGE-0010056,EV-CONTRACT-2026-6657
PHO-003896,PHO-000345,EDGE-0010057,EV-CONTRACT-2026-2131
PHO-001636,PHO-001117,EDGE-0010058,EV-CONTRACT-2026-5316
PHO-004089,PHO-004354,EDGE-0010059,EV-CONTRACT-2026-2010
PHO-000513,PHO-002604,EDGE-0010060,EV-CONTRACT-2026-2498
PHO-004542,PHO-001322,EDGE-0010061,EV-CONTRACT-2026-3425
PHO-004859,PHO-004853,EDGE-0010062,EV-CONTRACT-2026-5928
PHO-004588,PHO-001944,EDGE-0010063,EV-CONTRACT-2026-3897
PHO-003199,PHO-000173,EDGE-0010064,EV-CONTRACT-2026-5631
PHO-002557,PHO-001280,EDGE-0010065,EV-CONTRACT-2026-8178
PHO-002889,PHO-000770,EDGE-0010066,EV-CONTRACT-2026-4130
PHO-002461,PHO-002446,EDGE-0010067,EV-CONTRACT-2026-3708
PHO-002067,PHO-000696,EDGE-0010068,EV-CONTRACT-2026-6685
PHO-003371,PHO-004245,EDGE-0010069,EV-CONTRACT-2026-8459
PHO-003764,PHO-002891,EDGE-0010070,EV-CONTRACT-2026-3820
PHO-001383,PHO-001542,EDGE-0010071,EV-CONTRACT-2026-1025
PHO-001936,PHO-000091,EDGE-0010072,EV-CONTRACT-2026-5773
PHO-004241,PHO-001171,EDGE-0010073,EV-CONTRACT-2026-3912
PHO-000359,PHO-004696,EDGE-0010074,EV-CONTRACT-2026-7802
PHO-000777,PHO-002239,EDGE-0010075,EV-CONTRACT-2026-7228
PHO-004207,PHO-000319,EDGE-0010076,EV-CONTRACT-2026-2761
PHO-002724,PHO-001309,EDGE-0010077,EV-CONTRACT-2026-1747
PHO-000412,PHO-004622,EDGE-0010078,EV-CONTRACT-2026-4226
PHO-003043,PHO-004158,EDGE-0010079,EV-CONTRACT-2026-2495
PHO-004812,PHO-001730,EDGE-0010080,EV-CONTRACT-2026-2614
PHO-000861,PHO-003734,EDGE-0010081,EV-CONTRACT-2026-6617
PHO-003101,PHO-004353,EDGE-0010082,EV-CONTRACT-2026-6047
PHO-002737,PHO-001694,EDGE-0010083,EV-CONTRACT-2026-5176
PHO-003841,PHO-003569,EDGE-0010084,EV-CONTRACT-2026-8787
PHO-004524,PHO-001202,EDGE-0010085,EV-CONTRACT-2026-1045
PHO-003899,PHO-002650,EDGE-0010086,EV-CONTRACT-2026-2742
PHO-000452,PHO-004696,EDGE-0010087,EV-CONTRACT-2026-7549
PHO-004478,PHO-001773,EDGE-0010088,EV-CONTRACT-2026-1864
PHO-002172,PHO-002284,EDGE-0010089,EV-CONTRACT-2026-5942
PHO-001483,PHO-004569,EDGE-0010090,EV-CONTRACT-2026-9252
PHO-000803,PHO-001808,EDGE-0010091,EV-CONTRACT-2026-1667
PHO-002332,PHO-004259,EDGE-0010092,EV-CONTRACT-2026-5871
PHO-001886,PHO-000723,EDGE-0010093,EV-CONTRACT-2026-3950
PHO-003587,PHO-002267,EDGE-0010094,EV-CONTRACT-2026-4610
PHO-004028,PHO-004986,EDGE-0010095,EV-CONTRACT-2026-4493
PHO-004198,PHO-002670,EDGE-0010096,EV-CONTRACT-2026-6930
PHO-003467,PHO-002693,EDGE-0010097,EV-CONTRACT-2026-3299
PHO-004675,PHO-000303,EDGE-0010098,EV-CONTRACT-2026-4962
PHO-003654,PHO-000696,EDGE-0010099,EV-CONTRACT-2026-1694
PHO-004466,PHO-001508,EDGE-0010100,EV-CONTRACT-2026-1617
PHO-001328,PHO-002486,EDGE-0010101,EV-CONTRACT-2026-9882
PHO-004172,PHO-000362,EDGE-0010102,EV-CONTRACT-2026-8479
PHO-003730,PHO-001844,EDGE-0010103,EV-CONTRACT-2026-3430
PHO-002396,PHO-004753,EDGE-0010104,EV-CONTRACT-2026-6428
PHO-004879,PHO-004955,EDGE-0010105,EV-CONTRACT-2026-3662
PHO-002479,PHO-002454,EDGE-0010106,EV-CONTRACT-2026-8227
PHO-001681,PHO-000774,EDGE-0010107,EV-CONTRACT-2026-5265
PHO-000890,PHO-004563,EDGE-0010108,EV-CONTRACT-2026-4777
PHO-002482,PHO-003797,EDGE-0010109,EV-CONTRACT-2026-6776
PHO-004801,PHO-000236,EDGE-0010110,EV-CONTRACT-2026-8994
PHO-004177,PHO-001999,EDGE-0010111,EV-CONTRACT-2026-5134
PHO-003315,PHO-000775,EDGE-0010112,EV-CONTRACT-2026-7174
PHO-003519,PHO-004857,EDGE-0010113,EV-CONTRACT-2026-1975
PHO-001878,PHO-001318,EDGE-0010114,EV-CONTRACT-2026-2403
PHO-003082,PHO-000931,EDGE-0010115,EV-CONTRACT-2026-4934
PHO-000337,PHO-001044,EDGE-0010116,EV-CONTRACT-2026-3917
PHO-000701,PHO-004216,EDGE-0010117,EV-CONTRACT-2026-7941
PHO-002179,PHO-000897,EDGE-0010118,EV-CONTRACT-2026-8121
PHO-001789,PHO-001312,EDGE-0010119,EV-CONTRACT-2026-6737
PHO-000719,PHO-000653,EDGE-0010120,EV-CONTRACT-2026-8466
PHO-000393,PHO-004520,EDGE-0010121,EV-CONTRACT-2026-8346
PHO-000846,PHO-004727,EDGE-0010122,EV-CONTRACT-2026-7268
PHO-002464,PHO-003752,EDGE-0010123,EV-CONTRACT-2026-4419
PHO-004741,PHO-004378,EDGE-0010124,EV-CONTRACT-2026-2158
PHO-002928,PHO-003704,EDGE-0010125,EV-CONTRACT-2026-4434
PHO-001673,PHO-002754,EDGE-0010126,EV-CONTRACT-2026-9580
PHO-002742,PHO-001560,EDGE-0010127,EV-CONTRACT-2026-4555
PHO-003326,PHO-003574,EDGE-0010128,EV-CONTRACT-2026-4231
PHO-002921,PHO-003482,EDGE-0010129,EV-CONTRACT-2026-6917
PHO-000814,PHO-002079,EDGE-0010130,EV-CONTRACT-2026-7388
PHO-000439,PHO-004250,EDGE-0010131,EV-CONTRACT-2026-9103
PHO-001377,PHO-000348,EDGE-0010132,EV-CONTRACT-2026-9711
PHO-004457,PHO-004197,EDGE-0010133,EV-CONTRACT-2026-8006
PHO-002088,PHO-001884,EDGE-0010134,EV-CONTRACT-2026-6432
PHO-004522,PHO-000841,EDGE-0010135,EV-CONTRACT-2026-1809
PHO-000080,PHO-002636,EDGE-0010136,EV-CONTRACT-2026-3930
PHO-004271,PHO-003283,EDGE-0010137,EV-CONTRACT-2026-8635
PHO-004557,PHO-004813,EDGE-0010138,EV-CONTRACT-2026-2643
PHO-004609,PHO-001784,EDGE-0010139,EV-CONTRACT-2026-2199
PHO-001279,PHO-002204,EDGE-0010140,EV-CONTRACT-2026-4410
PHO-004890,PHO-004647,EDGE-0010141,EV-CONTRACT-2026-4304
PHO-000333,PHO-004153,EDGE-0010142,EV-CONTRACT-2026-2565
PHO-003779,PHO-002165,EDGE-0010143,EV-CONTRACT-2026-6529
PHO-004918,PHO-000414,EDGE-0010144,EV-CONTRACT-2026-4254
PHO-001650,PHO-002599,EDGE-0010145,EV-CONTRACT-2026-9751
PHO-001474,PHO-003628,EDGE-0010146,EV-CONTRACT-2026-1512
PHO-004081,PHO-004869,EDGE-0010147,EV-CONTRACT-2026-9878
PHO-000725,PHO-003964,EDGE-0010148,EV-CONTRACT-2026-3392
PHO-004693,PHO-002543,EDGE-0010149,EV-CONTRACT-2026-1566
PHO-004035,PHO-004034,EDGE-0010150,EV-CONTRACT-2026-9749
PHO-004874,PHO-003205,EDGE-0010151,EV-CONTRACT-2026-6413
PHO-001490,PHO-002813,EDGE-0010152,EV-CONTRACT-2026-2581
PHO-000397,PHO-001817,EDGE-0010153,EV-CONTRACT-2026-5748
PHO-003665,PHO-001377,EDGE-0010154,EV-CONTRACT-2026-4018
PHO-003799,PHO-000305,EDGE-0010155,EV-CONTRACT-2026-3327
PHO-004062,PHO-004394,EDGE-0010156,EV-CONTRACT-2026-2577
PHO-004897,PHO-004096,EDGE-0010157,EV-CONTRACT-2026-7769
PHO-004301,PHO-002287,EDGE-0010158,EV-CONTRACT-2026-4267
PHO-003537,PHO-001730,EDGE-0010159,EV-CONTRACT-2026-1031
PHO-001377,PHO-003622,EDGE-0010160,EV-CONTRACT-2026-3561
PHO-003154,PHO-001220,EDGE-0010161,EV-CONTRACT-2026-1485
PHO-004850,PHO-000310,EDGE-0010162,EV-CONTRACT-2026-7496
PHO-002932,PHO-002618,EDGE-0010163,EV-CONTRACT-2026-8480
PHO-000112,PHO-003397,EDGE-0010164,EV-CONTRACT-2026-3074
PHO-004187,PHO-000318,EDGE-0010165,EV-CONTRACT-2026-8259
PHO-001294,PHO-001851,EDGE-0010166,EV-CONTRACT-2026-5408
PHO-002670,PHO-001332,EDGE-0010167,EV-CONTRACT-2026-5194
PHO-004933,PHO-004576,EDGE-0010168,EV-CONTRACT-2026-7440
PHO-002276,PHO-003122,EDGE-0010169,EV-CONTRACT-2026-7479
PHO-001027,PHO-002503,EDGE-0010170,EV-CONTRACT-2026-1371
PHO-000406,PHO-004810,EDGE-0010171,EV-CONTRACT-2026-9331
PHO-001995,PHO-002906,EDGE-0010172,EV-CONTRACT-2026-5805
PHO-000354,PHO-004754,EDGE-0010173,EV-CONTRACT-2026-1164
PHO-001640,PHO-002592,EDGE-0010174,EV-CONTRACT-2026-9600
PHO-001721,PHO-002831,EDGE-0010175,EV-CONTRACT-2026-9336
PHO-000723,PHO-000793,EDGE-0010176,EV-CONTRACT-2026-5706
PHO-001004,PHO-002068,EDGE-0010177,EV-CONTRACT-2026-6620
PHO-004240,PHO-001071,EDGE-0010178,EV-CONTRACT-2026-8010
PHO-001150,PHO-004794,EDGE-0010179,EV-CONTRACT-2026-2286
PHO-004337,PHO-001361,EDGE-0010180,EV-CONTRACT-2026-9801
PHO-001560,PHO-003663,EDGE-0010181,EV-CONTRACT-2026-6952
PHO-004803,PHO-004634,EDGE-0010182,EV-CONTRACT-2026-6221
PHO-004961,PHO-001601,EDGE-0010183,EV-CONTRACT-2026-2852
PHO-002299,PHO-002534,EDGE-0010184,EV-CONTRACT-2026-8127
PHO-001464,PHO-000276,EDGE-0010185,EV-CONTRACT-2026-4559
PHO-003678,PHO-001391,EDGE-0010186,EV-CONTRACT-2026-7652
PHO-003836,PHO-000645,EDGE-0010187,EV-CONTRACT-2026-7075
PHO-002162,PHO-003397,EDGE-0010188,EV-CONTRACT-2026-9270
PHO-002931,PHO-003501,EDGE-0010189,EV-CONTRACT-2026-1599
PHO-000333,PHO-003796,EDGE-0010190,EV-CONTRACT-2026-5528
PHO-004526,PHO-001257,EDGE-0010191,EV-CONTRACT-2026-8346
PHO-004402,PHO-003613,EDGE-0010192,EV-CONTRACT-2026-4419
PHO-000649,PHO-000256,EDGE-0010193,EV-CONTRACT-2026-4962
PHO-001521,PHO-002023,EDGE-0010194,EV-CONTRACT-2026-9477
PHO-001277,PHO-003651,EDGE-0010195,EV-CONTRACT-2026-6001
PHO-000718,PHO-004803,EDGE-0010196,EV-CONTRACT-2026-6355
PHO-003076,PHO-003258,EDGE-0010197,EV-CONTRACT-2026-7122
PHO-000870,PHO-001813,EDGE-0010198,EV-CONTRACT-2026-8765
PHO-002430,PHO-002407,EDGE-0010199,EV-CONTRACT-2026-5736
PHO-002775,PHO-000426,EDGE-0010200,EV-CONTRACT-2026-6084
PHO-004989,PHO-002100,EDGE-0010201,EV-CONTRACT-2026-7064
PHO-001047,PHO-000679,EDGE-0010202,EV-CONTRACT-2026-4992
PHO-003894,PHO-003087,EDGE-0010203,EV-CONTRACT-2026-7034
PHO-002177,PHO-002282,EDGE-0010204,EV-CONTRACT-2026-3692
PHO-000087,PHO-002860,EDGE-0010205,EV-CONTRACT-2026-4164
PHO-001815,PHO-000079,EDGE-0010206,EV-CONTRACT-2026-6357
PHO-001390,PHO-001468,EDGE-0010207,EV-CONTRACT-2026-3996
PHO-004166,PHO-004356,EDGE-0010208,EV-CONTRACT-2026-1579
PHO-001132,PHO-004296,EDGE-0010209,EV-CONTRACT-2026-6031
PHO-000019,PHO-004110,EDGE-0010210,EV-CONTRACT-2026-1598
PHO-003528,PHO-004195,EDGE-0010211,EV-CONTRACT-2026-9333
PHO-001712,PHO-002314,EDGE-0010212,EV-CONTRACT-2026-3587
PHO-001356,PHO-001099,EDGE-0010213,EV-CONTRACT-2026-7548
PHO-001403,PHO-004925,EDGE-0010214,EV-CONTRACT-2026-2536
PHO-004228,PHO-002395,EDGE-0010215,EV-CONTRACT-2026-1566
PHO-000656,PHO-003099,EDGE-0010216,EV-CONTRACT-2026-6381
PHO-003927,PHO-003877,EDGE-0010217,EV-CONTRACT-2026-8282
PHO-003634,PHO-000346,EDGE-0010218,EV-CONTRACT-2026-2347
PHO-002341,PHO-001599,EDGE-0010219,EV-CONTRACT-2026-3471
PHO-003135,PHO-001466,EDGE-0010220,EV-CONTRACT-2026-2165
PHO-000406,PHO-002997,EDGE-0010221,EV-CONTRACT-2026-1640
PHO-003798,PHO-001025,EDGE-0010222,EV-CONTRACT-2026-5548
PHO-003610,PHO-004374,EDGE-0010223,EV-CONTRACT-2026-1183
PHO-001856,PHO-004244,EDGE-0010224,EV-CONTRACT-2026-1746
PHO-002795,PHO-004049,EDGE-0010225,EV-CONTRACT-2026-7741
PHO-001708,PHO-002313,EDGE-0010226,EV-CONTRACT-2026-9788
PHO-004628,PHO-004903,EDGE-0010227,EV-CONTRACT-2026-7747
PHO-000049,PHO-004446,EDGE-0010228,EV-CONTRACT-2026-4468
PHO-003945,PHO-003424,EDGE-0010229,EV-CONTRACT-2026-4181
PHO-004118,PHO-001690,EDGE-0010230,EV-CONTRACT-2026-1614
PHO-000740,PHO-003663,EDGE-0010231,EV-CONTRACT-2026-8570
PHO-002132,PHO-000795,EDGE-0010232,EV-CONTRACT-2026-8403
PHO-002034,PHO-001537,EDGE-0010233,EV-CONTRACT-2026-9672
PHO-002831,PHO-004525,EDGE-0010234,EV-CONTRACT-2026-7736
PHO-001684,PHO-001063,EDGE-0010235,EV-CONTRACT-2026-4748
PHO-003673,PHO-002274,EDGE-0010236,EV-CONTRACT-2026-9844
PHO-002100,PHO-004113,EDGE-0010237,EV-CONTRACT-2026-3143
PHO-002534,PHO-003245,EDGE-0010238,EV-CONTRACT-2026-7472
PHO-003810,PHO-003805,EDGE-0010239,EV-CONTRACT-2026-6625
PHO-004919,PHO-001669,EDGE-0010240,EV-CONTRACT-2026-7830
PHO-001591,PHO-002064,EDGE-0010241,EV-CONTRACT-2026-7059
PHO-003627,PHO-001517,EDGE-0010242,EV-CONTRACT-2026-8708
PHO-003920,PHO-000406,EDGE-0010243,EV-CONTRACT-2026-5790
PHO-004076,PHO-000207,EDGE-0010244,EV-CONTRACT-2026-4455
PHO-001352,PHO-003118,EDGE-0010245,EV-CONTRACT-2026-4852
PHO-002940,PHO-001912,EDGE-0010246,EV-CONTRACT-2026-9687
PHO-004892,PHO-003720,EDGE-0010247,EV-CONTRACT-2026-1071
PHO-001355,PHO-003642,EDGE-0010248,EV-CONTRACT-2026-6408
PHO-004522,PHO-003500,EDGE-0010249,EV-CONTRACT-2026-2123
PHO-003319,PHO-002955,EDGE-0010250,EV-CONTRACT-2026-3233
PHO-003948,PHO-002976,EDGE-0010251,EV-CONTRACT-2026-8367
PHO-002836,PHO-004493,EDGE-0010252,EV-CONTRACT-2026-8929
PHO-004550,PHO-004365,EDGE-0010253,EV-CONTRACT-2026-9614
PHO-001181,PHO-003558,EDGE-0010254,EV-CONTRACT-2026-6960
PHO-004610,PHO-000031,EDGE-0010255,EV-CONTRACT-2026-7388
PHO-004112,PHO-002494,EDGE-0010256,EV-CONTRACT-2026-4343
PHO-001698,PHO-002845,EDGE-0010257,EV-CONTRACT-2026-8804
PHO-002926,PHO-002388,EDGE-0010258,EV-CONTRACT-2026-9071
PHO-001152,PHO-004533,EDGE-0010259,EV-CONTRACT-2026-5337
PHO-001230,PHO-001612,EDGE-0010260,EV-CONTRACT-2026-1911
PHO-003666,PHO-003716,EDGE-0010261,EV-CONTRACT-2026-8361
PHO-003552,PHO-001924,EDGE-0010262,EV-CONTRACT-2026-2934
PHO-002114,PHO-001756,EDGE-0010263,EV-CONTRACT-2026-2622
PHO-002103,PHO-003943,EDGE-0010264,EV-CONTRACT-2026-1768
PHO-001457,PHO-004056,EDGE-0010265,EV-CONTRACT-2026-1764
PHO-001386,PHO-001769,EDGE-0010266,EV-CONTRACT-2026-3184
PHO-002864,PHO-000050,EDGE-0010267,EV-CONTRACT-2026-2987
PHO-002698,PHO-003769,EDGE-0010268,EV-CONTRACT-2026-4039
PHO-000991,PHO-002653,EDGE-0010269,EV-CONTRACT-2026-5269
PHO-002918,PHO-001991,EDGE-0010270,EV-CONTRACT-2026-2121
PHO-004641,PHO-004450,EDGE-0010271,EV-CONTRACT-2026-1341
PHO-001554,PHO-004289,EDGE-0010272,EV-CONTRACT-2026-8775
PHO-001113,PHO-000603,EDGE-0010273,EV-CONTRACT-2026-4611
PHO-000477,PHO-002318,EDGE-0010274,EV-CONTRACT-2026-5539
PHO-002896,PHO-003831,EDGE-0010275,EV-CONTRACT-2026-6533
PHO-000743,PHO-002292,EDGE-0010276,EV-CONTRACT-2026-2961
PHO-002027,PHO-004065,EDGE-0010277,EV-CONTRACT-2026-6061
PHO-004030,PHO-003240,EDGE-0010278,EV-CONTRACT-2026-7554
PHO-004266,PHO-003366,EDGE-0010279,EV-CONTRACT-2026-4469
PHO-001852,PHO-000873,EDGE-0010280,EV-CONTRACT-2026-9415
PHO-000037,PHO-000513,EDGE-0010281,EV-CONTRACT-2026-1814
PHO-004235,PHO-003972,EDGE-0010282,EV-CONTRACT-2026-9751
PHO-000133,PHO-002448,EDGE-0010283,EV-CONTRACT-2026-7057
PHO-003837,PHO-003713,EDGE-0010284,EV-CONTRACT-2026-5213
PHO-000608,PHO-000492,EDGE-0010285,EV-CONTRACT-2026-2483
PHO-000205,PHO-001785,EDGE-0010286,EV-CONTRACT-2026-6518
PHO-001601,PHO-004838,EDGE-0010287,EV-CONTRACT-2026-7990
PHO-001303,PHO-002851,EDGE-0010288,EV-CONTRACT-2026-6673
PHO-002606,PHO-003519,EDGE-0010289,EV-CONTRACT-2026-9087
PHO-001178,PHO-001160,EDGE-0010290,EV-CONTRACT-2026-5385
PHO-003618,PHO-003215,EDGE-0010291,EV-CONTRACT-2026-1866
PHO-004191,PHO-000126,EDGE-0010292,EV-CONTRACT-2026-8085
PHO-001036,PHO-003592,EDGE-0010293,EV-CONTRACT-2026-1291
PHO-000424,PHO-002915,EDGE-0010294,EV-CONTRACT-2026-2467
PHO-000919,PHO-003608,EDGE-0010295,EV-CONTRACT-2026-3658
PHO-004346,PHO-003982,EDGE-0010296,EV-CONTRACT-2026-9391
PHO-001176,PHO-003954,EDGE-0010297,EV-CONTRACT-2026-7861
PHO-004911,PHO-001047,EDGE-0010298,EV-CONTRACT-2026-5548
PHO-003080,PHO-001310,EDGE-0010299,EV-CONTRACT-2026-1871
PHO-001945,PHO-001932,EDGE-0010300,EV-CONTRACT-2026-5487
PHO-004520,PHO-000712,EDGE-0010301,EV-CONTRACT-2026-7825
PHO-001420,PHO-004217,EDGE-0010302,EV-CONTRACT-2026-2692
PHO-002215,PHO-000615,EDGE-0010303,EV-CONTRACT-2026-3728
PHO-001593,PHO-003871,EDGE-0010304,EV-CONTRACT-2026-2973
PHO-002155,PHO-003146,EDGE-0010305,EV-CONTRACT-2026-7981
PHO-001673,PHO-000674,EDGE-0010306,EV-CONTRACT-2026-8600
PHO-001017,PHO-000725,EDGE-0010307,EV-CONTRACT-2026-6356
PHO-001173,PHO-000459,EDGE-0010308,EV-CONTRACT-2026-5905
PHO-004269,PHO-004613,EDGE-0010309,EV-CONTRACT-2026-1421
PHO-000840,PHO-004320,EDGE-0010310,EV-CONTRACT-2026-4979
PHO-001762,PHO-002309,EDGE-0010311,EV-CONTRACT-2026-7965
PHO-000963,PHO-000894,EDGE-0010312,EV-CONTRACT-2026-1709
PHO-001593,PHO-004921,EDGE-0010313,EV-CONTRACT-2026-6128
PHO-003443,PHO-002681,EDGE-0010314,EV-CONTRACT-2026-5771
PHO-001024,PHO-004668,EDGE-0010315,EV-CONTRACT-2026-1816
PHO-000661,PHO-003636,EDGE-0010316,EV-CONTRACT-2026-6711
PHO-002388,PHO-000377,EDGE-0010317,EV-CONTRACT-2026-3750
PHO-003018,PHO-004338,EDGE-0010318,EV-CONTRACT-2026-4872
PHO-001595,PHO-001133,EDGE-0010319,EV-CONTRACT-2026-8727
PHO-004142,PHO-000989,EDGE-0010320,EV-CONTRACT-2026-9837
PHO-003738,PHO-004214,EDGE-0010321,EV-CONTRACT-2026-8541
PHO-002596,PHO-004721,EDGE-0010322,EV-CONTRACT-2026-9077
PHO-004384,PHO-003501,EDGE-0010323,EV-CONTRACT-2026-5043
PHO-002910,PHO-004592,EDGE-0010324,EV-CONTRACT-2026-4717
PHO-000726,PHO-000686,EDGE-0010325,EV-CONTRACT-2026-2629
PHO-002249,PHO-000833,EDGE-0010326,EV-CONTRACT-2026-3017
PHO-001193,PHO-002711,EDGE-0010327,EV-CONTRACT-2026-4329
PHO-001625,PHO-001668,EDGE-0010328,EV-CONTRACT-2026-1540
PHO-000678,PHO-002676,EDGE-0010329,EV-CONTRACT-2026-1044
PHO-000286,PHO-000953,EDGE-0010330,EV-CONTRACT-2026-2076
PHO-003345,PHO-003779,EDGE-0010331,EV-CONTRACT-2026-6190
PHO-001474,PHO-004592,EDGE-0010332,EV-CONTRACT-2026-4327
PHO-001632,PHO-000580,EDGE-0010333,EV-CONTRACT-2026-2422
PHO-000397,PHO-000885,EDGE-0010334,EV-CONTRACT-2026-4786
PHO-003787,PHO-003840,EDGE-0010335,EV-CONTRACT-2026-6738
PHO-000711,PHO-001838,EDGE-0010336,EV-CONTRACT-2026-8301
PHO-003418,PHO-001164,EDGE-0010337,EV-CONTRACT-2026-2153
PHO-004983,PHO-004310,EDGE-0010338,EV-CONTRACT-2026-1254
PHO-004785,PHO-002857,EDGE-0010339,EV-CONTRACT-2026-1468
PHO-004737,PHO-003459,EDGE-0010340,EV-CONTRACT-2026-9590
PHO-003265,PHO-002683,EDGE-0010341,EV-CONTRACT-2026-5344
PHO-002638,PHO-000536,EDGE-0010342,EV-CONTRACT-2026-6084
PHO-003779,PHO-003443,EDGE-0010343,EV-CONTRACT-2026-5464
PHO-004084,PHO-003722,EDGE-0010344,EV-CONTRACT-2026-4449
PHO-004615,PHO-002873,EDGE-0010345,EV-CONTRACT-2026-4813
PHO-001815,PHO-003397,EDGE-0010346,EV-CONTRACT-2026-9790
PHO-003209,PHO-002145,EDGE-0010347,EV-CONTRACT-2026-2777
PHO-001929,PHO-003005,EDGE-0010348,EV-CONTRACT-2026-1510
PHO-003671,PHO-001504,EDGE-0010349,EV-CONTRACT-2026-5293
PHO-004318,PHO-001967,EDGE-0010350,EV-CONTRACT-2026-6236
PHO-000660,PHO-001202,EDGE-0010351,EV-CONTRACT-2026-3596
PHO-000845,PHO-003845,EDGE-0010352,EV-CONTRACT-2026-7891
PHO-000064,PHO-000341,EDGE-0010353,EV-CONTRACT-2026-8896
PHO-004628,PHO-001511,EDGE-0010354,EV-CONTRACT-2026-6954
PHO-004396,PHO-001919,EDGE-0010355,EV-CONTRACT-2026-6483
PHO-002871,PHO-001667,EDGE-0010356,EV-CONTRACT-2026-3520
PHO-004442,PHO-003573,EDGE-0010357,EV-CONTRACT-2026-9281
PHO-002696,PHO-004362,EDGE-0010358,EV-CONTRACT-2026-6911
PHO-000436,PHO-001756,EDGE-0010359,EV-CONTRACT-2026-8281
PHO-001069,PHO-002686,EDGE-0010360,EV-CONTRACT-2026-1296
PHO-002592,PHO-004088,EDGE-0010361,EV-CONTRACT-2026-2731
PHO-004994,PHO-000534,EDGE-0010362,EV-CONTRACT-2026-5926
PHO-004297,PHO-004454,EDGE-0010363,EV-CONTRACT-2026-2856
PHO-002334,PHO-003853,EDGE-0010364,EV-CONTRACT-2026-9412
PHO-002518,PHO-003842,EDGE-0010365,EV-CONTRACT-2026-3384
PHO-004482,PHO-001563,EDGE-0010366,EV-CONTRACT-2026-1308
PHO-000438,PHO-000758,EDGE-0010367,EV-CONTRACT-2026-3560
PHO-003471,PHO-000673,EDGE-0010368,EV-CONTRACT-2026-4544
PHO-003514,PHO-003834,EDGE-0010369,EV-CONTRACT-2026-9347
PHO-001538,PHO-001184,EDGE-0010370,EV-CONTRACT-2026-5573
PHO-002741,PHO-001017,EDGE-0010371,EV-CONTRACT-2026-4695
PHO-000560,PHO-003226,EDGE-0010372,EV-CONTRACT-2026-1422
PHO-002947,PHO-004259,EDGE-0010373,EV-CONTRACT-2026-5705
PHO-001572,PHO-001091,EDGE-0010374,EV-CONTRACT-2026-2852
PHO-000043,PHO-000976,EDGE-0010375,EV-CONTRACT-2026-9791
PHO-004946,PHO-003259,EDGE-0010376,EV-CONTRACT-2026-3476
PHO-000144,PHO-004920,EDGE-0010377,EV-CONTRACT-2026-6490
PHO-003348,PHO-001921,EDGE-0010378,EV-CONTRACT-2026-3303
PHO-004490,PHO-003869,EDGE-0010379,EV-CONTRACT-2026-7345
PHO-002557,PHO-002350,EDGE-0010380,EV-CONTRACT-2026-5544
PHO-000704,PHO-000556,EDGE-0010381,EV-CONTRACT-2026-5976
PHO-003425,PHO-004291,EDGE-0010382,EV-CONTRACT-2026-3462
PHO-002022,PHO-004469,EDGE-0010383,EV-CONTRACT-2026-3672
PHO-001269,PHO-002378,EDGE-0010384,EV-CONTRACT-2026-3163
PHO-001288,PHO-004427,EDGE-0010385,EV-CONTRACT-2026-4171
PHO-002222,PHO-002809,EDGE-0010386,EV-CONTRACT-2026-6121
PHO-004608,PHO-003206,EDGE-0010387,EV-CONTRACT-2026-4024
PHO-004487,PHO-001722,EDGE-0010388,EV-CONTRACT-2026-2766
PHO-001609,PHO-000195,EDGE-0010389,EV-CONTRACT-2026-1800
PHO-000489,PHO-001990,EDGE-0010390,EV-CONTRACT-2026-5708
PHO-001180,PHO-004339,EDGE-0010391,EV-CONTRACT-2026-8468
PHO-001369,PHO-001468,EDGE-0010392,EV-CONTRACT-2026-4599
PHO-004605,PHO-004429,EDGE-0010393,EV-CONTRACT-2026-8169
PHO-004374,PHO-004493,EDGE-0010394,EV-CONTRACT-2026-1979
PHO-002978,PHO-001309,EDGE-0010395,EV-CONTRACT-2026-6924
PHO-000510,PHO-002306,EDGE-0010396,EV-CONTRACT-2026-9692
PHO-004815,PHO-002098,EDGE-0010397,EV-CONTRACT-2026-7716
PHO-003232,PHO-002426,EDGE-0010398,EV-CONTRACT-2026-8951
PHO-004569,PHO-003951,EDGE-0010399,EV-CONTRACT-2026-2642
PHO-001416,PHO-003511,EDGE-0010400,EV-CONTRACT-2026-9487
PHO-001889,PHO-002543,EDGE-0010401,EV-CONTRACT-2026-5784
PHO-003388,PHO-002213,EDGE-0010402,EV-CONTRACT-2026-3366
PHO-001120,PHO-001623,EDGE-0010403,EV-CONTRACT-2026-2828
PHO-000161,PHO-001443,EDGE-0010404,EV-CONTRACT-2026-3393
PHO-004614,PHO-002278,EDGE-0010405,EV-CONTRACT-2026-8176
PHO-003687,PHO-000128,EDGE-0010406,EV-CONTRACT-2026-7702
PHO-000806,PHO-000052,EDGE-0010407,EV-CONTRACT-2026-4442
PHO-001302,PHO-002208,EDGE-0010408,EV-CONTRACT-2026-4841
PHO-002189,PHO-002764,EDGE-0010409,EV-CONTRACT-2026-9001
PHO-001704,PHO-001872,EDGE-0010410,EV-CONTRACT-2026-7822
PHO-001712,PHO-000550,EDGE-0010411,EV-CONTRACT-2026-9965
PHO-003162,PHO-003744,EDGE-0010412,EV-CONTRACT-2026-2440
PHO-003583,PHO-004236,EDGE-0010413,EV-CONTRACT-2026-5078
PHO-004955,PHO-003864,EDGE-0010414,EV-CONTRACT-2026-8692
PHO-003754,PHO-002898,EDGE-0010415,EV-CONTRACT-2026-1522
PHO-002872,PHO-004804,EDGE-0010416,EV-CONTRACT-2026-1916
PHO-003983,PHO-004115,EDGE-0010417,EV-CONTRACT-2026-6078
PHO-004390,PHO-003165,EDGE-0010418,EV-CONTRACT-2026-6642
PHO-000018,PHO-000838,EDGE-0010419,EV-CONTRACT-2026-3778
PHO-004980,PHO-003437,EDGE-0010420,EV-CONTRACT-2026-8049
PHO-004744,PHO-004532,EDGE-0010421,EV-CONTRACT-2026-2534
PHO-004315,PHO-002542,EDGE-0010422,EV-CONTRACT-2026-9440
PHO-004897,PHO-002366,EDGE-0010423,EV-CONTRACT-2026-9792
PHO-000822,PHO-001188,EDGE-0010424,EV-CONTRACT-2026-9810
PHO-003652,PHO-000879,EDGE-0010425,EV-CONTRACT-2026-9708
PHO-003336,PHO-002918,EDGE-0010426,EV-CONTRACT-2026-5672
PHO-001895,PHO-004738,EDGE-0010427,EV-CONTRACT-2026-6103
PHO-002591,PHO-003687,EDGE-0010428,EV-CONTRACT-2026-2692
PHO-001745,PHO-001208,EDGE-0010429,EV-CONTRACT-2026-1871
PHO-001673,PHO-004454,EDGE-0010430,EV-CONTRACT-2026-6622
PHO-001752,PHO-003546,EDGE-0010431,EV-CONTRACT-2026-1819
PHO-003812,PHO-004515,EDGE-0010432,EV-CONTRACT-2026-2756
PHO-004976,PHO-004876,EDGE-0010433,EV-CONTRACT-2026-7337
PHO-004653,PHO-000812,EDGE-0010434,EV-CONTRACT-2026-5371
PHO-004478,PHO-000325,EDGE-0010435,EV-CONTRACT-2026-5740
PHO-003048,PHO-003993,EDGE-0010436,EV-CONTRACT-2026-9137
PHO-004605,PHO-003428,EDGE-0010437,EV-CONTRACT-2026-5393
PHO-000185,PHO-002528,EDGE-0010438,EV-CONTRACT-2026-8099
PHO-002736,PHO-002693,EDGE-0010439,EV-CONTRACT-2026-6125
PHO-003588,PHO-002849,EDGE-0010440,EV-CONTRACT-2026-7319
PHO-001527,PHO-000145,EDGE-0010441,EV-CONTRACT-2026-2062
PHO-000265,PHO-004590,EDGE-0010442,EV-CONTRACT-2026-8572
PHO-003738,PHO-004184,EDGE-0010443,EV-CONTRACT-2026-4432
PHO-002261,PHO-004429,EDGE-0010444,EV-CONTRACT-2026-1641
PHO-002917,PHO-000825,EDGE-0010445,EV-CONTRACT-2026-5859
PHO-002261,PHO-003487,EDGE-0010446,EV-CONTRACT-2026-2068
PHO-000229,PHO-004796,EDGE-0010447,EV-CONTRACT-2026-9604
PHO-001896,PHO-000671,EDGE-0010448,EV-CONTRACT-2026-5729
PHO-000902,PHO-000204,EDGE-0010449,EV-CONTRACT-2026-8972
PHO-003916,PHO-003847,EDGE-0010450,EV-CONTRACT-2026-7465
PHO-000416,PHO-004095,EDGE-0010451,EV-CONTRACT-2026-8799
PHO-002319,PHO-001630,EDGE-0010452,EV-CONTRACT-2026-6649
PHO-002318,PHO-004788,EDGE-0010453,EV-CONTRACT-2026-8914
PHO-004606,PHO-000441,EDGE-0010454,EV-CONTRACT-2026-5950
PHO-004372,PHO-004438,EDGE-0010455,EV-CONTRACT-2026-5075
PHO-003877,PHO-002001,EDGE-0010456,EV-CONTRACT-2026-9370
PHO-001404,PHO-000780,EDGE-0010457,EV-CONTRACT-2026-9686
PHO-001094,PHO-000101,EDGE-0010458,EV-CONTRACT-2026-3621
PHO-004511,PHO-003607,EDGE-0010459,EV-CONTRACT-2026-9259
PHO-001270,PHO-001041,EDGE-0010460,EV-CONTRACT-2026-6884
PHO-004934,PHO-003001,EDGE-0010461,EV-CONTRACT-2026-4277
PHO-004454,PHO-000770,EDGE-0010462,EV-CONTRACT-2026-4215
PHO-001541,PHO-002811,EDGE-0010463,EV-CONTRACT-2026-5154
PHO-000388,PHO-000587,EDGE-0010464,EV-CONTRACT-2026-5429
PHO-003077,PHO-001976,EDGE-0010465,EV-CONTRACT-2026-5767
PHO-001457,PHO-003078,EDGE-0010466,EV-CONTRACT-2026-4629
PHO-004630,PHO-002883,EDGE-0010467,EV-CONTRACT-2026-2889
PHO-001735,PHO-004879,EDGE-0010468,EV-CONTRACT-2026-6308
PHO-004971,PHO-001010,EDGE-0010469,EV-CONTRACT-2026-4612
PHO-002611,PHO-001807,EDGE-0010470,EV-CONTRACT-2026-9572
PHO-001756,PHO-001466,EDGE-0010471,EV-CONTRACT-2026-5593
PHO-003178,PHO-002800,EDGE-0010472,EV-CONTRACT-2026-3013
PHO-003753,PHO-004545,EDGE-0010473,EV-CONTRACT-2026-5852
PHO-004425,PHO-002814,EDGE-0010474,EV-CONTRACT-2026-7908
PHO-001009,PHO-001368,EDGE-0010475,EV-CONTRACT-2026-7750
PHO-001043,PHO-003355,EDGE-0010476,EV-CONTRACT-2026-5464
PHO-001194,PHO-001448,EDGE-0010477,EV-CONTRACT-2026-3753
PHO-001045,PHO-003952,EDGE-0010478,EV-CONTRACT-2026-8617
PHO-004681,PHO-000986,EDGE-0010479,EV-CONTRACT-2026-4908
PHO-001133,PHO-000293,EDGE-0010480,EV-CONTRACT-2026-2409
PHO-004209,PHO-004199,EDGE-0010481,EV-CONTRACT-2026-5152
PHO-003418,PHO-000616,EDGE-0010482,EV-CONTRACT-2026-1175
PHO-003834,PHO-000083,EDGE-0010483,EV-CONTRACT-2026-5195
PHO-001091,PHO-001345,EDGE-0010484,EV-CONTRACT-2026-4153
PHO-003018,PHO-000823,EDGE-0010485,EV-CONTRACT-2026-7951
PHO-002747,PHO-003570,EDGE-0010486,EV-CONTRACT-2026-2126
PHO-002289,PHO-003907,EDGE-0010487,EV-CONTRACT-2026-8667
PHO-001375,PHO-000774,EDGE-0010488,EV-CONTRACT-2026-8423
PHO-002927,PHO-003245,EDGE-0010489,EV-CONTRACT-2026-7522
PHO-000500,PHO-004754,EDGE-0010490,EV-CONTRACT-2026-2551
PHO-002076,PHO-000008,EDGE-0010491,EV-CONTRACT-2026-8422
PHO-000749,PHO-004092,EDGE-0010492,EV-CONTRACT-2026-7209
PHO-001962,PHO-002012,EDGE-0010493,EV-CONTRACT-2026-9076
PHO-001017,PHO-000198,EDGE-0010494,EV-CONTRACT-2026-5716
PHO-001390,PHO-001843,EDGE-0010495,EV-CONTRACT-2026-3067
PHO-003346,PHO-001571,EDGE-0010496,EV-CONTRACT-2026-2816
PHO-002428,PHO-003046,EDGE-0010497,EV-CONTRACT-2026-5615
PHO-004132,PHO-004517,EDGE-0010498,EV-CONTRACT-2026-1231
PHO-003653,PHO-001695,EDGE-0010499,EV-CONTRACT-2026-8544
PHO-001362,PHO-003356,EDGE-0010500,EV-CONTRACT-2026-1257
PHO-001669,PHO-000810,EDGE-0010501,EV-CONTRACT-2026-7733
PHO-002505,PHO-002338,EDGE-0010502,EV-CONTRACT-2026-3783
PHO-001054,PHO-004434,EDGE-0010503,EV-CONTRACT-2026-9361
PHO-003991,PHO-002058,EDGE-0010504,EV-CONTRACT-2026-1025
PHO-000537,PHO-002009,EDGE-0010505,EV-CONTRACT-2026-7391
PHO-004933,PHO-001652,EDGE-0010506,EV-CONTRACT-2026-4777
PHO-004940,PHO-001254,EDGE-0010507,EV-CONTRACT-2026-4169
PHO-003097,PHO-003742,EDGE-0010508,EV-CONTRACT-2026-3499
PHO-004869,PHO-000822,EDGE-0010509,EV-CONTRACT-2026-8889
PHO-000232,PHO-003244,EDGE-0010510,EV-CONTRACT-2026-8098
PHO-001161,PHO-001063,EDGE-0010511,EV-CONTRACT-2026-7107
PHO-003467,PHO-001586,EDGE-0010512,EV-CONTRACT-2026-4622
PHO-000947,PHO-002680,EDGE-0010513,EV-CONTRACT-2026-7789
PHO-000591,PHO-004926,EDGE-0010514,EV-CONTRACT-2026-9979
PHO-001171,PHO-001617,EDGE-0010515,EV-CONTRACT-2026-5126
PHO-002369,PHO-000540,EDGE-0010516,EV-CONTRACT-2026-5045
PHO-003173,PHO-004849,EDGE-0010517,EV-CONTRACT-2026-4447
PHO-003370,PHO-003065,EDGE-0010518,EV-CONTRACT-2026-6232
PHO-004050,PHO-000208,EDGE-0010519,EV-CONTRACT-2026-5393
PHO-001263,PHO-001376,EDGE-0010520,EV-CONTRACT-2026-3902
PHO-004448,PHO-001208,EDGE-0010521,EV-CONTRACT-2026-1973
PHO-000486,PHO-004524,EDGE-0010522,EV-CONTRACT-2026-5143
PHO-001889,PHO-002191,EDGE-0010523,EV-CONTRACT-2026-3201
PHO-000758,PHO-001602,EDGE-0010524,EV-CONTRACT-2026-1674
PHO-001005,PHO-004386,EDGE-0010525,EV-CONTRACT-2026-2765
PHO-000966,PHO-004270,EDGE-0010526,EV-CONTRACT-2026-5367
PHO-000866,PHO-003073,EDGE-0010527,EV-CONTRACT-2026-2470
PHO-002228,PHO-004516,EDGE-0010528,EV-CONTRACT-2026-3373
PHO-000465,PHO-001953,EDGE-0010529,EV-CONTRACT-2026-4262
PHO-003884,PHO-000233,EDGE-0010530,EV-CONTRACT-2026-7495
PHO-000039,PHO-003414,EDGE-0010531,EV-CONTRACT-2026-6918
PHO-003919,PHO-004297,EDGE-0010532,EV-CONTRACT-2026-7516
PHO-001753,PHO-000436,EDGE-0010533,EV-CONTRACT-2026-1317
PHO-002177,PHO-000594,EDGE-0010534,EV-CONTRACT-2026-8879
PHO-000017,PHO-002110,EDGE-0010535,EV-CONTRACT-2026-7010
PHO-003273,PHO-000770,EDGE-0010536,EV-CONTRACT-2026-9518
PHO-000218,PHO-000640,EDGE-0010537,EV-CONTRACT-2026-3357
PHO-002854,PHO-001226,EDGE-0010538,EV-CONTRACT-2026-4707
PHO-000079,PHO-001867,EDGE-0010539,EV-CONTRACT-2026-8975
PHO-003968,PHO-004380,EDGE-0010540,EV-CONTRACT-2026-6419
PHO-000789,PHO-001207,EDGE-0010541,EV-CONTRACT-2026-4778
PHO-002820,PHO-003463,EDGE-0010542,EV-CONTRACT-2026-8945
PHO-003491,PHO-001726,EDGE-0010543,EV-CONTRACT-2026-3405
PHO-002648,PHO-000352,EDGE-0010544,EV-CONTRACT-2026-1536
PHO-001383,PHO-002644,EDGE-0010545,EV-CONTRACT-2026-9833
PHO-000301,PHO-003295,EDGE-0010546,EV-CONTRACT-2026-9380
PHO-000205,PHO-000741,EDGE-0010547,EV-CONTRACT-2026-8564
PHO-000566,PHO-000262,EDGE-0010548,EV-CONTRACT-2026-2106
PHO-001714,PHO-003776,EDGE-0010549,EV-CONTRACT-2026-5886
PHO-001202,PHO-002773,EDGE-0010550,EV-CONTRACT-2026-9371
PHO-004824,PHO-004018,EDGE-0010551,EV-CONTRACT-2026-4584
PHO-004649,PHO-003811,EDGE-0010552,EV-CONTRACT-2026-2062
PHO-001084,PHO-000076,EDGE-0010553,EV-CONTRACT-2026-3456
PHO-004856,PHO-002348,EDGE-0010554,EV-CONTRACT-2026-9281
PHO-001260,PHO-002014,EDGE-0010555,EV-CONTRACT-2026-4213
PHO-001734,PHO-003997,EDGE-0010556,EV-CONTRACT-2026-8881
PHO-002582,PHO-004961,EDGE-0010557,EV-CONTRACT-2026-9103
PHO-001397,PHO-002355,EDGE-0010558,EV-CONTRACT-2026-1320
PHO-004075,PHO-002590,EDGE-0010559,EV-CONTRACT-2026-8006
PHO-002499,PHO-004194,EDGE-0010560,EV-CONTRACT-2026-7583
PHO-004119,PHO-004322,EDGE-0010561,EV-CONTRACT-2026-3881
PHO-004223,PHO-004785,EDGE-0010562,EV-CONTRACT-2026-1404
PHO-001724,PHO-000033,EDGE-0010563,EV-CONTRACT-2026-2688
PHO-001743,PHO-001968,EDGE-0010564,EV-CONTRACT-2026-7077
PHO-001909,PHO-002399,EDGE-0010565,EV-CONTRACT-2026-8675
PHO-004607,PHO-002268,EDGE-0010566,EV-CONTRACT-2026-4072
PHO-003222,PHO-003049,EDGE-0010567,EV-CONTRACT-2026-7585
PHO-000640,PHO-001945,EDGE-0010568,EV-CONTRACT-2026-8264
PHO-003398,PHO-003415,EDGE-0010569,EV-CONTRACT-2026-9210
PHO-004199,PHO-002405,EDGE-0010570,EV-CONTRACT-2026-1087
PHO-000201,PHO-001832,EDGE-0010571,EV-CONTRACT-2026-1500
PHO-001322,PHO-001728,EDGE-0010572,EV-CONTRACT-2026-2980
PHO-001637,PHO-002871,EDGE-0010573,EV-CONTRACT-2026-1039
PHO-000884,PHO-003117,EDGE-0010574,EV-CONTRACT-2026-5055
PHO-002456,PHO-001892,EDGE-0010575,EV-CONTRACT-2026-5773
PHO-002158,PHO-003973,EDGE-0010576,EV-CONTRACT-2026-3192
PHO-003488,PHO-003289,EDGE-0010577,EV-CONTRACT-2026-5897
PHO-000508,PHO-002989,EDGE-0010578,EV-CONTRACT-2026-8473
PHO-003397,PHO-002647,EDGE-0010579,EV-CONTRACT-2026-1582
PHO-001545,PHO-004807,EDGE-0010580,EV-CONTRACT-2026-4915
PHO-004513,PHO-004092,EDGE-0010581,EV-CONTRACT-2026-1991
PHO-000047,PHO-001542,EDGE-0010582,EV-CONTRACT-2026-8255
PHO-000296,PHO-001967,EDGE-0010583,EV-CONTRACT-2026-7952
PHO-002840,PHO-003182,EDGE-0010584,EV-CONTRACT-2026-8254
PHO-004625,PHO-002577,EDGE-0010585,EV-CONTRACT-2026-5058
PHO-001861,PHO-002070,EDGE-0010586,EV-CONTRACT-2026-5021
PHO-003318,PHO-001072,EDGE-0010587,EV-CONTRACT-2026-2407
PHO-002998,PHO-003031,EDGE-0010588,EV-CONTRACT-2026-2437
PHO-003484,PHO-001645,EDGE-0010589,EV-CONTRACT-2026-3686
PHO-000691,PHO-001575,EDGE-0010590,EV-CONTRACT-2026-7127
PHO-003521,PHO-001716,EDGE-0010591,EV-CONTRACT-2026-3800
PHO-001046,PHO-003028,EDGE-0010592,EV-CONTRACT-2026-1824
PHO-002746,PHO-003432,EDGE-0010593,EV-CONTRACT-2026-9814
PHO-003851,PHO-002839,EDGE-0010594,EV-CONTRACT-2026-2768
PHO-001383,PHO-003695,EDGE-0010595,EV-CONTRACT-2026-5126
PHO-001935,PHO-002875,EDGE-0010596,EV-CONTRACT-2026-6307
PHO-002092,PHO-001239,EDGE-0010597,EV-CONTRACT-2026-4294
PHO-003075,PHO-000044,EDGE-0010598,EV-CONTRACT-2026-4370
PHO-002537,PHO-001497,EDGE-0010599,EV-CONTRACT-2026-8366
PHO-004454,PHO-000720,EDGE-0010600,EV-CONTRACT-2026-5390
PHO-001646,PHO-002061,EDGE-0010601,EV-CONTRACT-2026-7757
PHO-001307,PHO-001048,EDGE-0010602,EV-CONTRACT-2026-6169
PHO-000676,PHO-004695,EDGE-0010603,EV-CONTRACT-2026-5180
PHO-003084,PHO-003743,EDGE-0010604,EV-CONTRACT-2026-1483
PHO-004133,PHO-003959,EDGE-0010605,EV-CONTRACT-2026-8428
PHO-004506,PHO-001249,EDGE-0010606,EV-CONTRACT-2026-9815
PHO-004710,PHO-002178,EDGE-0010607,EV-CONTRACT-2026-3710
PHO-004303,PHO-003294,EDGE-0010608,EV-CONTRACT-2026-4465
PHO-000805,PHO-004631,EDGE-0010609,EV-CONTRACT-2026-5558
PHO-003633,PHO-004473,EDGE-0010610,EV-CONTRACT-2026-7198
PHO-002309,PHO-002682,EDGE-0010611,EV-CONTRACT-2026-4799
PHO-001316,PHO-003740,EDGE-0010612,EV-CONTRACT-2026-6775
PHO-001555,PHO-001592,EDGE-0010613,EV-CONTRACT-2026-1966
PHO-003559,PHO-000715,EDGE-0010614,EV-CONTRACT-2026-4147
PHO-002562,PHO-002590,EDGE-0010615,EV-CONTRACT-2026-6679
PHO-003749,PHO-004105,EDGE-0010616,EV-CONTRACT-2026-2452
PHO-003232,PHO-000144,EDGE-0010617,EV-CONTRACT-2026-4623
PHO-004630,PHO-000338,EDGE-0010618,EV-CONTRACT-2026-5281
PHO-003999,PHO-000926,EDGE-0010619,EV-CONTRACT-2026-6636
PHO-004444,PHO-000588,EDGE-0010620,EV-CONTRACT-2026-2623
PHO-001918,PHO-003532,EDGE-0010621,EV-CONTRACT-2026-5073
PHO-003918,PHO-003010,EDGE-0010622,EV-CONTRACT-2026-4816
PHO-002654,PHO-003208,EDGE-0010623,EV-CONTRACT-2026-7830
PHO-001620,PHO-001886,EDGE-0010624,EV-CONTRACT-2026-4994
PHO-001895,PHO-004704,EDGE-0010625,EV-CONTRACT-2026-4024
PHO-002556,PHO-002894,EDGE-0010626,EV-CONTRACT-2026-6232
PHO-002309,PHO-002504,EDGE-0010627,EV-CONTRACT-2026-4910
PHO-004870,PHO-004048,EDGE-0010628,EV-CONTRACT-2026-5635
PHO-003333,PHO-001880,EDGE-0010629,EV-CONTRACT-2026-8728
PHO-000624,PHO-000795,EDGE-0010630,EV-CONTRACT-2026-3037
PHO-001289,PHO-004709,EDGE-0010631,EV-CONTRACT-2026-5523
PHO-003279,PHO-000364,EDGE-0010632,EV-CONTRACT-2026-4932
PHO-003499,PHO-000700,EDGE-0010633,EV-CONTRACT-2026-8981
PHO-001012,PHO-003776,EDGE-0010634,EV-CONTRACT-2026-3045
PHO-001778,PHO-004456,EDGE-0010635,EV-CONTRACT-2026-8962
PHO-000681,PHO-003994,EDGE-0010636,EV-CONTRACT-2026-2159
PHO-001966,PHO-002164,EDGE-0010637,EV-CONTRACT-2026-3269
PHO-002975,PHO-003395,EDGE-0010638,EV-CONTRACT-2026-9330
PHO-004417,PHO-000383,EDGE-0010639,EV-CONTRACT-2026-2284
PHO-002153,PHO-003367,EDGE-0010640,EV-CONTRACT-2026-3506
PHO-004211,PHO-001755,EDGE-0010641,EV-CONTRACT-2026-6124
PHO-000940,PHO-004611,EDGE-0010642,EV-CONTRACT-2026-6502
PHO-002933,PHO-002910,EDGE-0010643,EV-CONTRACT-2026-4318
PHO-001521,PHO-004308,EDGE-0010644,EV-CONTRACT-2026-1455
PHO-003422,PHO-000073,EDGE-0010645,EV-CONTRACT-2026-4677
PHO-003235,PHO-002814,EDGE-0010646,EV-CONTRACT-2026-7433
PHO-000252,PHO-002326,EDGE-0010647,EV-CONTRACT-2026-1434
PHO-001223,PHO-002170,EDGE-0010648,EV-CONTRACT-2026-2064
PHO-004471,PHO-003127,EDGE-0010649,EV-CONTRACT-2026-7200
PHO-001229,PHO-000259,EDGE-0010650,EV-CONTRACT-2026-1104
PHO-003114,PHO-000670,EDGE-0010651,EV-CONTRACT-2026-8850
PHO-004907,PHO-000514,EDGE-0010652,EV-CONTRACT-2026-7141
PHO-001505,PHO-003236,EDGE-0010653,EV-CONTRACT-2026-6425
PHO-002743,PHO-002171,EDGE-0010654,EV-CONTRACT-2026-8330
PHO-004899,PHO-003836,EDGE-0010655,EV-CONTRACT-2026-7710
PHO-000467,PHO-002786,EDGE-0010656,EV-CONTRACT-2026-4441
PHO-000173,PHO-002301,EDGE-0010657,EV-CONTRACT-2026-4524
PHO-004893,PHO-003764,EDGE-0010658,EV-CONTRACT-2026-2248
PHO-002368,PHO-001918,EDGE-0010659,EV-CONTRACT-2026-2173
PHO-004992,PHO-003202,EDGE-0010660,EV-CONTRACT-2026-8656
PHO-002071,PHO-003253,EDGE-0010661,EV-CONTRACT-2026-2063
PHO-001582,PHO-003495,EDGE-0010662,EV-CONTRACT-2026-1624
PHO-001179,PHO-001461,EDGE-0010663,EV-CONTRACT-2026-3781
PHO-003332,PHO-003808,EDGE-0010664,EV-CONTRACT-2026-2409
PHO-002320,PHO-002034,EDGE-0010665,EV-CONTRACT-2026-6259
PHO-000753,PHO-002195,EDGE-0010666,EV-CONTRACT-2026-6495
PHO-004443,PHO-001977,EDGE-0010667,EV-CONTRACT-2026-4579
PHO-003381,PHO-004140,EDGE-0010668,EV-CONTRACT-2026-3073
PHO-002451,PHO-004511,EDGE-0010669,EV-CONTRACT-2026-3916
PHO-001372,PHO-003322,EDGE-0010670,EV-CONTRACT-2026-3494
PHO-001429,PHO-002888,EDGE-0010671,EV-CONTRACT-2026-7762
PHO-000939,PHO-004101,EDGE-0010672,EV-CONTRACT-2026-6509
PHO-000117,PHO-001165,EDGE-0010673,EV-CONTRACT-2026-4207
PHO-000972,PHO-003349,EDGE-0010674,EV-CONTRACT-2026-8869
PHO-000156,PHO-004103,EDGE-0010675,EV-CONTRACT-2026-8876
PHO-000283,PHO-002767,EDGE-0010676,EV-CONTRACT-2026-5416
PHO-000067,PHO-002752,EDGE-0010677,EV-CONTRACT-2026-8258
PHO-001451,PHO-004101,EDGE-0010678,EV-CONTRACT-2026-4027
PHO-003385,PHO-000703,EDGE-0010679,EV-CONTRACT-2026-1400
PHO-004087,PHO-002531,EDGE-0010680,EV-CONTRACT-2026-3650
PHO-002137,PHO-002124,EDGE-0010681,EV-CONTRACT-2026-5062
PHO-001901,PHO-004703,EDGE-0010682,EV-CONTRACT-2026-9214
PHO-001655,PHO-001822,EDGE-0010683,EV-CONTRACT-2026-1767
PHO-003848,PHO-002355,EDGE-0010684,EV-CONTRACT-2026-2239
PHO-004400,PHO-002464,EDGE-0010685,EV-CONTRACT-2026-3565
PHO-004023,PHO-002142,EDGE-0010686,EV-CONTRACT-2026-8947
PHO-004908,PHO-004696,EDGE-0010687,EV-CONTRACT-2026-7596
PHO-004818,PHO-004416,EDGE-0010688,EV-CONTRACT-2026-4992
PHO-004190,PHO-002396,EDGE-0010689,EV-CONTRACT-2026-4450
PHO-003392,PHO-000797,EDGE-0010690,EV-CONTRACT-2026-8513
PHO-004180,PHO-004735,EDGE-0010691,EV-CONTRACT-2026-7217
PHO-003045,PHO-002905,EDGE-0010692,EV-CONTRACT-2026-3564
PHO-002728,PHO-001042,EDGE-0010693,EV-CONTRACT-2026-9975
PHO-000889,PHO-004938,EDGE-0010694,EV-CONTRACT-2026-9100
PHO-002558,PHO-001911,EDGE-0010695,EV-CONTRACT-2026-2098
PHO-000953,PHO-001299,EDGE-0010696,EV-CONTRACT-2026-3074
PHO-004189,PHO-002949,EDGE-0010697,EV-CONTRACT-2026-7943
PHO-004366,PHO-002408,EDGE-0010698,EV-CONTRACT-2026-6953
PHO-004730,PHO-004245,EDGE-0010699,EV-CONTRACT-2026-8871
PHO-004270,PHO-000770,EDGE-0010700,EV-CONTRACT-2026-5055
PHO-003903,PHO-003093,EDGE-0010701,EV-CONTRACT-2026-2302
PHO-004681,PHO-003700,EDGE-0010702,EV-CONTRACT-2026-3725
PHO-001802,PHO-004225,EDGE-0010703,EV-CONTRACT-2026-3971
PHO-002435,PHO-000366,EDGE-0010704,EV-CONTRACT-2026-5321
PHO-003487,PHO-004623,EDGE-0010705,EV-CONTRACT-2026-2307
PHO-004650,PHO-004534,EDGE-0010706,EV-CONTRACT-2026-5044
PHO-004968,PHO-002417,EDGE-0010707,EV-CONTRACT-2026-1714
PHO-004919,PHO-002965,EDGE-0010708,EV-CONTRACT-2026-7705
PHO-000334,PHO-004352,EDGE-0010709,EV-CONTRACT-2026-8386
PHO-000341,PHO-002759,EDGE-0010710,EV-CONTRACT-2026-5104
PHO-002624,PHO-003142,EDGE-0010711,EV-CONTRACT-2026-9785
PHO-000950,PHO-003879,EDGE-0010712,EV-CONTRACT-2026-4722
PHO-004761,PHO-003763,EDGE-0010713,EV-CONTRACT-2026-2616
PHO-003121,PHO-004096,EDGE-0010714,EV-CONTRACT-2026-4330
PHO-000389,PHO-000432,EDGE-0010715,EV-CONTRACT-2026-6505
PHO-001115,PHO-004354,EDGE-0010716,EV-CONTRACT-2026-5380
PHO-000804,PHO-001158,EDGE-0010717,EV-CONTRACT-2026-1937
PHO-004744,PHO-003894,EDGE-0010718,EV-CONTRACT-2026-2643
PHO-004984,PHO-000992,EDGE-0010719,EV-CONTRACT-2026-4681
PHO-001098,PHO-003878,EDGE-0010720,EV-CONTRACT-2026-9023
PHO-002550,PHO-003468,EDGE-0010721,EV-CONTRACT-2026-9207
PHO-003830,PHO-000959,EDGE-0010722,EV-CONTRACT-2026-2083
PHO-001743,PHO-003603,EDGE-0010723,EV-CONTRACT-2026-8341
PHO-002336,PHO-000886,EDGE-0010724,EV-CONTRACT-2026-8465
PHO-001496,PHO-000337,EDGE-0010725,EV-CONTRACT-2026-6978
PHO-000089,PHO-003109,EDGE-0010726,EV-CONTRACT-2026-4823
PHO-004690,PHO-000581,EDGE-0010727,EV-CONTRACT-2026-4749
PHO-000924,PHO-001039,EDGE-0010728,EV-CONTRACT-2026-2469
PHO-000266,PHO-004076,EDGE-0010729,EV-CONTRACT-2026-2685
PHO-003561,PHO-002104,EDGE-0010730,EV-CONTRACT-2026-4976
PHO-003369,PHO-001536,EDGE-0010731,EV-CONTRACT-2026-8391
PHO-000975,PHO-000602,EDGE-0010732,EV-CONTRACT-2026-3751
PHO-002149,PHO-002867,EDGE-0010733,EV-CONTRACT-2026-7137
PHO-000858,PHO-003945,EDGE-0010734,EV-CONTRACT-2026-6353
PHO-000270,PHO-004152,EDGE-0010735,EV-CONTRACT-2026-9918
PHO-001756,PHO-000297,EDGE-0010736,EV-CONTRACT-2026-5369
PHO-000617,PHO-001435,EDGE-0010737,EV-CONTRACT-2026-6695
PHO-000834,PHO-001589,EDGE-0010738,EV-CONTRACT-2026-4033
PHO-002966,PHO-001940,EDGE-0010739,EV-CONTRACT-2026-7698
PHO-003338,PHO-004265,EDGE-0010740,EV-CONTRACT-2026-1637
PHO-001711,PHO-003006,EDGE-0010741,EV-CONTRACT-2026-3307
PHO-001840,PHO-002881,EDGE-0010742,EV-CONTRACT-2026-8634
PHO-003780,PHO-001961,EDGE-0010743,EV-CONTRACT-2026-5743
PHO-003936,PHO-004040,EDGE-0010744,EV-CONTRACT-2026-8376
PHO-004459,PHO-000504,EDGE-0010745,EV-CONTRACT-2026-7155
PHO-002489,PHO-004833,EDGE-0010746,EV-CONTRACT-2026-8123
PHO-001781,PHO-000589,EDGE-0010747,EV-CONTRACT-2026-6861
PHO-002437,PHO-004580,EDGE-0010748,EV-CONTRACT-2026-2595
PHO-000765,PHO-002368,EDGE-0010749,EV-CONTRACT-2026-8174
PHO-002854,PHO-000300,EDGE-0010750,EV-CONTRACT-2026-4314
PHO-000775,PHO-002493,EDGE-0010751,EV-CONTRACT-2026-2417
PHO-003550,PHO-000739,EDGE-0010752,EV-CONTRACT-2026-3997
PHO-003537,PHO-000586,EDGE-0010753,EV-CONTRACT-2026-8192
PHO-003382,PHO-001068,EDGE-0010754,EV-CONTRACT-2026-2333
PHO-000730,PHO-000925,EDGE-0010755,EV-CONTRACT-2026-1255
PHO-003902,PHO-003941,EDGE-0010756,EV-CONTRACT-2026-6237
PHO-001965,PHO-003860,EDGE-0010757,EV-CONTRACT-2026-7985
PHO-001244,PHO-000690,EDGE-0010758,EV-CONTRACT-2026-5030
PHO-004625,PHO-004105,EDGE-0010759,EV-CONTRACT-2026-2100
PHO-000500,PHO-002958,EDGE-0010760,EV-CONTRACT-2026-6364
PHO-001537,PHO-001056,EDGE-0010761,EV-CONTRACT-2026-8883
PHO-001883,PHO-000267,EDGE-0010762,EV-CONTRACT-2026-1683
PHO-004804,PHO-000597,EDGE-0010763,EV-CONTRACT-2026-4956
PHO-001141,PHO-001938,EDGE-0010764,EV-CONTRACT-2026-2900
PHO-001960,PHO-000123,EDGE-0010765,EV-CONTRACT-2026-5382
PHO-002003,PHO-001757,EDGE-0010766,EV-CONTRACT-2026-1773
PHO-004863,PHO-001108,EDGE-0010767,EV-CONTRACT-2026-4529
PHO-000869,PHO-002287,EDGE-0010768,EV-CONTRACT-2026-8388
PHO-002246,PHO-004392,EDGE-0010769,EV-CONTRACT-2026-4990
PHO-000697,PHO-002516,EDGE-0010770,EV-CONTRACT-2026-1106
PHO-000650,PHO-000582,EDGE-0010771,EV-CONTRACT-2026-6683
PHO-002141,PHO-000328,EDGE-0010772,EV-CONTRACT-2026-3183
PHO-001165,PHO-000349,EDGE-0010773,EV-CONTRACT-2026-5348
PHO-003246,PHO-002216,EDGE-0010774,EV-CONTRACT-2026-4620
PHO-001880,PHO-001867,EDGE-0010775,EV-CONTRACT-2026-6006
PHO-004508,PHO-001846,EDGE-0010776,EV-CONTRACT-2026-8590
PHO-004547,PHO-003573,EDGE-0010777,EV-CONTRACT-2026-5163
PHO-000136,PHO-002288,EDGE-0010778,EV-CONTRACT-2026-2830
PHO-001833,PHO-001943,EDGE-0010779,EV-CONTRACT-2026-3572
PHO-003291,PHO-001156,EDGE-0010780,EV-CONTRACT-2026-1868
PHO-003259,PHO-004268,EDGE-0010781,EV-CONTRACT-2026-4608
PHO-003767,PHO-001823,EDGE-0010782,EV-CONTRACT-2026-2655
PHO-003268,PHO-000657,EDGE-0010783,EV-CONTRACT-2026-5215
PHO-002574,PHO-001143,EDGE-0010784,EV-CONTRACT-2026-3316
PHO-004335,PHO-003662,EDGE-0010785,EV-CONTRACT-2026-1862
PHO-004300,PHO-002291,EDGE-0010786,EV-CONTRACT-2026-4391
PHO-002703,PHO-004902,EDGE-0010787,EV-CONTRACT-2026-4384
PHO-001634,PHO-001948,EDGE-0010788,EV-CONTRACT-2026-9957
PHO-000791,PHO-002394,EDGE-0010789,EV-CONTRACT-2026-8814
PHO-002116,PHO-004913,EDGE-0010790,EV-CONTRACT-2026-3467
PHO-004826,PHO-003309,EDGE-0010791,EV-CONTRACT-2026-2202
PHO-002995,PHO-001071,EDGE-0010792,EV-CONTRACT-2026-2917
PHO-003367,PHO-002427,EDGE-0010793,EV-CONTRACT-2026-8247
PHO-004526,PHO-003849,EDGE-0010794,EV-CONTRACT-2026-5313
PHO-004759,PHO-002990,EDGE-0010795,EV-CONTRACT-2026-3551
PHO-004980,PHO-002188,EDGE-0010796,EV-CONTRACT-2026-5558
PHO-001422,PHO-001703,EDGE-0010797,EV-CONTRACT-2026-3905
PHO-004551,PHO-003654,EDGE-0010798,EV-CONTRACT-2026-6397
PHO-002649,PHO-003802,EDGE-0010799,EV-CONTRACT-2026-7686
PHO-004883,PHO-002971,EDGE-0010800,EV-CONTRACT-2026-8041
PHO-002021,PHO-002266,EDGE-0010801,EV-CONTRACT-2026-1703
PHO-004342,PHO-003869,EDGE-0010802,EV-CONTRACT-2026-5464
PHO-004231,PHO-002899,EDGE-0010803,EV-CONTRACT-2026-8800
PHO-002165,PHO-003629,EDGE-0010804,EV-CONTRACT-2026-9837
PHO-003593,PHO-001683,EDGE-0010805,EV-CONTRACT-2026-1778
PHO-003107,PHO-002819,EDGE-0010806,EV-CONTRACT-2026-5670
PHO-001280,PHO-000728,EDGE-0010807,EV-CONTRACT-2026-7887
PHO-004223,PHO-002059,EDGE-0010808,EV-CONTRACT-2026-5473
PHO-003234,PHO-004210,EDGE-0010809,EV-CONTRACT-2026-3939
PHO-004006,PHO-004637,EDGE-0010810,EV-CONTRACT-2026-5614
PHO-002354,PHO-002884,EDGE-0010811,EV-CONTRACT-2026-9677
PHO-003863,PHO-002501,EDGE-0010812,EV-CONTRACT-2026-6285
PHO-002284,PHO-000751,EDGE-0010813,EV-CONTRACT-2026-8773
PHO-001607,PHO-002430,EDGE-0010814,EV-CONTRACT-2026-7104
PHO-004444,PHO-004000,EDGE-0010815,EV-CONTRACT-2026-6105
PHO-001562,PHO-004549,EDGE-0010816,EV-CONTRACT-2026-8874
PHO-002970,PHO-002381,EDGE-0010817,EV-CONTRACT-2026-9809
PHO-003875,PHO-002063,EDGE-0010818,EV-CONTRACT-2026-2875
PHO-003492,PHO-003892,EDGE-0010819,EV-CONTRACT-2026-2810
PHO-001315,PHO-003599,EDGE-0010820,EV-CONTRACT-2026-5439
PHO-001946,PHO-001474,EDGE-0010821,EV-CONTRACT-2026-7790
PHO-003173,PHO-000417,EDGE-0010822,EV-CONTRACT-2026-3563
PHO-004125,PHO-002884,EDGE-0010823,EV-CONTRACT-2026-8628
PHO-002755,PHO-004826,EDGE-0010824,EV-CONTRACT-2026-2557
PHO-001837,PHO-003367,EDGE-0010825,EV-CONTRACT-2026-9761
PHO-000573,PHO-000182,EDGE-0010826,EV-CONTRACT-2026-6834
PHO-003212,PHO-004043,EDGE-0010827,EV-CONTRACT-2026-2082
PHO-001367,PHO-001600,EDGE-0010828,EV-CONTRACT-2026-7512
PHO-003810,PHO-003266,EDGE-0010829,EV-CONTRACT-2026-6296
PHO-000588,PHO-000485,EDGE-0010830,EV-CONTRACT-2026-2241
PHO-001896,PHO-002192,EDGE-0010831,EV-CONTRACT-2026-4529
PHO-001223,PHO-003680,EDGE-0010832,EV-CONTRACT-2026-9948
PHO-000472,PHO-000007,EDGE-0010833,EV-CONTRACT-2026-2600
PHO-000943,PHO-002758,EDGE-0010834,EV-CONTRACT-2026-4498
PHO-004791,PHO-001927,EDGE-0010835,EV-CONTRACT-2026-3865
PHO-004528,PHO-003027,EDGE-0010836,EV-CONTRACT-2026-7523
PHO-000310,PHO-001300,EDGE-0010837,EV-CONTRACT-2026-3500
PHO-003610,PHO-000325,EDGE-0010838,EV-CONTRACT-2026-6758
PHO-002551,PHO-003852,EDGE-0010839,EV-CONTRACT-2026-4517
PHO-000633,PHO-004552,EDGE-0010840,EV-CONTRACT-2026-3719
PHO-003048,PHO-003237,EDGE-0010841,EV-CONTRACT-2026-3211
PHO-001945,PHO-004197,EDGE-0010842,EV-CONTRACT-2026-5170
PHO-001137,PHO-003093,EDGE-0010843,EV-CONTRACT-2026-8282
PHO-001918,PHO-004625,EDGE-0010844,EV-CONTRACT-2026-8023
PHO-003036,PHO-001910,EDGE-0010845,EV-CONTRACT-2026-6362
PHO-001181,PHO-002120,EDGE-0010846,EV-CONTRACT-2026-3347
PHO-002423,PHO-002723,EDGE-0010847,EV-CONTRACT-2026-6158
PHO-003087,PHO-004648,EDGE-0010848,EV-CONTRACT-2026-7405
PHO-004661,PHO-000582,EDGE-0010849,EV-CONTRACT-2026-5925
PHO-001983,PHO-004764,EDGE-0010850,EV-CONTRACT-2026-5623
PHO-003972,PHO-003722,EDGE-0010851,EV-CONTRACT-2026-9487
PHO-003319,PHO-003626,EDGE-0010852,EV-CONTRACT-2026-7620
PHO-002919,PHO-002904,EDGE-0010853,EV-CONTRACT-2026-7889
PHO-001616,PHO-002960,EDGE-0010854,EV-CONTRACT-2026-3474
PHO-002821,PHO-001851,EDGE-0010855,EV-CONTRACT-2026-7455
PHO-002882,PHO-003099,EDGE-0010856,EV-CONTRACT-2026-7590
PHO-003391,PHO-002478,EDGE-0010857,EV-CONTRACT-2026-8136
PHO-002943,PHO-002771,EDGE-0010858,EV-CONTRACT-2026-1292
PHO-004088,PHO-000150,EDGE-0010859,EV-CONTRACT-2026-1290
PHO-003286,PHO-000283,EDGE-0010860,EV-CONTRACT-2026-2756
PHO-001921,PHO-000278,EDGE-0010861,EV-CONTRACT-2026-7967
PHO-004824,PHO-002838,EDGE-0010862,EV-CONTRACT-2026-5547
PHO-003536,PHO-001606,EDGE-0010863,EV-CONTRACT-2026-4394
PHO-002728,PHO-001136,EDGE-0010864,EV-CONTRACT-2026-7310
PHO-001428,PHO-002052,EDGE-0010865,EV-CONTRACT-2026-4946
PHO-000670,PHO-002219,EDGE-0010866,EV-CONTRACT-2026-8392
PHO-001046,PHO-002273,EDGE-0010867,EV-CONTRACT-2026-3275
PHO-002832,PHO-003426,EDGE-0010868,EV-CONTRACT-2026-7069
PHO-000135,PHO-001507,EDGE-0010869,EV-CONTRACT-2026-6216
PHO-000342,PHO-004796,EDGE-0010870,EV-CONTRACT-2026-2360
PHO-001588,PHO-002514,EDGE-0010871,EV-CONTRACT-2026-3879
PHO-003230,PHO-003671,EDGE-0010872,EV-CONTRACT-2026-5166
PHO-000220,PHO-001118,EDGE-0010873,EV-CONTRACT-2026-2297
PHO-000032,PHO-000339,EDGE-0010874,EV-CONTRACT-2026-2058
PHO-001283,PHO-004025,EDGE-0010875,EV-CONTRACT-2026-2683
PHO-001143,PHO-000645,EDGE-0010876,EV-CONTRACT-2026-6897
PHO-004806,PHO-000048,EDGE-0010877,EV-CONTRACT-2026-3118
PHO-003084,PHO-000842,EDGE-0010878,EV-CONTRACT-2026-6816
PHO-000703,PHO-003196,EDGE-0010879,EV-CONTRACT-2026-9528
PHO-004229,PHO-002245,EDGE-0010880,EV-CONTRACT-2026-9535
PHO-002719,PHO-001777,EDGE-0010881,EV-CONTRACT-2026-5118
PHO-004010,PHO-002247,EDGE-0010882,EV-CONTRACT-2026-4926
PHO-000195,PHO-000944,EDGE-0010883,EV-CONTRACT-2026-3094
PHO-004748,PHO-002008,EDGE-0010884,EV-CONTRACT-2026-8078
PHO-001716,PHO-000723,EDGE-0010885,EV-CONTRACT-2026-5049
PHO-000687,PHO-002715,EDGE-0010886,EV-CONTRACT-2026-5017
PHO-000422,PHO-001069,EDGE-0010887,EV-CONTRACT-2026-3868
PHO-002797,PHO-003456,EDGE-0010888,EV-CONTRACT-2026-2838
PHO-001124,PHO-004761,EDGE-0010889,EV-CONTRACT-2026-7017
PHO-004376,PHO-001143,EDGE-0010890,EV-CONTRACT-2026-2177
PHO-003832,PHO-004131,EDGE-0010891,EV-CONTRACT-2026-6830
PHO-000574,PHO-002997,EDGE-0010892,EV-CONTRACT-2026-8114
PHO-003817,PHO-004692,EDGE-0010893,EV-CONTRACT-2026-9546
PHO-003945,PHO-001060,EDGE-0010894,EV-CONTRACT-2026-7917
PHO-000747,PHO-001868,EDGE-0010895,EV-CONTRACT-2026-2787
PHO-003076,PHO-004454,EDGE-0010896,EV-CONTRACT-2026-8589
PHO-002540,PHO-001409,EDGE-0010897,EV-CONTRACT-2026-4335
PHO-003864,PHO-001538,EDGE-0010898,EV-CONTRACT-2026-2041
PHO-002017,PHO-000906,EDGE-0010899,EV-CONTRACT-2026-8031
PHO-000519,PHO-001766,EDGE-0010900,EV-CONTRACT-2026-3339
PHO-003712,PHO-001244,EDGE-0010901,EV-CONTRACT-2026-9990
PHO-003884,PHO-000195,EDGE-0010902,EV-CONTRACT-2026-4590
PHO-004005,PHO-003698,EDGE-0010903,EV-CONTRACT-2026-5104
PHO-002353,PHO-000073,EDGE-0010904,EV-CONTRACT-2026-2867
PHO-004515,PHO-003674,EDGE-0010905,EV-CONTRACT-2026-4708
PHO-003807,PHO-000529,EDGE-0010906,EV-CONTRACT-2026-8443
PHO-004733,PHO-002247,EDGE-0010907,EV-CONTRACT-2026-4188
PHO-004859,PHO-004425,EDGE-0010908,EV-CONTRACT-2026-7569
PHO-004915,PHO-000773,EDGE-0010909,EV-CONTRACT-2026-4298
PHO-000052,PHO-003613,EDGE-0010910,EV-CONTRACT-2026-7676
PHO-004353,PHO-002930,EDGE-0010911,EV-CONTRACT-2026-1814
PHO-004328,PHO-001568,EDGE-0010912,EV-CONTRACT-2026-2638
PHO-001151,PHO-000223,EDGE-0010913,EV-CONTRACT-2026-1523
PHO-001148,PHO-004979,EDGE-0010914,EV-CONTRACT-2026-6693
PHO-001014,PHO-001122,EDGE-0010915,EV-CONTRACT-2026-9313
PHO-002201,PHO-000051,EDGE-0010916,EV-CONTRACT-2026-8854
PHO-004267,PHO-002951,EDGE-0010917,EV-CONTRACT-2026-7108
PHO-000681,PHO-002992,EDGE-0010918,EV-CONTRACT-2026-3506
PHO-000897,PHO-003498,EDGE-0010919,EV-CONTRACT-2026-2291
PHO-002069,PHO-000288,EDGE-0010920,EV-CONTRACT-2026-7351
PHO-003137,PHO-001655,EDGE-0010921,EV-CONTRACT-2026-6441
PHO-000968,PHO-000661,EDGE-0010922,EV-CONTRACT-2026-3988
PHO-001927,PHO-003569,EDGE-0010923,EV-CONTRACT-2026-9660
PHO-003945,PHO-001923,EDGE-0010924,EV-CONTRACT-2026-1171
PHO-003510,PHO-000611,EDGE-0010925,EV-CONTRACT-2026-1280
PHO-000930,PHO-004745,EDGE-0010926,EV-CONTRACT-2026-9138
PHO-001108,PHO-004871,EDGE-0010927,EV-CONTRACT-2026-1262
PHO-001065,PHO-000764,EDGE-0010928,EV-CONTRACT-2026-7435
PHO-001732,PHO-002228,EDGE-0010929,EV-CONTRACT-2026-8587
PHO-000268,PHO-001780,EDGE-0010930,EV-CONTRACT-2026-1976
PHO-001110,PHO-001282,EDGE-0010931,EV-CONTRACT-2026-4492
PHO-002797,PHO-002469,EDGE-0010932,EV-CONTRACT-2026-3969
PHO-001186,PHO-003128,EDGE-0010933,EV-CONTRACT-2026-4313
PHO-003221,PHO-001527,EDGE-0010934,EV-CONTRACT-2026-7921
PHO-002050,PHO-004024,EDGE-0010935,EV-CONTRACT-2026-5614
PHO-004646,PHO-001099,EDGE-0010936,EV-CONTRACT-2026-2043
PHO-002925,PHO-002639,EDGE-0010937,EV-CONTRACT-2026-4134
PHO-003023,PHO-004899,EDGE-0010938,EV-CONTRACT-2026-2572
PHO-002093,PHO-003338,EDGE-0010939,EV-CONTRACT-2026-1979
PHO-001894,PHO-001626,EDGE-0010940,EV-CONTRACT-2026-9154
PHO-002036,PHO-004248,EDGE-0010941,EV-CONTRACT-2026-2931
PHO-002811,PHO-000415,EDGE-0010942,EV-CONTRACT-2026-7757
PHO-000933,PHO-004759,EDGE-0010943,EV-CONTRACT-2026-8115
PHO-003030,PHO-003271,EDGE-0010944,EV-CONTRACT-2026-3775
PHO-003385,PHO-001146,EDGE-0010945,EV-CONTRACT-2026-1892
PHO-002532,PHO-001393,EDGE-0010946,EV-CONTRACT-2026-4611
PHO-000832,PHO-003347,EDGE-0010947,EV-CONTRACT-2026-9970
PHO-000203,PHO-001963,EDGE-0010948,EV-CONTRACT-2026-4948
PHO-004422,PHO-000685,EDGE-0010949,EV-CONTRACT-2026-9292
PHO-002459,PHO-001090,EDGE-0010950,EV-CONTRACT-2026-8669
PHO-001938,PHO-004088,EDGE-0010951,EV-CONTRACT-2026-6720
PHO-003056,PHO-000664,EDGE-0010952,EV-CONTRACT-2026-1774
PHO-002219,PHO-000491,EDGE-0010953,EV-CONTRACT-2026-8211
PHO-000735,PHO-002287,EDGE-0010954,EV-CONTRACT-2026-7155
PHO-003291,PHO-001833,EDGE-0010955,EV-CONTRACT-2026-9981
PHO-003914,PHO-001805,EDGE-0010956,EV-CONTRACT-2026-4963
PHO-004073,PHO-003835,EDGE-0010957,EV-CONTRACT-2026-5001
PHO-001584,PHO-000543,EDGE-0010958,EV-CONTRACT-2026-7453
PHO-001326,PHO-002707,EDGE-0010959,EV-CONTRACT-2026-9271
PHO-001569,PHO-004884,EDGE-0010960,EV-CONTRACT-2026-5131
PHO-003179,PHO-002612,EDGE-0010961,EV-CONTRACT-2026-8551
PHO-001751,PHO-002363,EDGE-0010962,EV-CONTRACT-2026-4355
PHO-002994,PHO-000828,EDGE-0010963,EV-CONTRACT-2026-7979
PHO-004361,PHO-004274,EDGE-0010964,EV-CONTRACT-2026-5955
PHO-001359,PHO-003919,EDGE-0010965,EV-CONTRACT-2026-6527
PHO-002442,PHO-004668,EDGE-0010966,EV-CONTRACT-2026-9744
PHO-000281,PHO-000990,EDGE-0010967,EV-CONTRACT-2026-3357
PHO-004450,PHO-004175,EDGE-0010968,EV-CONTRACT-2026-1315
PHO-002192,PHO-001765,EDGE-0010969,EV-CONTRACT-2026-5646
PHO-000727,PHO-003718,EDGE-0010970,EV-CONTRACT-2026-5864
PHO-002903,PHO-000138,EDGE-0010971,EV-CONTRACT-2026-4872
PHO-003381,PHO-002873,EDGE-0010972,EV-CONTRACT-2026-8528
PHO-004048,PHO-001928,EDGE-0010973,EV-CONTRACT-2026-3105
PHO-002527,PHO-003383,EDGE-0010974,EV-CONTRACT-2026-7322
PHO-001408,PHO-002195,EDGE-0010975,EV-CONTRACT-2026-1189
PHO-002473,PHO-002188,EDGE-0010976,EV-CONTRACT-2026-6193
PHO-003492,PHO-000910,EDGE-0010977,EV-CONTRACT-2026-7687
PHO-004621,PHO-003189,EDGE-0010978,EV-CONTRACT-2026-6191
PHO-004178,PHO-000580,EDGE-0010979,EV-CONTRACT-2026-3086
PHO-004871,PHO-004181,EDGE-0010980,EV-CONTRACT-2026-1739
PHO-003127,PHO-002724,EDGE-0010981,EV-CONTRACT-2026-5897
PHO-001296,PHO-000687,EDGE-0010982,EV-CONTRACT-2026-5051
PHO-003678,PHO-002986,EDGE-0010983,EV-CONTRACT-2026-8771
PHO-000347,PHO-004224,EDGE-0010984,EV-CONTRACT-2026-9547
PHO-000569,PHO-000236,EDGE-0010985,EV-CONTRACT-2026-3622
PHO-003176,PHO-000082,EDGE-0010986,EV-CONTRACT-2026-7562
PHO-004258,PHO-004870,EDGE-0010987,EV-CONTRACT-2026-8809
PHO-003660,PHO-002166,EDGE-0010988,EV-CONTRACT-2026-4192
PHO-002969,PHO-000688,EDGE-0010989,EV-CONTRACT-2026-6146
PHO-002745,PHO-002898,EDGE-0010990,EV-CONTRACT-2026-9439
PHO-000393,PHO-003876,EDGE-0010991,EV-CONTRACT-2026-5698
PHO-003121,PHO-000059,EDGE-0010992,EV-CONTRACT-2026-8822
PHO-003301,PHO-003864,EDGE-0010993,EV-CONTRACT-2026-3920
PHO-001368,PHO-004147,EDGE-0010994,EV-CONTRACT-2026-7889
PHO-004412,PHO-002885,EDGE-0010995,EV-CONTRACT-2026-7520
PHO-000629,PHO-001650,EDGE-0010996,EV-CONTRACT-2026-5938
PHO-003430,PHO-004375,EDGE-0010997,EV-CONTRACT-2026-1611
PHO-004605,PHO-004367,EDGE-0010998,EV-CONTRACT-2026-2972
PHO-001266,PHO-000155,EDGE-0010999,EV-CONTRACT-2026-3409
PHO-004897,PHO-004274,EDGE-0011000,EV-CONTRACT-2026-5152
PHO-002757,PHO-003871,EDGE-0011001,EV-CONTRACT-2026-7131
PHO-004827,PHO-002090,EDGE-0011002,EV-CONTRACT-2026-8019
PHO-000280,PHO-000375,EDGE-0011003,EV-CONTRACT-2026-4349
PHO-000826,PHO-001763,EDGE-0011004,EV-CONTRACT-2026-3223
PHO-000756,PHO-003492,EDGE-0011005,EV-CONTRACT-2026-9557
PHO-000782,PHO-002378,EDGE-0011006,EV-CONTRACT-2026-3717
PHO-001249,PHO-001057,EDGE-0011007,EV-CONTRACT-2026-7639
PHO-002400,PHO-002946,EDGE-0011008,EV-CONTRACT-2026-8212
PHO-000699,PHO-000059,EDGE-0011009,EV-CONTRACT-2026-2804
PHO-002668,PHO-000040,EDGE-0011010,EV-CONTRACT-2026-8877
PHO-003425,PHO-004284,EDGE-0011011,EV-CONTRACT-2026-1925
PHO-002322,PHO-004522,EDGE-0011012,EV-CONTRACT-2026-4657
PHO-000314,PHO-003728,EDGE-0011013,EV-CONTRACT-2026-3285
PHO-003960,PHO-001726,EDGE-0011014,EV-CONTRACT-2026-1964
PHO-000919,PHO-001310,EDGE-0011015,EV-CONTRACT-2026-6890
PHO-001221,PHO-002654,EDGE-0011016,EV-CONTRACT-2026-8855
PHO-002032,PHO-004255,EDGE-0011017,EV-CONTRACT-2026-5535
PHO-001621,PHO-004567,EDGE-0011018,EV-CONTRACT-2026-8881
PHO-000070,PHO-003312,EDGE-0011019,EV-CONTRACT-2026-5908
PHO-000700,PHO-001778,EDGE-0011020,EV-CONTRACT-2026-8077
PHO-003430,PHO-004906,EDGE-0011021,EV-CONTRACT-2026-3644
PHO-000782,PHO-002950,EDGE-0011022,EV-CONTRACT-2026-1076
PHO-004117,PHO-002882,EDGE-0011023,EV-CONTRACT-2026-4685
PHO-000493,PHO-002116,EDGE-0011024,EV-CONTRACT-2026-6139
PHO-004781,PHO-000189,EDGE-0011025,EV-CONTRACT-2026-2309
PHO-004034,PHO-001756,EDGE-0011026,EV-CONTRACT-2026-1412
PHO-002172,PHO-003251,EDGE-0011027,EV-CONTRACT-2026-7230
PHO-002523,PHO-000472,EDGE-0011028,EV-CONTRACT-2026-7356
PHO-002307,PHO-004173,EDGE-0011029,EV-CONTRACT-2026-9759
PHO-003132,PHO-004306,EDGE-0011030,EV-CONTRACT-2026-7759
PHO-001281,PHO-000105,EDGE-0011031,EV-CONTRACT-2026-2115
PHO-001190,PHO-002579,EDGE-0011032,EV-CONTRACT-2026-7374
PHO-002472,PHO-003989,EDGE-0011033,EV-CONTRACT-2026-9268
PHO-004389,PHO-001434,EDGE-0011034,EV-CONTRACT-2026-3606
PHO-002622,PHO-003372,EDGE-0011035,EV-CONTRACT-2026-3582
PHO-004482,PHO-004580,EDGE-0011036,EV-CONTRACT-2026-1789
PHO-004342,PHO-000356,EDGE-0011037,EV-CONTRACT-2026-9873
PHO-003650,PHO-002298,EDGE-0011038,EV-CONTRACT-2026-2410
PHO-000768,PHO-004389,EDGE-0011039,EV-CONTRACT-2026-4220
PHO-002447,PHO-004737,EDGE-0011040,EV-CONTRACT-2026-2267
PHO-002125,PHO-003666,EDGE-0011041,EV-CONTRACT-2026-1927
PHO-000061,PHO-003303,EDGE-0011042,EV-CONTRACT-2026-9230
PHO-000382,PHO-001813,EDGE-0011043,EV-CONTRACT-2026-4266
PHO-000672,PHO-002942,EDGE-0011044,EV-CONTRACT-2026-5295
PHO-002131,PHO-000896,EDGE-0011045,EV-CONTRACT-2026-3619
PHO-001531,PHO-000952,EDGE-0011046,EV-CONTRACT-2026-7093
PHO-001434,PHO-001865,EDGE-0011047,EV-CONTRACT-2026-6246
PHO-004575,PHO-000172,EDGE-0011048,EV-CONTRACT-2026-1455
PHO-004024,PHO-001142,EDGE-0011049,EV-CONTRACT-2026-2310
PHO-003842,PHO-001989,EDGE-0011050,EV-CONTRACT-2026-3227
PHO-001126,PHO-002995,EDGE-0011051,EV-CONTRACT-2026-5298
PHO-000687,PHO-003829,EDGE-0011052,EV-CONTRACT-2026-1746
PHO-003869,PHO-004216,EDGE-0011053,EV-CONTRACT-2026-6292
PHO-004787,PHO-003519,EDGE-0011054,EV-CONTRACT-2026-7025
PHO-000886,PHO-001341,EDGE-0011055,EV-CONTRACT-2026-8877
PHO-002139,PHO-002850,EDGE-0011056,EV-CONTRACT-2026-3814
PHO-001105,PHO-000447,EDGE-0011057,EV-CONTRACT-2026-7814
PHO-003650,PHO-002574,EDGE-0011058,EV-CONTRACT-2026-8836
PHO-001883,PHO-001592,EDGE-0011059,EV-CONTRACT-2026-6597
PHO-002751,PHO-003444,EDGE-0011060,EV-CONTRACT-2026-6762
PHO-001959,PHO-000146,EDGE-0011061,EV-CONTRACT-2026-6244
PHO-001492,PHO-002599,EDGE-0011062,EV-CONTRACT-2026-9106
PHO-002619,PHO-002556,EDGE-0011063,EV-CONTRACT-2026-5937
PHO-004863,PHO-000529,EDGE-0011064,EV-CONTRACT-2026-4710
PHO-000444,PHO-000371,EDGE-0011065,EV-CONTRACT-2026-4142
PHO-000768,PHO-002695,EDGE-0011066,EV-CONTRACT-2026-7890
PHO-003084,PHO-001476,EDGE-0011067,EV-CONTRACT-2026-2227
PHO-003563,PHO-002299,EDGE-0011068,EV-CONTRACT-2026-2279
PHO-004885,PHO-000937,EDGE-0011069,EV-CONTRACT-2026-8716
PHO-002819,PHO-003716,EDGE-0011070,EV-CONTRACT-2026-7977
PHO-000335,PHO-001956,EDGE-0011071,EV-CONTRACT-2026-7643
PHO-003375,PHO-001403,EDGE-0011072,EV-CONTRACT-2026-7630
PHO-004408,PHO-002724,EDGE-0011073,EV-CONTRACT-2026-3050
PHO-004089,PHO-000460,EDGE-0011074,EV-CONTRACT-2026-8647
PHO-003525,PHO-004458,EDGE-0011075,EV-CONTRACT-2026-2677
PHO-003209,PHO-000198,EDGE-0011076,EV-CONTRACT-2026-2226
PHO-000139,PHO-000392,EDGE-0011077,EV-CONTRACT-2026-9282
PHO-003897,PHO-004642,EDGE-0011078,EV-CONTRACT-2026-4884
PHO-004835,PHO-001099,EDGE-0011079,EV-CONTRACT-2026-6559
PHO-000742,PHO-002060,EDGE-0011080,EV-CONTRACT-2026-4175
PHO-004107,PHO-001869,EDGE-0011081,EV-CONTRACT-2026-1610
PHO-001396,PHO-004001,EDGE-0011082,EV-CONTRACT-2026-4311
PHO-002307,PHO-001400,EDGE-0011083,EV-CONTRACT-2026-3272
PHO-001809,PHO-000177,EDGE-0011084,EV-CONTRACT-2026-4916
PHO-003234,PHO-000054,EDGE-0011085,EV-CONTRACT-2026-2264
PHO-003120,PHO-002502,EDGE-0011086,EV-CONTRACT-2026-4662
PHO-000241,PHO-003349,EDGE-0011087,EV-CONTRACT-2026-3692
PHO-004795,PHO-000910,EDGE-0011088,EV-CONTRACT-2026-3347
PHO-000287,PHO-003551,EDGE-0011089,EV-CONTRACT-2026-2857
PHO-000974,PHO-002552,EDGE-0011090,EV-CONTRACT-2026-5346
PHO-002302,PHO-004336,EDGE-0011091,EV-CONTRACT-2026-1105
PHO-001094,PHO-003965,EDGE-0011092,EV-CONTRACT-2026-1480
PHO-002627,PHO-003224,EDGE-0011093,EV-CONTRACT-2026-4195
PHO-003778,PHO-001051,EDGE-0011094,EV-CONTRACT-2026-1618
PHO-000896,PHO-001432,EDGE-0011095,EV-CONTRACT-2026-7305
PHO-002231,PHO-002464,EDGE-0011096,EV-CONTRACT-2026-9453
PHO-002247,PHO-003491,EDGE-0011097,EV-CONTRACT-2026-7219
PHO-001882,PHO-002978,EDGE-0011098,EV-CONTRACT-2026-1048
PHO-003788,PHO-000765,EDGE-0011099,EV-CONTRACT-2026-3807
PHO-000189,PHO-004747,EDGE-0011100,EV-CONTRACT-2026-4623
PHO-004599,PHO-004314,EDGE-0011101,EV-CONTRACT-2026-8376
PHO-001479,PHO-004185,EDGE-0011102,EV-CONTRACT-2026-4173
PHO-004214,PHO-004935,EDGE-0011103,EV-CONTRACT-2026-7719
PHO-003347,PHO-003665,EDGE-0011104,EV-CONTRACT-2026-7639
PHO-003616,PHO-000831,EDGE-0011105,EV-CONTRACT-2026-9117
PHO-001865,PHO-000538,EDGE-0011106,EV-CONTRACT-2026-4119
PHO-003367,PHO-003311,EDGE-0011107,EV-CONTRACT-2026-2690
PHO-000065,PHO-001456,EDGE-0011108,EV-CONTRACT-2026-7847
PHO-001470,PHO-000932,EDGE-0011109,EV-CONTRACT-2026-4224
PHO-002417,PHO-004552,EDGE-0011110,EV-CONTRACT-2026-6810
PHO-001581,PHO-003702,EDGE-0011111,EV-CONTRACT-2026-7588
PHO-001484,PHO-004553,EDGE-0011112,EV-CONTRACT-2026-6341
PHO-002523,PHO-002424,EDGE-0011113,EV-CONTRACT-2026-4793
PHO-003087,PHO-000012,EDGE-0011114,EV-CONTRACT-2026-5621
PHO-000184,PHO-000612,EDGE-0011115,EV-CONTRACT-2026-3365
PHO-002363,PHO-002695,EDGE-0011116,EV-CONTRACT-2026-3356
PHO-004759,PHO-002340,EDGE-0011117,EV-CONTRACT-2026-6462
PHO-003748,PHO-002786,EDGE-0011118,EV-CONTRACT-2026-6878
PHO-003172,PHO-003316,EDGE-0011119,EV-CONTRACT-2026-5834
PHO-001609,PHO-004469,EDGE-0011120,EV-CONTRACT-2026-1423
PHO-004917,PHO-001470,EDGE-0011121,EV-CONTRACT-2026-4776
PHO-003126,PHO-001182,EDGE-0011122,EV-CONTRACT-2026-6653
PHO-000947,PHO-002887,EDGE-0011123,EV-CONTRACT-2026-5673
PHO-000740,PHO-003583,EDGE-0011124,EV-CONTRACT-2026-4387
PHO-001025,PHO-002652,EDGE-0011125,EV-CONTRACT-2026-5944
PHO-001404,PHO-000864,EDGE-0011126,EV-CONTRACT-2026-4544
PHO-001869,PHO-001994,EDGE-0011127,EV-CONTRACT-2026-4823
PHO-004518,PHO-002381,EDGE-0011128,EV-CONTRACT-2026-6545
PHO-002797,PHO-002904,EDGE-0011129,EV-CONTRACT-2026-6279
PHO-001284,PHO-002135,EDGE-0011130,EV-CONTRACT-2026-9850
PHO-000432,PHO-002327,EDGE-0011131,EV-CONTRACT-2026-2632
PHO-001845,PHO-002037,EDGE-0011132,EV-CONTRACT-2026-3221
PHO-002155,PHO-001264,EDGE-0011133,EV-CONTRACT-2026-9916
PHO-000998,PHO-001980,EDGE-0011134,EV-CONTRACT-2026-9273
PHO-003612,PHO-002302,EDGE-0011135,EV-CONTRACT-2026-8274
PHO-004420,PHO-004580,EDGE-0011136,EV-CONTRACT-2026-9204
PHO-003772,PHO-001884,EDGE-0011137,EV-CONTRACT-2026-1802
PHO-003717,PHO-001673,EDGE-0011138,EV-CONTRACT-2026-8441
PHO-001454,PHO-004385,EDGE-0011139,EV-CONTRACT-2026-5094
PHO-004366,PHO-001623,EDGE-0011140,EV-CONTRACT-2026-3049
PHO-004046,PHO-002075,EDGE-0011141,EV-CONTRACT-2026-8107
PHO-000126,PHO-004630,EDGE-0011142,EV-CONTRACT-2026-3616
PHO-001217,PHO-004525,EDGE-0011143,EV-CONTRACT-2026-4855
PHO-000149,PHO-000168,EDGE-0011144,EV-CONTRACT-2026-4579
PHO-002869,PHO-001374,EDGE-0011145,EV-CONTRACT-2026-8125
PHO-003415,PHO-002273,EDGE-0011146,EV-CONTRACT-2026-2814
PHO-003053,PHO-002757,EDGE-0011147,EV-CONTRACT-2026-6869
PHO-001222,PHO-002701,EDGE-0011148,EV-CONTRACT-2026-9153
PHO-003475,PHO-004927,EDGE-0011149,EV-CONTRACT-2026-8665
PHO-004891,PHO-000950,EDGE-0011150,EV-CONTRACT-2026-2219
PHO-004355,PHO-004065,EDGE-0011151,EV-CONTRACT-2026-8408
PHO-002251,PHO-003039,EDGE-0011152,EV-CONTRACT-2026-5065
PHO-003282,PHO-003832,EDGE-0011153,EV-CONTRACT-2026-7678
PHO-000670,PHO-001241,EDGE-0011154,EV-CONTRACT-2026-9919
PHO-004563,PHO-000403,EDGE-0011155,EV-CONTRACT-2026-4053
PHO-001309,PHO-004236,EDGE-0011156,EV-CONTRACT-2026-2846
PHO-004976,PHO-002853,EDGE-0011157,EV-CONTRACT-2026-8056
PHO-004217,PHO-004770,EDGE-0011158,EV-CONTRACT-2026-2140
PHO-000762,PHO-003009,EDGE-0011159,EV-CONTRACT-2026-2565
PHO-003806,PHO-003775,EDGE-0011160,EV-CONTRACT-2026-5159
PHO-004123,PHO-001962,EDGE-0011161,EV-CONTRACT-2026-8247
PHO-000923,PHO-000791,EDGE-0011162,EV-CONTRACT-2026-3850
PHO-000404,PHO-001957,EDGE-0011163,EV-CONTRACT-2026-8085
PHO-000163,PHO-004231,EDGE-0011164,EV-CONTRACT-2026-5138
PHO-000619,PHO-003653,EDGE-0011165,EV-CONTRACT-2026-8595
PHO-002163,PHO-001505,EDGE-0011166,EV-CONTRACT-2026-3228
PHO-000770,PHO-000483,EDGE-0011167,EV-CONTRACT-2026-7313
PHO-004295,PHO-001770,EDGE-0011168,EV-CONTRACT-2026-7309
PHO-003191,PHO-004865,EDGE-0011169,EV-CONTRACT-2026-4236
PHO-004719,PHO-000764,EDGE-0011170,EV-CONTRACT-2026-9639
PHO-003935,PHO-003115,EDGE-0011171,EV-CONTRACT-2026-8616
PHO-001789,PHO-002887,EDGE-0011172,EV-CONTRACT-2026-8472
PHO-002451,PHO-002582,EDGE-0011173,EV-CONTRACT-2026-6354
PHO-002014,PHO-003651,EDGE-0011174,EV-CONTRACT-2026-5235
PHO-000759,PHO-004404,EDGE-0011175,EV-CONTRACT-2026-7995
PHO-003366,PHO-000845,EDGE-0011176,EV-CONTRACT-2026-5872
PHO-002713,PHO-004691,EDGE-0011177,EV-CONTRACT-2026-7437
PHO-000481,PHO-001812,EDGE-0011178,EV-CONTRACT-2026-2444
PHO-002692,PHO-001310,EDGE-0011179,EV-CONTRACT-2026-3047
PHO-000343,PHO-002120,EDGE-0011180,EV-CONTRACT-2026-5072
PHO-002250,PHO-003230,EDGE-0011181,EV-CONTRACT-2026-8941
PHO-003539,PHO-003121,EDGE-0011182,EV-CONTRACT-2026-6865
PHO-000439,PHO-002203,EDGE-0011183,EV-CONTRACT-2026-5560
PHO-002560,PHO-002235,EDGE-0011184,EV-CONTRACT-2026-4511
PHO-003406,PHO-003758,EDGE-0011185,EV-CONTRACT-2026-1715
PHO-003288,PHO-004419,EDGE-0011186,EV-CONTRACT-2026-8806
PHO-001728,PHO-003999,EDGE-0011187,EV-CONTRACT-2026-5877
PHO-000567,PHO-000242,EDGE-0011188,EV-CONTRACT-2026-7359
PHO-003387,PHO-003159,EDGE-0011189,EV-CONTRACT-2026-8852
PHO-001364,PHO-001702,EDGE-0011190,EV-CONTRACT-2026-3154
PHO-001944,PHO-001045,EDGE-0011191,EV-CONTRACT-2026-3524
PHO-004773,PHO-002704,EDGE-0011192,EV-CONTRACT-2026-4101
PHO-000635,PHO-000534,EDGE-0011193,EV-CONTRACT-2026-5018
PHO-003651,PHO-002154,EDGE-0011194,EV-CONTRACT-2026-6100
PHO-002366,PHO-000017,EDGE-0011195,EV-CONTRACT-2026-7522
PHO-001156,PHO-001277,EDGE-0011196,EV-CONTRACT-2026-9152
PHO-000096,PHO-003282,EDGE-0011197,EV-CONTRACT-2026-1752
PHO-003115,PHO-000782,EDGE-0011198,EV-CONTRACT-2026-3645
PHO-003935,PHO-002839,EDGE-0011199,EV-CONTRACT-2026-5803
PHO-003839,PHO-000502,EDGE-0011200,EV-CONTRACT-2026-8824
PHO-003155,PHO-004079,EDGE-0011201,EV-CONTRACT-2026-3167
PHO-000690,PHO-004467,EDGE-0011202,EV-CONTRACT-2026-6937
PHO-002322,PHO-000223,EDGE-0011203,EV-CONTRACT-2026-9996
PHO-003383,PHO-002498,EDGE-0011204,EV-CONTRACT-2026-8000
PHO-000066,PHO-002477,EDGE-0011205,EV-CONTRACT-2026-5539
PHO-003844,PHO-004693,EDGE-0011206,EV-CONTRACT-2026-9294
PHO-000554,PHO-000209,EDGE-0011207,EV-CONTRACT-2026-7975
PHO-001320,PHO-000715,EDGE-0011208,EV-CONTRACT-2026-8639
PHO-004102,PHO-004931,EDGE-0011209,EV-CONTRACT-2026-7499
PHO-003523,PHO-002911,EDGE-0011210,EV-CONTRACT-2026-9860
PHO-000605,PHO-001583,EDGE-0011211,EV-CONTRACT-2026-6710
PHO-000699,PHO-001786,EDGE-0011212,EV-CONTRACT-2026-4856
PHO-001088,PHO-000718,EDGE-0011213,EV-CONTRACT-2026-8204
PHO-003932,PHO-001149,EDGE-0011214,EV-CONTRACT-2026-3703
PHO-000385,PHO-000523,EDGE-0011215,EV-CONTRACT-2026-2903
PHO-000628,PHO-001568,EDGE-0011216,EV-CONTRACT-2026-1400
PHO-001693,PHO-002885,EDGE-0011217,EV-CONTRACT-2026-7971
PHO-004716,PHO-001249,EDGE-0011218,EV-CONTRACT-2026-6708
PHO-004029,PHO-001244,EDGE-0011219,EV-CONTRACT-2026-6301
PHO-002535,PHO-003751,EDGE-0011220,EV-CONTRACT-2026-3554
PHO-003507,PHO-000952,EDGE-0011221,EV-CONTRACT-2026-8791
PHO-004645,PHO-004033,EDGE-0011222,EV-CONTRACT-2026-3433
PHO-001952,PHO-002035,EDGE-0011223,EV-CONTRACT-2026-6169
PHO-001707,PHO-002696,EDGE-0011224,EV-CONTRACT-2026-1995
PHO-004540,PHO-001780,EDGE-0011225,EV-CONTRACT-2026-9631
PHO-004106,PHO-001525,EDGE-0011226,EV-CONTRACT-2026-8177
PHO-003237,PHO-000605,EDGE-0011227,EV-CONTRACT-2026-6283
PHO-003943,PHO-002850,EDGE-0011228,EV-CONTRACT-2026-9002
PHO-002108,PHO-003227,EDGE-0011229,EV-CONTRACT-2026-2077
PHO-002863,PHO-003540,EDGE-0011230,EV-CONTRACT-2026-2933
PHO-003509,PHO-001251,EDGE-0011231,EV-CONTRACT-2026-8546
PHO-004945,PHO-004738,EDGE-0011232,EV-CONTRACT-2026-9387
PHO-003071,PHO-001959,EDGE-0011233,EV-CONTRACT-2026-3452
PHO-003068,PHO-003286,EDGE-0011234,EV-CONTRACT-2026-3596
PHO-004708,PHO-002943,EDGE-0011235,EV-CONTRACT-2026-4708
PHO-002534,PHO-004068,EDGE-0011236,EV-CONTRACT-2026-3169
PHO-001700,PHO-002780,EDGE-0011237,EV-CONTRACT-2026-4518
PHO-000606,PHO-001035,EDGE-0011238,EV-CONTRACT-2026-5465
PHO-003320,PHO-004084,EDGE-0011239,EV-CONTRACT-2026-9391
PHO-004623,PHO-000864,EDGE-0011240,EV-CONTRACT-2026-9824
PHO-002602,PHO-003888,EDGE-0011241,EV-CONTRACT-2026-6302
PHO-004700,PHO-000872,EDGE-0011242,EV-CONTRACT-2026-5284
PHO-000681,PHO-000157,EDGE-0011243,EV-CONTRACT-2026-2354
PHO-000851,PHO-002087,EDGE-0011244,EV-CONTRACT-2026-7566
PHO-002255,PHO-003411,EDGE-0011245,EV-CONTRACT-2026-8864
PHO-001772,PHO-001587,EDGE-0011246,EV-CONTRACT-2026-6937
PHO-001743,PHO-000870,EDGE-0011247,EV-CONTRACT-2026-7737
PHO-004708,PHO-001990,EDGE-0011248,EV-CONTRACT-2026-4643
PHO-001025,PHO-001404,EDGE-0011249,EV-CONTRACT-2026-2892
PHO-003330,PHO-000979,EDGE-0011250,EV-CONTRACT-2026-3740
PHO-003127,PHO-000134,EDGE-0011251,EV-CONTRACT-2026-6150
PHO-002713,PHO-004290,EDGE-0011252,EV-CONTRACT-2026-9119
PHO-002941,PHO-004445,EDGE-0011253,EV-CONTRACT-2026-7490
PHO-004863,PHO-004699,EDGE-0011254,EV-CONTRACT-2026-4469
PHO-004061,PHO-000982,EDGE-0011255,EV-CONTRACT-2026-6017
PHO-002603,PHO-002411,EDGE-0011256,EV-CONTRACT-2026-9558
PHO-002335,PHO-004909,EDGE-0011257,EV-CONTRACT-2026-1171
PHO-004407,PHO-004248,EDGE-0011258,EV-CONTRACT-2026-9000
PHO-001162,PHO-001567,EDGE-0011259,EV-CONTRACT-2026-2962
PHO-001764,PHO-004247,EDGE-0011260,EV-CONTRACT-2026-4595
PHO-004089,PHO-003938,EDGE-0011261,EV-CONTRACT-2026-5329
PHO-004472,PHO-003608,EDGE-0011262,EV-CONTRACT-2026-1562
PHO-001971,PHO-004487,EDGE-0011263,EV-CONTRACT-2026-7706
PHO-003387,PHO-001183,EDGE-0011264,EV-CONTRACT-2026-1256
PHO-003437,PHO-002477,EDGE-0011265,EV-CONTRACT-2026-6035
PHO-000452,PHO-003200,EDGE-0011266,EV-CONTRACT-2026-6324
PHO-002539,PHO-001171,EDGE-0011267,EV-CONTRACT-2026-9647
PHO-002153,PHO-003905,EDGE-0011268,EV-CONTRACT-2026-5326
PHO-000530,PHO-001306,EDGE-0011269,EV-CONTRACT-2026-3988
PHO-004982,PHO-000052,EDGE-0011270,EV-CONTRACT-2026-4444
PHO-001269,PHO-001126,EDGE-0011271,EV-CONTRACT-2026-1810
PHO-000188,PHO-003493,EDGE-0011272,EV-CONTRACT-2026-1880
PHO-002427,PHO-000186,EDGE-0011273,EV-CONTRACT-2026-2995
PHO-002506,PHO-002992,EDGE-0011274,EV-CONTRACT-2026-4653
PHO-002958,PHO-003502,EDGE-0011275,EV-CONTRACT-2026-4911
PHO-001169,PHO-003446,EDGE-0011276,EV-CONTRACT-2026-1525
PHO-002003,PHO-000177,EDGE-0011277,EV-CONTRACT-2026-7219
PHO-002063,PHO-004436,EDGE-0011278,EV-CONTRACT-2026-8167
PHO-004847,PHO-000530,EDGE-0011279,EV-CONTRACT-2026-6534
PHO-001207,PHO-001326,EDGE-0011280,EV-CONTRACT-2026-8473
PHO-002046,PHO-002023,EDGE-0011281,EV-CONTRACT-2026-7094
PHO-000408,PHO-000445,EDGE-0011282,EV-CONTRACT-2026-9882
PHO-002436,PHO-004567,EDGE-0011283,EV-CONTRACT-2026-2608
PHO-003233,PHO-002087,EDGE-0011284,EV-CONTRACT-2026-9904
PHO-001864,PHO-002645,EDGE-0011285,EV-CONTRACT-2026-4411
PHO-004181,PHO-001472,EDGE-0011286,EV-CONTRACT-2026-4794
PHO-003358,PHO-000736,EDGE-0011287,EV-CONTRACT-2026-1527
PHO-000624,PHO-002289,EDGE-0011288,EV-CONTRACT-2026-4840
PHO-004143,PHO-002661,EDGE-0011289,EV-CONTRACT-2026-6292
PHO-003758,PHO-001704,EDGE-0011290,EV-CONTRACT-2026-6520
PHO-001511,PHO-001192,EDGE-0011291,EV-CONTRACT-2026-5113
PHO-003448,PHO-002591,EDGE-0011292,EV-CONTRACT-2026-4766
PHO-003646,PHO-001197,EDGE-0011293,EV-CONTRACT-2026-5426
PHO-002523,PHO-002625,EDGE-0011294,EV-CONTRACT-2026-2388
PHO-002991,PHO-000893,EDGE-0011295,EV-CONTRACT-2026-2002
PHO-002170,PHO-001801,EDGE-0011296,EV-CONTRACT-2026-2564
PHO-002769,PHO-003328,EDGE-0011297,EV-CONTRACT-2026-9031
PHO-004565,PHO-001989,EDGE-0011298,EV-CONTRACT-2026-8981
PHO-000515,PHO-003731,EDGE-0011299,EV-CONTRACT-2026-9835
PHO-003780,PHO-002389,EDGE-0011300,EV-CONTRACT-2026-7646
PHO-003691,PHO-001436,EDGE-0011301,EV-CONTRACT-2026-1031
PHO-003199,PHO-000534,EDGE-0011302,EV-CONTRACT-2026-9571
PHO-000555,PHO-003723,EDGE-0011303,EV-CONTRACT-2026-3527
PHO-000642,PHO-002374,EDGE-0011304,EV-CONTRACT-2026-6724
PHO-004516,PHO-001799,EDGE-0011305,EV-CONTRACT-2026-8718
PHO-004287,PHO-004340,EDGE-0011306,EV-CONTRACT-2026-4827
PHO-004545,PHO-003977,EDGE-0011307,EV-CONTRACT-2026-2051
PHO-001084,PHO-000909,EDGE-0011308,EV-CONTRACT-2026-5291
PHO-004857,PHO-002555,EDGE-0011309,EV-CONTRACT-2026-3748
PHO-004409,PHO-004757,EDGE-0011310,EV-CONTRACT-2026-4800
PHO-001895,PHO-000748,EDGE-0011311,EV-CONTRACT-2026-4229
PHO-004923,PHO-000833,EDGE-0011312,EV-CONTRACT-2026-8846
PHO-004109,PHO-003135,EDGE-0011313,EV-CONTRACT-2026-8323
PHO-000130,PHO-001823,EDGE-0011314,EV-CONTRACT-2026-4576
PHO-000841,PHO-004304,EDGE-0011315,EV-CONTRACT-2026-9565
PHO-003100,PHO-001389,EDGE-0011316,EV-CONTRACT-2026-4048
PHO-001810,PHO-000074,EDGE-0011317,EV-CONTRACT-2026-6616
PHO-003899,PHO-002173,EDGE-0011318,EV-CONTRACT-2026-3401
PHO-002365,PHO-001471,EDGE-0011319,EV-CONTRACT-2026-9069
PHO-000688,PHO-002258,EDGE-0011320,EV-CONTRACT-2026-4480
PHO-000344,PHO-000495,EDGE-0011321,EV-CONTRACT-2026-3540
PHO-001780,PHO-003218,EDGE-0011322,EV-CONTRACT-2026-3835
PHO-000740,PHO-004847,EDGE-0011323,EV-CONTRACT-2026-3809
PHO-003569,PHO-001870,EDGE-0011324,EV-CONTRACT-2026-7544
PHO-000654,PHO-003263,EDGE-0011325,EV-CONTRACT-2026-4232
PHO-004582,PHO-003657,EDGE-0011326,EV-CONTRACT-2026-7874
PHO-000948,PHO-003473,EDGE-0011327,EV-CONTRACT-2026-3979
PHO-002225,PHO-003271,EDGE-0011328,EV-CONTRACT-2026-1592
PHO-004927,PHO-004540,EDGE-0011329,EV-CONTRACT-2026-6739
PHO-003989,PHO-004013,EDGE-0011330,EV-CONTRACT-2026-6150
PHO-002998,PHO-004567,EDGE-0011331,EV-CONTRACT-2026-8379
PHO-000048,PHO-004662,EDGE-0011332,EV-CONTRACT-2026-4579
PHO-003778,PHO-001923,EDGE-0011333,EV-CONTRACT-2026-9526
PHO-004671,PHO-004484,EDGE-0011334,EV-CONTRACT-2026-9930
PHO-002015,PHO-000130,EDGE-0011335,EV-CONTRACT-2026-1446
PHO-002872,PHO-000284,EDGE-0011336,EV-CONTRACT-2026-1519
PHO-004393,PHO-000658,EDGE-0011337,EV-CONTRACT-2026-2355
PHO-001755,PHO-002253,EDGE-0011338,EV-CONTRACT-2026-4956
PHO-002862,PHO-003434,EDGE-0011339,EV-CONTRACT-2026-1231
PHO-003474,PHO-000093,EDGE-0011340,EV-CONTRACT-2026-3686
PHO-002921,PHO-001785,EDGE-0011341,EV-CONTRACT-2026-1912
PHO-002097,PHO-000854,EDGE-0011342,EV-CONTRACT-2026-2715
PHO-004121,PHO-003211,EDGE-0011343,EV-CONTRACT-2026-3828
PHO-000931,PHO-003179,EDGE-0011344,EV-CONTRACT-2026-2265
PHO-004167,PHO-004946,EDGE-0011345,EV-CONTRACT-2026-5854
PHO-001459,PHO-001454,EDGE-0011346,EV-CONTRACT-2026-8570
PHO-004496,PHO-004890,EDGE-0011347,EV-CONTRACT-2026-6415
PHO-003248,PHO-002196,EDGE-0011348,EV-CONTRACT-2026-8355
PHO-000067,PHO-000955,EDGE-0011349,EV-CONTRACT-2026-6722
PHO-002358,PHO-002313,EDGE-0011350,EV-CONTRACT-2026-2958
PHO-001194,PHO-000579,EDGE-0011351,EV-CONTRACT-2026-3746
PHO-002285,PHO-000074,EDGE-0011352,EV-CONTRACT-2026-7502
PHO-003296,PHO-001815,EDGE-0011353,EV-CONTRACT-2026-6509
PHO-001891,PHO-003566,EDGE-0011354,EV-CONTRACT-2026-2818
PHO-004609,PHO-002847,EDGE-0011355,EV-CONTRACT-2026-7824
PHO-004590,PHO-000829,EDGE-0011356,EV-CONTRACT-2026-3782
PHO-004690,PHO-001314,EDGE-0011357,EV-CONTRACT-2026-2113
PHO-001980,PHO-002065,EDGE-0011358,EV-CONTRACT-2026-7089
PHO-003084,PHO-000299,EDGE-0011359,EV-CONTRACT-2026-4601
PHO-003289,PHO-003034,EDGE-0011360,EV-CONTRACT-2026-9991
PHO-004225,PHO-002499,EDGE-0011361,EV-CONTRACT-2026-6216
PHO-000192,PHO-003807,EDGE-0011362,EV-CONTRACT-2026-9044
PHO-004192,PHO-001809,EDGE-0011363,EV-CONTRACT-2026-7110
PHO-003080,PHO-002548,EDGE-0011364,EV-CONTRACT-2026-4384
PHO-003995,PHO-003971,EDGE-0011365,EV-CONTRACT-2026-6783
PHO-001423,PHO-000749,EDGE-0011366,EV-CONTRACT-2026-6319
PHO-004651,PHO-004903,EDGE-0011367,EV-CONTRACT-2026-1536
PHO-003916,PHO-003675,EDGE-0011368,EV-CONTRACT-2026-2502
PHO-004871,PHO-001940,EDGE-0011369,EV-CONTRACT-2026-2201
PHO-003045,PHO-001338,EDGE-0011370,EV-CONTRACT-2026-3486
PHO-003758,PHO-000782,EDGE-0011371,EV-CONTRACT-2026-5226
PHO-002068,PHO-000552,EDGE-0011372,EV-CONTRACT-2026-6525
PHO-000032,PHO-002471,EDGE-0011373,EV-CONTRACT-2026-7981
PHO-004096,PHO-004821,EDGE-0011374,EV-CONTRACT-2026-7659
PHO-004890,PHO-003143,EDGE-0011375,EV-CONTRACT-2026-6779
PHO-002501,PHO-000487,EDGE-0011376,EV-CONTRACT-2026-1794
PHO-004418,PHO-003121,EDGE-0011377,EV-CONTRACT-2026-5355
PHO-004786,PHO-002249,EDGE-0011378,EV-CONTRACT-2026-7028
PHO-000091,PHO-000516,EDGE-0011379,EV-CONTRACT-2026-5358
PHO-002016,PHO-001724,EDGE-0011380,EV-CONTRACT-2026-1503
PHO-004128,PHO-003444,EDGE-0011381,EV-CONTRACT-2026-3889
PHO-001357,PHO-000565,EDGE-0011382,EV-CONTRACT-2026-8495
PHO-001869,PHO-002876,EDGE-0011383,EV-CONTRACT-2026-6092
PHO-004709,PHO-001918,EDGE-0011384,EV-CONTRACT-2026-6819
PHO-002432,PHO-002723,EDGE-0011385,EV-CONTRACT-2026-2075
PHO-002239,PHO-004533,EDGE-0011386,EV-CONTRACT-2026-3849
PHO-001779,PHO-002793,EDGE-0011387,EV-CONTRACT-2026-1998
PHO-001612,PHO-000778,EDGE-0011388,EV-CONTRACT-2026-1900
PHO-002137,PHO-004851,EDGE-0011389,EV-CONTRACT-2026-5239
PHO-000127,PHO-003356,EDGE-0011390,EV-CONTRACT-2026-4311
PHO-003254,PHO-004506,EDGE-0011391,EV-CONTRACT-2026-3574
PHO-001552,PHO-002349,EDGE-0011392,EV-CONTRACT-2026-5846
PHO-000002,PHO-000046,EDGE-0011393,EV-CONTRACT-2026-2046
PHO-004188,PHO-004082,EDGE-0011394,EV-CONTRACT-2026-2948
PHO-002064,PHO-004536,EDGE-0011395,EV-CONTRACT-2026-6661
PHO-002241,PHO-000066,EDGE-0011396,EV-CONTRACT-2026-4181
PHO-001618,PHO-003469,EDGE-0011397,EV-CONTRACT-2026-1582
PHO-004724,PHO-003666,EDGE-0011398,EV-CONTRACT-2026-1282
PHO-004856,PHO-003931,EDGE-0011399,EV-CONTRACT-2026-1240
PHO-000812,PHO-003266,EDGE-0011400,EV-CONTRACT-2026-1534
PHO-000805,PHO-003952,EDGE-0011401,EV-CONTRACT-2026-1359
PHO-004062,PHO-001465,EDGE-0011402,EV-CONTRACT-2026-8315
PHO-003575,PHO-002254,EDGE-0011403,EV-CONTRACT-2026-3948
PHO-000419,PHO-000855,EDGE-0011404,EV-CONTRACT-2026-3970
PHO-001435,PHO-000671,EDGE-0011405,EV-CONTRACT-2026-1027
PHO-004127,PHO-004339,EDGE-0011406,EV-CONTRACT-2026-3710
PHO-002674,PHO-002639,EDGE-0011407,EV-CONTRACT-2026-2568
PHO-000737,PHO-000523,EDGE-0011408,EV-CONTRACT-2026-5005
PHO-003547,PHO-003573,EDGE-0011409,EV-CONTRACT-2026-8440
PHO-000624,PHO-001708,EDGE-0011410,EV-CONTRACT-2026-3300
PHO-002751,PHO-000303,EDGE-0011411,EV-CONTRACT-2026-4370
PHO-000709,PHO-004411,EDGE-0011412,EV-CONTRACT-2026-8160
PHO-002278,PHO-001674,EDGE-0011413,EV-CONTRACT-2026-8523
PHO-000995,PHO-000040,EDGE-0011414,EV-CONTRACT-2026-2251
PHO-002397,PHO-000163,EDGE-0011415,EV-CONTRACT-2026-8450
PHO-002469,PHO-001067,EDGE-0011416,EV-CONTRACT-2026-6953
PHO-000546,PHO-002873,EDGE-0011417,EV-CONTRACT-2026-4653
PHO-002910,PHO-000692,EDGE-0011418,EV-CONTRACT-2026-8539
PHO-002815,PHO-004879,EDGE-0011419,EV-CONTRACT-2026-7717
PHO-000816,PHO-001743,EDGE-0011420,EV-CONTRACT-2026-9705
PHO-000909,PHO-003797,EDGE-0011421,EV-CONTRACT-2026-6523
PHO-004772,PHO-004661,EDGE-0011422,EV-CONTRACT-2026-4420
PHO-000174,PHO-000532,EDGE-0011423,EV-CONTRACT-2026-7210
PHO-000121,PHO-002520,EDGE-0011424,EV-CONTRACT-2026-5274
PHO-002787,PHO-004073,EDGE-0011425,EV-CONTRACT-2026-2343
PHO-002400,PHO-004631,EDGE-0011426,EV-CONTRACT-2026-2081
PHO-002047,PHO-004248,EDGE-0011427,EV-CONTRACT-2026-4254
PHO-001194,PHO-002762,EDGE-0011428,EV-CONTRACT-2026-2537
PHO-003089,PHO-004932,EDGE-0011429,EV-CONTRACT-2026-9217
PHO-002901,PHO-001473,EDGE-0011430,EV-CONTRACT-2026-6910
PHO-000176,PHO-000367,EDGE-0011431,EV-CONTRACT-2026-5063
PHO-004792,PHO-001288,EDGE-0011432,EV-CONTRACT-2026-5438
PHO-001825,PHO-004504,EDGE-0011433,EV-CONTRACT-2026-7512
PHO-000096,PHO-000762,EDGE-0011434,EV-CONTRACT-2026-8847
PHO-002076,PHO-003835,EDGE-0011435,EV-CONTRACT-2026-3611
PHO-003721,PHO-000380,EDGE-0011436,EV-CONTRACT-2026-8269
PHO-004429,PHO-004506,EDGE-0011437,EV-CONTRACT-2026-5034
PHO-003722,PHO-003669,EDGE-0011438,EV-CONTRACT-2026-7355
PHO-001443,PHO-003441,EDGE-0011439,EV-CONTRACT-2026-8327
PHO-002225,PHO-000135,EDGE-0011440,EV-CONTRACT-2026-7955
PHO-004250,PHO-003005,EDGE-0011441,EV-CONTRACT-2026-8207
PHO-004059,PHO-001429,EDGE-0011442,EV-CONTRACT-2026-7363
PHO-002696,PHO-001204,EDGE-0011443,EV-CONTRACT-2026-8864
PHO-001449,PHO-000509,EDGE-0011444,EV-CONTRACT-2026-6842
PHO-002433,PHO-000901,EDGE-0011445,EV-CONTRACT-2026-4220
PHO-001523,PHO-004089,EDGE-0011446,EV-CONTRACT-2026-4588
PHO-001082,PHO-002773,EDGE-0011447,EV-CONTRACT-2026-2571
PHO-000089,PHO-002823,EDGE-0011448,EV-CONTRACT-2026-3443
PHO-001826,PHO-004854,EDGE-0011449,EV-CONTRACT-2026-8682
PHO-004412,PHO-002156,EDGE-0011450,EV-CONTRACT-2026-1446
PHO-004727,PHO-002467,EDGE-0011451,EV-CONTRACT-2026-9999
PHO-001774,PHO-002205,EDGE-0011452,EV-CONTRACT-2026-3364
PHO-002000,PHO-001024,EDGE-0011453,EV-CONTRACT-2026-4129
PHO-003296,PHO-002830,EDGE-0011454,EV-CONTRACT-2026-8049
PHO-000434,PHO-003424,EDGE-0011455,EV-CONTRACT-2026-8329
PHO-000761,PHO-001677,EDGE-0011456,EV-CONTRACT-2026-9119
PHO-001007,PHO-001084,EDGE-0011457,EV-CONTRACT-2026-4439
PHO-002232,PHO-000991,EDGE-0011458,EV-CONTRACT-2026-2972
PHO-003051,PHO-004508,EDGE-0011459,EV-CONTRACT-2026-5118
PHO-001610,PHO-002050,EDGE-0011460,EV-CONTRACT-2026-8249
PHO-000713,PHO-004954,EDGE-0011461,EV-CONTRACT-2026-6176
PHO-000448,PHO-000310,EDGE-0011462,EV-CONTRACT-2026-4067
PHO-002251,PHO-001018,EDGE-0011463,EV-CONTRACT-2026-4540
PHO-000566,PHO-003039,EDGE-0011464,EV-CONTRACT-2026-7010
PHO-001001,PHO-001568,EDGE-0011465,EV-CONTRACT-2026-4087
PHO-000929,PHO-002454,EDGE-0011466,EV-CONTRACT-2026-9444
PHO-003069,PHO-004553,EDGE-0011467,EV-CONTRACT-2026-8297
PHO-003363,PHO-001527,EDGE-0011468,EV-CONTRACT-2026-5063
PHO-001245,PHO-001994,EDGE-0011469,EV-CONTRACT-2026-1066
PHO-000074,PHO-001196,EDGE-0011470,EV-CONTRACT-2026-2575
PHO-003409,PHO-001579,EDGE-0011471,EV-CONTRACT-2026-6854
PHO-004722,PHO-000783,EDGE-0011472,EV-CONTRACT-2026-2535
PHO-001626,PHO-002633,EDGE-0011473,EV-CONTRACT-2026-8542
PHO-002677,PHO-004508,EDGE-0011474,EV-CONTRACT-2026-4493
PHO-004271,PHO-003135,EDGE-0011475,EV-CONTRACT-2026-5991
PHO-002041,PHO-002214,EDGE-0011476,EV-CONTRACT-2026-5234
PHO-000902,PHO-000599,EDGE-0011477,EV-CONTRACT-2026-4891
PHO-001948,PHO-002884,EDGE-0011478,EV-CONTRACT-2026-4701
PHO-001123,PHO-004462,EDGE-0011479,EV-CONTRACT-2026-6235
PHO-001461,PHO-001963,EDGE-0011480,EV-CONTRACT-2026-4760
PHO-002583,PHO-003351,EDGE-0011481,EV-CONTRACT-2026-7568
PHO-003514,PHO-000791,EDGE-0011482,EV-CONTRACT-2026-4281
PHO-000873,PHO-000656,EDGE-0011483,EV-CONTRACT-2026-8020
PHO-000976,PHO-000715,EDGE-0011484,EV-CONTRACT-2026-8280
PHO-001369,PHO-004385,EDGE-0011485,EV-CONTRACT-2026-5935
PHO-002415,PHO-003052,EDGE-0011486,EV-CONTRACT-2026-9723
PHO-003382,PHO-004152,EDGE-0011487,EV-CONTRACT-2026-1950
PHO-002478,PHO-004443,EDGE-0011488,EV-CONTRACT-2026-4667
PHO-000283,PHO-002423,EDGE-0011489,EV-CONTRACT-2026-4399
PHO-004478,PHO-000889,EDGE-0011490,EV-CONTRACT-2026-1216
PHO-001697,PHO-002493,EDGE-0011491,EV-CONTRACT-2026-2587
PHO-004723,PHO-003492,EDGE-0011492,EV-CONTRACT-2026-4924
PHO-002820,PHO-003151,EDGE-0011493,EV-CONTRACT-2026-3109
PHO-002226,PHO-003913,EDGE-0011494,EV-CONTRACT-2026-2878
PHO-000592,PHO-004486,EDGE-0011495,EV-CONTRACT-2026-4166
PHO-002948,PHO-003026,EDGE-0011496,EV-CONTRACT-2026-4819
PHO-003449,PHO-001879,EDGE-0011497,EV-CONTRACT-2026-6813
PHO-001572,PHO-000750,EDGE-0011498,EV-CONTRACT-2026-7621
PHO-003533,PHO-000079,EDGE-0011499,EV-CONTRACT-2026-6180
PHO-002509,PHO-004506,EDGE-0011500,EV-CONTRACT-2026-4033
PHO-004769,PHO-005000,EDGE-0011501,EV-CONTRACT-2026-2684
PHO-002107,PHO-000749,EDGE-0011502,EV-CONTRACT-2026-5639
PHO-002774,PHO-003237,EDGE-0011503,EV-CONTRACT-2026-4366
PHO-003950,PHO-001552,EDGE-0011504,EV-CONTRACT-2026-8065
PHO-001910,PHO-003004,EDGE-0011505,EV-CONTRACT-2026-9247
PHO-001525,PHO-004886,EDGE-0011506,EV-CONTRACT-2026-6656
PHO-002325,PHO-002067,EDGE-0011507,EV-CONTRACT-2026-8782
PHO-001399,PHO-001495,EDGE-0011508,EV-CONTRACT-2026-2271
PHO-002131,PHO-002528,EDGE-0011509,EV-CONTRACT-2026-9465
PHO-000802,PHO-000250,EDGE-0011510,EV-CONTRACT-2026-7977
PHO-003555,PHO-001812,EDGE-0011511,EV-CONTRACT-2026-1583
PHO-003767,PHO-001667,EDGE-0011512,EV-CONTRACT-2026-3606
PHO-003638,PHO-001528,EDGE-0011513,EV-CONTRACT-2026-6486
PHO-001729,PHO-004646,EDGE-0011514,EV-CONTRACT-2026-1249
PHO-003222,PHO-002793,EDGE-0011515,EV-CONTRACT-2026-3784
PHO-004428,PHO-002049,EDGE-0011516,EV-CONTRACT-2026-3725
PHO-003624,PHO-002081,EDGE-0011517,EV-CONTRACT-2026-6691
PHO-004530,PHO-000452,EDGE-0011518,EV-CONTRACT-2026-8515
PHO-001697,PHO-003097,EDGE-0011519,EV-CONTRACT-2026-8015
PHO-003652,PHO-002953,EDGE-0011520,EV-CONTRACT-2026-4553
PHO-001297,PHO-001583,EDGE-0011521,EV-CONTRACT-2026-8684
PHO-004939,PHO-001977,EDGE-0011522,EV-CONTRACT-2026-1245
PHO-001881,PHO-003100,EDGE-0011523,EV-CONTRACT-2026-7829
PHO-000815,PHO-002291,EDGE-0011524,EV-CONTRACT-2026-8005
PHO-003911,PHO-000771,EDGE-0011525,EV-CONTRACT-2026-4526
PHO-002466,PHO-001469,EDGE-0011526,EV-CONTRACT-2026-2202
PHO-001049,PHO-002134,EDGE-0011527,EV-CONTRACT-2026-3011
PHO-001872,PHO-001411,EDGE-0011528,EV-CONTRACT-2026-5432
PHO-002170,PHO-004763,EDGE-0011529,EV-CONTRACT-2026-9105
PHO-002536,PHO-003820,EDGE-0011530,EV-CONTRACT-2026-6736
PHO-000912,PHO-001855,EDGE-0011531,EV-CONTRACT-2026-8294
PHO-000921,PHO-001447,EDGE-0011532,EV-CONTRACT-2026-8522
PHO-004870,PHO-004262,EDGE-0011533,EV-CONTRACT-2026-5022
PHO-002164,PHO-003961,EDGE-0011534,EV-CONTRACT-2026-5977
PHO-000896,PHO-000180,EDGE-0011535,EV-CONTRACT-2026-6696
PHO-000707,PHO-004354,EDGE-0011536,EV-CONTRACT-2026-3329
PHO-004090,PHO-002823,EDGE-0011537,EV-CONTRACT-2026-1328
PHO-004728,PHO-001214,EDGE-0011538,EV-CONTRACT-2026-8346
PHO-002018,PHO-002943,EDGE-0011539,EV-CONTRACT-2026-7724
PHO-002311,PHO-001243,EDGE-0011540,EV-CONTRACT-2026-3627
PHO-001559,PHO-004486,EDGE-0011541,EV-CONTRACT-2026-3333
PHO-004680,PHO-004529,EDGE-0011542,EV-CONTRACT-2026-3203
PHO-002157,PHO-004382,EDGE-0011543,EV-CONTRACT-2026-8462
PHO-004321,PHO-002677,EDGE-0011544,EV-CONTRACT-2026-5976
PHO-002620,PHO-002291,EDGE-0011545,EV-CONTRACT-2026-8888
PHO-004539,PHO-001826,EDGE-0011546,EV-CONTRACT-2026-9911
PHO-001127,PHO-003400,EDGE-0011547,EV-CONTRACT-2026-4776
PHO-004789,PHO-003270,EDGE-0011548,EV-CONTRACT-2026-9695
PHO-001270,PHO-002162,EDGE-0011549,EV-CONTRACT-2026-5441
PHO-000915,PHO-000712,EDGE-0011550,EV-CONTRACT-2026-7860
PHO-000809,PHO-001972,EDGE-0011551,EV-CONTRACT-2026-7850
PHO-003173,PHO-002601,EDGE-0011552,EV-CONTRACT-2026-3172
PHO-001937,PHO-003914,EDGE-0011553,EV-CONTRACT-2026-2851
PHO-004683,PHO-003845,EDGE-0011554,EV-CONTRACT-2026-2495
PHO-003350,PHO-001005,EDGE-0011555,EV-CONTRACT-2026-9357
PHO-000369,PHO-000126,EDGE-0011556,EV-CONTRACT-2026-8068
PHO-001136,PHO-004441,EDGE-0011557,EV-CONTRACT-2026-4735
PHO-003395,PHO-002863,EDGE-0011558,EV-CONTRACT-2026-2698
PHO-001049,PHO-003263,EDGE-0011559,EV-CONTRACT-2026-5485
PHO-004913,PHO-002721,EDGE-0011560,EV-CONTRACT-2026-2200
PHO-000990,PHO-001252,EDGE-0011561,EV-CONTRACT-2026-9399
PHO-001629,PHO-002367,EDGE-0011562,EV-CONTRACT-2026-8423
PHO-000180,PHO-001483,EDGE-0011563,EV-CONTRACT-2026-5043
PHO-000599,PHO-002851,EDGE-0011564,EV-CONTRACT-2026-4443
PHO-000573,PHO-002572,EDGE-0011565,EV-CONTRACT-2026-2641
PHO-001954,PHO-003318,EDGE-0011566,EV-CONTRACT-2026-1492
PHO-003110,PHO-001888,EDGE-0011567,EV-CONTRACT-2026-7019
PHO-001910,PHO-003913,EDGE-0011568,EV-CONTRACT-2026-2263
PHO-002404,PHO-000533,EDGE-0011569,EV-CONTRACT-2026-2021
PHO-000832,PHO-003723,EDGE-0011570,EV-CONTRACT-2026-8719
PHO-003546,PHO-000164,EDGE-0011571,EV-CONTRACT-2026-3011
PHO-001274,PHO-001168,EDGE-0011572,EV-CONTRACT-2026-4381
PHO-004311,PHO-004956,EDGE-0011573,EV-CONTRACT-2026-3083
PHO-004171,PHO-003207,EDGE-0011574,EV-CONTRACT-2026-4681
PHO-000597,PHO-003741,EDGE-0011575,EV-CONTRACT-2026-2073
PHO-001385,PHO-003859,EDGE-0011576,EV-CONTRACT-2026-6132
PHO-003663,PHO-000119,EDGE-0011577,EV-CONTRACT-2026-2195
PHO-001009,PHO-000612,EDGE-0011578,EV-CONTRACT-2026-2883
PHO-004429,PHO-002751,EDGE-0011579,EV-CONTRACT-2026-8432
PHO-003692,PHO-004878,EDGE-0011580,EV-CONTRACT-2026-2592
PHO-001525,PHO-004969,EDGE-0011581,EV-CONTRACT-2026-1325
PHO-000485,PHO-000361,EDGE-0011582,EV-CONTRACT-2026-8825
PHO-004018,PHO-003098,EDGE-0011583,EV-CONTRACT-2026-4528
PHO-004798,PHO-002570,EDGE-0011584,EV-CONTRACT-2026-3619
PHO-000258,PHO-001165,EDGE-0011585,EV-CONTRACT-2026-4139
PHO-000519,PHO-002955,EDGE-0011586,EV-CONTRACT-2026-8945
PHO-002190,PHO-001457,EDGE-0011587,EV-CONTRACT-2026-8590
PHO-002952,PHO-001996,EDGE-0011588,EV-CONTRACT-2026-3407
PHO-003647,PHO-001046,EDGE-0011589,EV-CONTRACT-2026-6014
PHO-004973,PHO-004357,EDGE-0011590,EV-CONTRACT-2026-3093
PHO-004440,PHO-001185,EDGE-0011591,EV-CONTRACT-2026-7068
PHO-001654,PHO-004428,EDGE-0011592,EV-CONTRACT-2026-7497
PHO-001024,PHO-002646,EDGE-0011593,EV-CONTRACT-2026-6414
PHO-003700,PHO-001383,EDGE-0011594,EV-CONTRACT-2026-8458
PHO-004281,PHO-004125,EDGE-0011595,EV-CONTRACT-2026-9958
PHO-001699,PHO-004679,EDGE-0011596,EV-CONTRACT-2026-7040
PHO-003537,PHO-001074,EDGE-0011597,EV-CONTRACT-2026-5586
PHO-001169,PHO-004042,EDGE-0011598,EV-CONTRACT-2026-2345
PHO-002612,PHO-001711,EDGE-0011599,EV-CONTRACT-2026-6719
PHO-002081,PHO-002762,EDGE-0011600,EV-CONTRACT-2026-7630
PHO-003972,PHO-001531,EDGE-0011601,EV-CONTRACT-2026-4191
PHO-001286,PHO-000113,EDGE-0011602,EV-CONTRACT-2026-7620
PHO-003011,PHO-003582,EDGE-0011603,EV-CONTRACT-2026-4299
PHO-004252,PHO-002600,EDGE-0011604,EV-CONTRACT-2026-5607
PHO-001184,PHO-002597,EDGE-0011605,EV-CONTRACT-2026-9807
PHO-001724,PHO-003191,EDGE-0011606,EV-CONTRACT-2026-9391
PHO-004224,PHO-004152,EDGE-0011607,EV-CONTRACT-2026-9577
PHO-003102,PHO-002960,EDGE-0011608,EV-CONTRACT-2026-4166
PHO-000870,PHO-001968,EDGE-0011609,EV-CONTRACT-2026-8907
PHO-001825,PHO-003538,EDGE-0011610,EV-CONTRACT-2026-7548
PHO-004754,PHO-001372,EDGE-0011611,EV-CONTRACT-2026-1446
PHO-000051,PHO-000454,EDGE-0011612,EV-CONTRACT-2026-6284
PHO-003957,PHO-002661,EDGE-0011613,EV-CONTRACT-2026-8920
PHO-004583,PHO-001468,EDGE-0011614,EV-CONTRACT-2026-6676
PHO-000392,PHO-001419,EDGE-0011615,EV-CONTRACT-2026-3964
PHO-004621,PHO-004214,EDGE-0011616,EV-CONTRACT-2026-7868
PHO-003710,PHO-002516,EDGE-0011617,EV-CONTRACT-2026-4776
PHO-000035,PHO-001962,EDGE-0011618,EV-CONTRACT-2026-1964
PHO-001769,PHO-000246,EDGE-0011619,EV-CONTRACT-2026-8647
PHO-004915,PHO-000015,EDGE-0011620,EV-CONTRACT-2026-3408
PHO-004352,PHO-002191,EDGE-0011621,EV-CONTRACT-2026-3750
PHO-000087,PHO-001205,EDGE-0011622,EV-CONTRACT-2026-8409
PHO-001149,PHO-000762,EDGE-0011623,EV-CONTRACT-2026-7995
PHO-000222,PHO-003536,EDGE-0011624,EV-CONTRACT-2026-2316
PHO-003055,PHO-001171,EDGE-0011625,EV-CONTRACT-2026-3608
PHO-004445,PHO-002616,EDGE-0011626,EV-CONTRACT-2026-1206
PHO-001199,PHO-004413,EDGE-0011627,EV-CONTRACT-2026-8424
PHO-000376,PHO-004576,EDGE-0011628,EV-CONTRACT-2026-4927
PHO-004580,PHO-004829,EDGE-0011629,EV-CONTRACT-2026-1985
PHO-000124,PHO-003437,EDGE-0011630,EV-CONTRACT-2026-1990
PHO-004152,PHO-000526,EDGE-0011631,EV-CONTRACT-2026-4112
PHO-003254,PHO-001708,EDGE-0011632,EV-CONTRACT-2026-1960
PHO-002663,PHO-000028,EDGE-0011633,EV-CONTRACT-2026-8898
PHO-001199,PHO-002656,EDGE-0011634,EV-CONTRACT-2026-2898
PHO-001299,PHO-002053,EDGE-0011635,EV-CONTRACT-2026-2593
PHO-002528,PHO-003142,EDGE-0011636,EV-CONTRACT-2026-3010
PHO-002609,PHO-003254,EDGE-0011637,EV-CONTRACT-2026-4822
PHO-003442,PHO-002395,EDGE-0011638,EV-CONTRACT-2026-7915
PHO-004633,PHO-001247,EDGE-0011639,EV-CONTRACT-2026-6382
PHO-000767,PHO-004261,EDGE-0011640,EV-CONTRACT-2026-8881
PHO-004233,PHO-000983,EDGE-0011641,EV-CONTRACT-2026-3929
PHO-004734,PHO-003360,EDGE-0011642,EV-CONTRACT-2026-8489
PHO-004255,PHO-002301,EDGE-0011643,EV-CONTRACT-2026-7497
PHO-003200,PHO-003735,EDGE-0011644,EV-CONTRACT-2026-4773
PHO-000650,PHO-004682,EDGE-0011645,EV-CONTRACT-2026-3406
PHO-004218,PHO-003566,EDGE-0011646,EV-CONTRACT-2026-3784
PHO-001447,PHO-004765,EDGE-0011647,EV-CONTRACT-2026-3682
PHO-000784,PHO-002007,EDGE-0011648,EV-CONTRACT-2026-8767
PHO-001714,PHO-003648,EDGE-0011649,EV-CONTRACT-2026-1363
PHO-001075,PHO-004113,EDGE-0011650,EV-CONTRACT-2026-8625
PHO-003217,PHO-000647,EDGE-0011651,EV-CONTRACT-2026-4994
PHO-004268,PHO-001682,EDGE-0011652,EV-CONTRACT-2026-3762
PHO-002540,PHO-002175,EDGE-0011653,EV-CONTRACT-2026-8658
PHO-003481,PHO-001167,EDGE-0011654,EV-CONTRACT-2026-7269
PHO-000798,PHO-001260,EDGE-0011655,EV-CONTRACT-2026-8598
PHO-000584,PHO-003289,EDGE-0011656,EV-CONTRACT-2026-5837
PHO-002998,PHO-000827,EDGE-0011657,EV-CONTRACT-2026-7033
PHO-000290,PHO-001305,EDGE-0011658,EV-CONTRACT-2026-2651
PHO-004478,PHO-003814,EDGE-0011659,EV-CONTRACT-2026-5346
PHO-004758,PHO-000437,EDGE-0011660,EV-CONTRACT-2026-9533
PHO-004987,PHO-001543,EDGE-0011661,EV-CONTRACT-2026-9070
PHO-004014,PHO-000759,EDGE-0011662,EV-CONTRACT-2026-9212
PHO-000764,PHO-002614,EDGE-0011663,EV-CONTRACT-2026-7770
PHO-003750,PHO-001724,EDGE-0011664,EV-CONTRACT-2026-8961
PHO-001557,PHO-000112,EDGE-0011665,EV-CONTRACT-2026-3231
PHO-003781,PHO-002077,EDGE-0011666,EV-CONTRACT-2026-1611
PHO-003266,PHO-001490,EDGE-0011667,EV-CONTRACT-2026-4217
PHO-002305,PHO-003533,EDGE-0011668,EV-CONTRACT-2026-6477
PHO-003277,PHO-000105,EDGE-0011669,EV-CONTRACT-2026-8988
PHO-002875,PHO-002740,EDGE-0011670,EV-CONTRACT-2026-6741
PHO-003940,PHO-004273,EDGE-0011671,EV-CONTRACT-2026-3337
PHO-001459,PHO-001534,EDGE-0011672,EV-CONTRACT-2026-6820
PHO-002906,PHO-002376,EDGE-0011673,EV-CONTRACT-2026-1414
PHO-002996,PHO-004373,EDGE-0011674,EV-CONTRACT-2026-2266
PHO-004237,PHO-000697,EDGE-0011675,EV-CONTRACT-2026-9276
PHO-003523,PHO-003982,EDGE-0011676,EV-CONTRACT-2026-6162
PHO-003070,PHO-000479,EDGE-0011677,EV-CONTRACT-2026-1556
PHO-000367,PHO-000429,EDGE-0011678,EV-CONTRACT-2026-3568
PHO-001433,PHO-001571,EDGE-0011679,EV-CONTRACT-2026-3432
PHO-001640,PHO-002056,EDGE-0011680,EV-CONTRACT-2026-8804
PHO-003280,PHO-001782,EDGE-0011681,EV-CONTRACT-2026-3487
PHO-003806,PHO-003120,EDGE-0011682,EV-CONTRACT-2026-2116
PHO-004870,PHO-001367,EDGE-0011683,EV-CONTRACT-2026-9743
PHO-003641,PHO-002519,EDGE-0011684,EV-CONTRACT-2026-5412
PHO-000841,PHO-000248,EDGE-0011685,EV-CONTRACT-2026-2361
PHO-004270,PHO-000553,EDGE-0011686,EV-CONTRACT-2026-2805
PHO-004018,PHO-003695,EDGE-0011687,EV-CONTRACT-2026-8882
PHO-000897,PHO-004768,EDGE-0011688,EV-CONTRACT-2026-8272
PHO-004674,PHO-003115,EDGE-0011689,EV-CONTRACT-2026-7634
PHO-001013,PHO-004132,EDGE-0011690,EV-CONTRACT-2026-6128
PHO-002112,PHO-000215,EDGE-0011691,EV-CONTRACT-2026-6748
PHO-004671,PHO-003369,EDGE-0011692,EV-CONTRACT-2026-6024
PHO-003983,PHO-004861,EDGE-0011693,EV-CONTRACT-2026-3864
PHO-002201,PHO-003735,EDGE-0011694,EV-CONTRACT-2026-3832
PHO-002184,PHO-002164,EDGE-0011695,EV-CONTRACT-2026-7580
PHO-004809,PHO-000395,EDGE-0011696,EV-CONTRACT-2026-4550
PHO-001847,PHO-001258,EDGE-0011697,EV-CONTRACT-2026-6791
PHO-001786,PHO-002019,EDGE-0011698,EV-CONTRACT-2026-9474
PHO-000661,PHO-001370,EDGE-0011699,EV-CONTRACT-2026-5997
PHO-000137,PHO-003554,EDGE-0011700,EV-CONTRACT-2026-3631
PHO-000033,PHO-003898,EDGE-0011701,EV-CONTRACT-2026-8252
PHO-003378,PHO-001515,EDGE-0011702,EV-CONTRACT-2026-8866
PHO-002499,PHO-003633,EDGE-0011703,EV-CONTRACT-2026-6931
PHO-000905,PHO-004120,EDGE-0011704,EV-CONTRACT-2026-9920
PHO-001873,PHO-002976,EDGE-0011705,EV-CONTRACT-2026-9975
PHO-003525,PHO-000883,EDGE-0011706,EV-CONTRACT-2026-6682
PHO-004220,PHO-000863,EDGE-0011707,EV-CONTRACT-2026-6789
PHO-004850,PHO-003525,EDGE-0011708,EV-CONTRACT-2026-1071
PHO-004852,PHO-004931,EDGE-0011709,EV-CONTRACT-2026-4501
PHO-001719,PHO-004094,EDGE-0011710,EV-CONTRACT-2026-4036
PHO-000251,PHO-004934,EDGE-0011711,EV-CONTRACT-2026-7427
PHO-000562,PHO-003126,EDGE-0011712,EV-CONTRACT-2026-3002
PHO-000586,PHO-000347,EDGE-0011713,EV-CONTRACT-2026-8379
PHO-001349,PHO-003120,EDGE-0011714,EV-CONTRACT-2026-2766
PHO-004757,PHO-004660,EDGE-0011715,EV-CONTRACT-2026-8963
PHO-000153,PHO-000770,EDGE-0011716,EV-CONTRACT-2026-2253
PHO-003381,PHO-001032,EDGE-0011717,EV-CONTRACT-2026-5943
PHO-004939,PHO-002298,EDGE-0011718,EV-CONTRACT-2026-9887
PHO-004978,PHO-000206,EDGE-0011719,EV-CONTRACT-2026-7412
PHO-001491,PHO-001076,EDGE-0011720,EV-CONTRACT-2026-7306
PHO-003977,PHO-000604,EDGE-0011721,EV-CONTRACT-2026-7940
PHO-000632,PHO-000021,EDGE-0011722,EV-CONTRACT-2026-4966
PHO-003572,PHO-003561,EDGE-0011723,EV-CONTRACT-2026-6773
PHO-003063,PHO-000531,EDGE-0011724,EV-CONTRACT-2026-5098
PHO-004195,PHO-004004,EDGE-0011725,EV-CONTRACT-2026-2452
PHO-002775,PHO-002818,EDGE-0011726,EV-CONTRACT-2026-6794
PHO-000537,PHO-002409,EDGE-0011727,EV-CONTRACT-2026-1305
PHO-003443,PHO-001660,EDGE-0011728,EV-CONTRACT-2026-2047
PHO-001244,PHO-002993,EDGE-0011729,EV-CONTRACT-2026-7756
PHO-000363,PHO-001835,EDGE-0011730,EV-CONTRACT-2026-8721
PHO-000723,PHO-002493,EDGE-0011731,EV-CONTRACT-2026-7741
PHO-003927,PHO-003115,EDGE-0011732,EV-CONTRACT-2026-7341
PHO-003406,PHO-004250,EDGE-0011733,EV-CONTRACT-2026-2155
PHO-001857,PHO-003945,EDGE-0011734,EV-CONTRACT-2026-5356
PHO-001589,PHO-003833,EDGE-0011735,EV-CONTRACT-2026-2566
PHO-001963,PHO-004876,EDGE-0011736,EV-CONTRACT-2026-5594
PHO-003961,PHO-000999,EDGE-0011737,EV-CONTRACT-2026-3658
PHO-001672,PHO-004052,EDGE-0011738,EV-CONTRACT-2026-1738
PHO-001116,PHO-002741,EDGE-0011739,EV-CONTRACT-2026-1100
PHO-004171,PHO-003789,EDGE-0011740,EV-CONTRACT-2026-2550
PHO-004514,PHO-003908,EDGE-0011741,EV-CONTRACT-2026-2459
PHO-003730,PHO-003434,EDGE-0011742,EV-CONTRACT-2026-1393
PHO-000190,PHO-004275,EDGE-0011743,EV-CONTRACT-2026-6886
PHO-001161,PHO-002673,EDGE-0011744,EV-CONTRACT-2026-8901
PHO-003025,PHO-003212,EDGE-0011745,EV-CONTRACT-2026-3130
PHO-004478,PHO-001035,EDGE-0011746,EV-CONTRACT-2026-8681
PHO-004251,PHO-003952,EDGE-0011747,EV-CONTRACT-2026-7636
PHO-004240,PHO-000796,EDGE-0011748,EV-CONTRACT-2026-9163
PHO-001882,PHO-003040,EDGE-0011749,EV-CONTRACT-2026-4098
PHO-001665,PHO-004896,EDGE-0011750,EV-CONTRACT-2026-9681
PHO-003839,PHO-000332,EDGE-0011751,EV-CONTRACT-2026-7705
PHO-004408,PHO-001427,EDGE-0011752,EV-CONTRACT-2026-2748
PHO-003840,PHO-002522,EDGE-0011753,EV-CONTRACT-2026-6546
PHO-000559,PHO-003093,EDGE-0011754,EV-CONTRACT-2026-7292
PHO-000308,PHO-004918,EDGE-0011755,EV-CONTRACT-2026-3211
PHO-001522,PHO-001381,EDGE-0011756,EV-CONTRACT-2026-5063
PHO-004328,PHO-002685,EDGE-0011757,EV-CONTRACT-2026-9492
PHO-004437,PHO-000692,EDGE-0011758,EV-CONTRACT-2026-8139
PHO-000566,PHO-000053,EDGE-0011759,EV-CONTRACT-2026-5004
PHO-004719,PHO-003595,EDGE-0011760,EV-CONTRACT-2026-4326
PHO-003419,PHO-003272,EDGE-0011761,EV-CONTRACT-2026-3481
PHO-002213,PHO-001899,EDGE-0011762,EV-CONTRACT-2026-5966
PHO-004843,PHO-004035,EDGE-0011763,EV-CONTRACT-2026-5963
PHO-001490,PHO-000193,EDGE-0011764,EV-CONTRACT-2026-2969
PHO-004014,PHO-001920,EDGE-0011765,EV-CONTRACT-2026-8813
PHO-000836,PHO-002410,EDGE-0011766,EV-CONTRACT-2026-5199
PHO-002829,PHO-002359,EDGE-0011767,EV-CONTRACT-2026-4293
PHO-001905,PHO-004597,EDGE-0011768,EV-CONTRACT-2026-1891
PHO-002945,PHO-002516,EDGE-0011769,EV-CONTRACT-2026-1304
PHO-000818,PHO-002533,EDGE-0011770,EV-CONTRACT-2026-8009
PHO-000541,PHO-004638,EDGE-0011771,EV-CONTRACT-2026-8006
PHO-002084,PHO-000638,EDGE-0011772,EV-CONTRACT-2026-4530
PHO-004692,PHO-002928,EDGE-0011773,EV-CONTRACT-2026-9679
PHO-004290,PHO-003593,EDGE-0011774,EV-CONTRACT-2026-4401
PHO-003331,PHO-001238,EDGE-0011775,EV-CONTRACT-2026-3615
PHO-002454,PHO-004724,EDGE-0011776,EV-CONTRACT-2026-7016
PHO-002524,PHO-000438,EDGE-0011777,EV-CONTRACT-2026-4289
PHO-001492,PHO-003878,EDGE-0011778,EV-CONTRACT-2026-1707
PHO-002090,PHO-002592,EDGE-0011779,EV-CONTRACT-2026-4086
PHO-001204,PHO-003999,EDGE-0011780,EV-CONTRACT-2026-8103
PHO-000177,PHO-002674,EDGE-0011781,EV-CONTRACT-2026-1223
PHO-000728,PHO-004923,EDGE-0011782,EV-CONTRACT-2026-3064
PHO-000305,PHO-003379,EDGE-0011783,EV-CONTRACT-2026-8414
PHO-000569,PHO-003857,EDGE-0011784,EV-CONTRACT-2026-3553
PHO-003255,PHO-002872,EDGE-0011785,EV-CONTRACT-2026-3404
PHO-002603,PHO-001292,EDGE-0011786,EV-CONTRACT-2026-9613
PHO-004259,PHO-003385,EDGE-0011787,EV-CONTRACT-2026-5662
PHO-004524,PHO-000934,EDGE-0011788,EV-CONTRACT-2026-4359
PHO-003372,PHO-001564,EDGE-0011789,EV-CONTRACT-2026-6277
PHO-002239,PHO-001650,EDGE-0011790,EV-CONTRACT-2026-9999
PHO-001086,PHO-001743,EDGE-0011791,EV-CONTRACT-2026-3096
PHO-000355,PHO-004645,EDGE-0011792,EV-CONTRACT-2026-5945
PHO-000358,PHO-004408,EDGE-0011793,EV-CONTRACT-2026-1317
PHO-000493,PHO-003204,EDGE-0011794,EV-CONTRACT-2026-2826
PHO-001861,PHO-003246,EDGE-0011795,EV-CONTRACT-2026-2865
PHO-004469,PHO-003236,EDGE-0011796,EV-CONTRACT-2026-1305
PHO-000728,PHO-003897,EDGE-0011797,EV-CONTRACT-2026-7071
PHO-003945,PHO-002151,EDGE-0011798,EV-CONTRACT-2026-5541
PHO-004338,PHO-000947,EDGE-0011799,EV-CONTRACT-2026-1468
PHO-003799,PHO-003004,EDGE-0011800,EV-CONTRACT-2026-5363
PHO-004613,PHO-004886,EDGE-0011801,EV-CONTRACT-2026-2291
PHO-003832,PHO-002277,EDGE-0011802,EV-CONTRACT-2026-8691
PHO-001220,PHO-003630,EDGE-0011803,EV-CONTRACT-2026-4714
PHO-003550,PHO-004597,EDGE-0011804,EV-CONTRACT-2026-1875
PHO-004012,PHO-004442,EDGE-0011805,EV-CONTRACT-2026-9716
PHO-001211,PHO-003941,EDGE-0011806,EV-CONTRACT-2026-2225
PHO-001194,PHO-001383,EDGE-0011807,EV-CONTRACT-2026-9332
PHO-002752,PHO-000274,EDGE-0011808,EV-CONTRACT-2026-5883
PHO-000240,PHO-002745,EDGE-0011809,EV-CONTRACT-2026-9621
PHO-003239,PHO-000017,EDGE-0011810,EV-CONTRACT-2026-5492
PHO-000735,PHO-003002,EDGE-0011811,EV-CONTRACT-2026-8239
PHO-002696,PHO-004771,EDGE-0011812,EV-CONTRACT-2026-1595
PHO-001158,PHO-002361,EDGE-0011813,EV-CONTRACT-2026-4050
PHO-001325,PHO-001730,EDGE-0011814,EV-CONTRACT-2026-1008
PHO-003648,PHO-000184,EDGE-0011815,EV-CONTRACT-2026-4148
PHO-004021,PHO-000159,EDGE-0011816,EV-CONTRACT-2026-5272
PHO-001652,PHO-001794,EDGE-0011817,EV-CONTRACT-2026-9262
PHO-002642,PHO-000942,EDGE-0011818,EV-CONTRACT-2026-6513
PHO-003812,PHO-000715,EDGE-0011819,EV-CONTRACT-2026-8543
PHO-003567,PHO-004704,EDGE-0011820,EV-CONTRACT-2026-4329
PHO-001386,PHO-003648,EDGE-0011821,EV-CONTRACT-2026-7317
PHO-004912,PHO-002110,EDGE-0011822,EV-CONTRACT-2026-9774
PHO-004008,PHO-002325,EDGE-0011823,EV-CONTRACT-2026-4494
PHO-000851,PHO-000093,EDGE-0011824,EV-CONTRACT-2026-6653
PHO-002740,PHO-004440,EDGE-0011825,EV-CONTRACT-2026-4932
PHO-001209,PHO-001091,EDGE-0011826,EV-CONTRACT-2026-3030
PHO-000901,PHO-002246,EDGE-0011827,EV-CONTRACT-2026-1896
PHO-002339,PHO-003876,EDGE-0011828,EV-CONTRACT-2026-2647
PHO-003359,PHO-002385,EDGE-0011829,EV-CONTRACT-2026-6461
PHO-001747,PHO-000801,EDGE-0011830,EV-CONTRACT-2026-2322
PHO-000912,PHO-002248,EDGE-0011831,EV-CONTRACT-2026-6235
PHO-001126,PHO-001886,EDGE-0011832,EV-CONTRACT-2026-4990
PHO-000364,PHO-001687,EDGE-0011833,EV-CONTRACT-2026-3688
PHO-001480,PHO-004599,EDGE-0011834,EV-CONTRACT-2026-7888
PHO-003713,PHO-004907,EDGE-0011835,EV-CONTRACT-2026-9659
PHO-002834,PHO-004172,EDGE-0011836,EV-CONTRACT-2026-5792
PHO-003680,PHO-000130,EDGE-0011837,EV-CONTRACT-2026-9411
PHO-004518,PHO-004911,EDGE-0011838,EV-CONTRACT-2026-3185
PHO-004017,PHO-002693,EDGE-0011839,EV-CONTRACT-2026-2579
PHO-003908,PHO-000687,EDGE-0011840,EV-CONTRACT-2026-6759
PHO-003479,PHO-001377,EDGE-0011841,EV-CONTRACT-2026-7912
PHO-001885,PHO-002845,EDGE-0011842,EV-CONTRACT-2026-8194
PHO-004706,PHO-004029,EDGE-0011843,EV-CONTRACT-2026-5768
PHO-001113,PHO-003569,EDGE-0011844,EV-CONTRACT-2026-5576
PHO-004751,PHO-001749,EDGE-0011845,EV-CONTRACT-2026-5148
PHO-004911,PHO-001661,EDGE-0011846,EV-CONTRACT-2026-6501
PHO-003045,PHO-002216,EDGE-0011847,EV-CONTRACT-2026-3577
PHO-004362,PHO-003859,EDGE-0011848,EV-CONTRACT-2026-9872
PHO-000244,PHO-002136,EDGE-0011849,EV-CONTRACT-2026-4226
PHO-000500,PHO-000347,EDGE-0011850,EV-CONTRACT-2026-3066
PHO-000791,PHO-001883,EDGE-0011851,EV-CONTRACT-2026-1401
PHO-002394,PHO-004203,EDGE-0011852,EV-CONTRACT-2026-2667
PHO-000234,PHO-004057,EDGE-0011853,EV-CONTRACT-2026-9960
PHO-002519,PHO-000163,EDGE-0011854,EV-CONTRACT-2026-1017
PHO-002189,PHO-002240,EDGE-0011855,EV-CONTRACT-2026-6332
PHO-002584,PHO-001425,EDGE-0011856,EV-CONTRACT-2026-5988
PHO-001177,PHO-002602,EDGE-0011857,EV-CONTRACT-2026-1798
PHO-000841,PHO-000291,EDGE-0011858,EV-CONTRACT-2026-6621
PHO-004846,PHO-001378,EDGE-0011859,EV-CONTRACT-2026-9134
PHO-004984,PHO-000669,EDGE-0011860,EV-CONTRACT-2026-4528
PHO-001385,PHO-001539,EDGE-0011861,EV-CONTRACT-2026-1362
PHO-002242,PHO-000092,EDGE-0011862,EV-CONTRACT-2026-6377
PHO-001274,PHO-002841,EDGE-0011863,EV-CONTRACT-2026-1361
PHO-004637,PHO-004845,EDGE-0011864,EV-CONTRACT-2026-3439
PHO-004932,PHO-001024,EDGE-0011865,EV-CONTRACT-2026-1882
PHO-001121,PHO-001056,EDGE-0011866,EV-CONTRACT-2026-4058
PHO-002529,PHO-001102,EDGE-0011867,EV-CONTRACT-2026-1690
PHO-002659,PHO-000923,EDGE-0011868,EV-CONTRACT-2026-9394
PHO-002688,PHO-002355,EDGE-0011869,EV-CONTRACT-2026-9288
PHO-001397,PHO-002557,EDGE-0011870,EV-CONTRACT-2026-6771
PHO-000503,PHO-000655,EDGE-0011871,EV-CONTRACT-2026-4383
PHO-001526,PHO-003507,EDGE-0011872,EV-CONTRACT-2026-5105
PHO-000699,PHO-001230,EDGE-0011873,EV-CONTRACT-2026-5205
PHO-002970,PHO-000254,EDGE-0011874,EV-CONTRACT-2026-5523
PHO-002335,PHO-004136,EDGE-0011875,EV-CONTRACT-2026-9470
PHO-000597,PHO-003478,EDGE-0011876,EV-CONTRACT-2026-4962
PHO-000116,PHO-001225,EDGE-0011877,EV-CONTRACT-2026-6012
PHO-000808,PHO-000671,EDGE-0011878,EV-CONTRACT-2026-9190
PHO-001650,PHO-004890,EDGE-0011879,EV-CONTRACT-2026-3617
PHO-003268,PHO-001288,EDGE-0011880,EV-CONTRACT-2026-6511
PHO-000335,PHO-004368,EDGE-0011881,EV-CONTRACT-2026-9406
PHO-004977,PHO-004042,EDGE-0011882,EV-CONTRACT-2026-8221
PHO-004967,PHO-000195,EDGE-0011883,EV-CONTRACT-2026-9579
PHO-000865,PHO-000184,EDGE-0011884,EV-CONTRACT-2026-6934
PHO-002059,PHO-001360,EDGE-0011885,EV-CONTRACT-2026-3705
PHO-004154,PHO-001487,EDGE-0011886,EV-CONTRACT-2026-1048
PHO-001053,PHO-002446,EDGE-0011887,EV-CONTRACT-2026-9075
PHO-002770,PHO-000047,EDGE-0011888,EV-CONTRACT-2026-4764
PHO-000005,PHO-004700,EDGE-0011889,EV-CONTRACT-2026-3119
PHO-004127,PHO-000354,EDGE-0011890,EV-CONTRACT-2026-8171
PHO-000302,PHO-004840,EDGE-0011891,EV-CONTRACT-2026-6293
PHO-003755,PHO-002005,EDGE-0011892,EV-CONTRACT-2026-6390
PHO-002823,PHO-001864,EDGE-0011893,EV-CONTRACT-2026-2470
PHO-001315,PHO-003326,EDGE-0011894,EV-CONTRACT-2026-6623
PHO-003787,PHO-003660,EDGE-0011895,EV-CONTRACT-2026-5562
PHO-000860,PHO-004042,EDGE-0011896,EV-CONTRACT-2026-7681
PHO-001262,PHO-000413,EDGE-0011897,EV-CONTRACT-2026-4671
PHO-001414,PHO-003956,EDGE-0011898,EV-CONTRACT-2026-8086
PHO-002150,PHO-003346,EDGE-0011899,EV-CONTRACT-2026-5711
PHO-001767,PHO-004864,EDGE-0011900,EV-CONTRACT-2026-4892
PHO-001170,PHO-003649,EDGE-0011901,EV-CONTRACT-2026-6896
PHO-001752,PHO-004559,EDGE-0011902,EV-CONTRACT-2026-1902
PHO-001910,PHO-000329,EDGE-0011903,EV-CONTRACT-2026-5070
PHO-004001,PHO-000118,EDGE-0011904,EV-CONTRACT-2026-9256
PHO-000197,PHO-000435,EDGE-0011905,EV-CONTRACT-2026-5818
PHO-001738,PHO-000060,EDGE-0011906,EV-CONTRACT-2026-1360
PHO-002641,PHO-002531,EDGE-0011907,EV-CONTRACT-2026-1848
PHO-001747,PHO-003691,EDGE-0011908,EV-CONTRACT-2026-8605
PHO-003827,PHO-002506,EDGE-0011909,EV-CONTRACT-2026-1027
PHO-000499,PHO-002445,EDGE-0011910,EV-CONTRACT-2026-9751
PHO-000662,PHO-001704,EDGE-0011911,EV-CONTRACT-2026-7186
PHO-003190,PHO-001760,EDGE-0011912,EV-CONTRACT-2026-9650
PHO-001610,PHO-001847,EDGE-0011913,EV-CONTRACT-2026-7859
PHO-004096,PHO-001786,EDGE-0011914,EV-CONTRACT-2026-9906
PHO-000459,PHO-002410,EDGE-0011915,EV-CONTRACT-2026-5437
PHO-002199,PHO-001354,EDGE-0011916,EV-CONTRACT-2026-4498
PHO-003558,PHO-004356,EDGE-0011917,EV-CONTRACT-2026-8030
PHO-000509,PHO-002285,EDGE-0011918,EV-CONTRACT-2026-6926
PHO-000812,PHO-003283,EDGE-0011919,EV-CONTRACT-2026-2002
PHO-000059,PHO-003375,EDGE-0011920,EV-CONTRACT-2026-9032
PHO-002123,PHO-000996,EDGE-0011921,EV-CONTRACT-2026-4051
PHO-002607,PHO-001483,EDGE-0011922,EV-CONTRACT-2026-7341
PHO-001329,PHO-004885,EDGE-0011923,EV-CONTRACT-2026-2962
PHO-004848,PHO-004061,EDGE-0011924,EV-CONTRACT-2026-1905
PHO-001179,PHO-000262,EDGE-0011925,EV-CONTRACT-2026-1085
PHO-003495,PHO-004447,EDGE-0011926,EV-CONTRACT-2026-3170
PHO-001655,PHO-000148,EDGE-0011927,EV-CONTRACT-2026-5350
PHO-004044,PHO-002367,EDGE-0011928,EV-CONTRACT-2026-1114
PHO-000579,PHO-002128,EDGE-0011929,EV-CONTRACT-2026-6302
PHO-003485,PHO-004421,EDGE-0011930,EV-CONTRACT-2026-3353
PHO-000651,PHO-004778,EDGE-0011931,EV-CONTRACT-2026-5049
PHO-000945,PHO-001696,EDGE-0011932,EV-CONTRACT-2026-7133
PHO-001040,PHO-003396,EDGE-0011933,EV-CONTRACT-2026-3993
PHO-002501,PHO-000040,EDGE-0011934,EV-CONTRACT-2026-5382
PHO-004880,PHO-003460,EDGE-0011935,EV-CONTRACT-2026-7044
PHO-004786,PHO-000419,EDGE-0011936,EV-CONTRACT-2026-4090
PHO-000705,PHO-003408,EDGE-0011937,EV-CONTRACT-2026-9301
PHO-000863,PHO-004051,EDGE-0011938,EV-CONTRACT-2026-3080
PHO-003883,PHO-002235,EDGE-0011939,EV-CONTRACT-2026-8099
PHO-004388,PHO-002522,EDGE-0011940,EV-CONTRACT-2026-3783
PHO-002606,PHO-002051,EDGE-0011941,EV-CONTRACT-2026-1488
PHO-004552,PHO-000800,EDGE-0011942,EV-CONTRACT-2026-1194
PHO-000152,PHO-000171,EDGE-0011943,EV-CONTRACT-2026-2408
PHO-001386,PHO-000157,EDGE-0011944,EV-CONTRACT-2026-7097
PHO-004299,PHO-003620,EDGE-0011945,EV-CONTRACT-2026-3026
PHO-000130,PHO-003923,EDGE-0011946,EV-CONTRACT-2026-4563
PHO-002540,PHO-001965,EDGE-0011947,EV-CONTRACT-2026-7104
PHO-002817,PHO-002368,EDGE-0011948,EV-CONTRACT-2026-4949
PHO-001815,PHO-002479,EDGE-0011949,EV-CONTRACT-2026-8922
PHO-004844,PHO-003997,EDGE-0011950,EV-CONTRACT-2026-9884
PHO-001868,PHO-001072,EDGE-0011951,EV-CONTRACT-2026-5631
PHO-004876,PHO-004078,EDGE-0011952,EV-CONTRACT-2026-6748
PHO-004352,PHO-004535,EDGE-0011953,EV-CONTRACT-2026-9845
PHO-002906,PHO-002468,EDGE-0011954,EV-CONTRACT-2026-4187
PHO-003682,PHO-004890,EDGE-0011955,EV-CONTRACT-2026-7501
PHO-000040,PHO-001422,EDGE-0011956,EV-CONTRACT-2026-2309
PHO-003160,PHO-000505,EDGE-0011957,EV-CONTRACT-2026-8162
PHO-003269,PHO-000117,EDGE-0011958,EV-CONTRACT-2026-8177
PHO-004741,PHO-001988,EDGE-0011959,EV-CONTRACT-2026-1846
PHO-002841,PHO-002996,EDGE-0011960,EV-CONTRACT-2026-3696
PHO-001222,PHO-004885,EDGE-0011961,EV-CONTRACT-2026-1889
PHO-002038,PHO-003594,EDGE-0011962,EV-CONTRACT-2026-9313
PHO-004152,PHO-001476,EDGE-0011963,EV-CONTRACT-2026-2959
PHO-000921,PHO-004221,EDGE-0011964,EV-CONTRACT-2026-2981
PHO-000572,PHO-001062,EDGE-0011965,EV-CONTRACT-2026-9923
PHO-001108,PHO-002791,EDGE-0011966,EV-CONTRACT-2026-1009
PHO-001557,PHO-004610,EDGE-0011967,EV-CONTRACT-2026-4672
PHO-002838,PHO-003136,EDGE-0011968,EV-CONTRACT-2026-4223
PHO-004207,PHO-000170,EDGE-0011969,EV-CONTRACT-2026-2220
PHO-004889,PHO-001200,EDGE-0011970,EV-CONTRACT-2026-7349
PHO-000923,PHO-004657,EDGE-0011971,EV-CONTRACT-2026-9423
PHO-002836,PHO-003191,EDGE-0011972,EV-CONTRACT-2026-7914
PHO-001443,PHO-000732,EDGE-0011973,EV-CONTRACT-2026-4213
PHO-002111,PHO-000051,EDGE-0011974,EV-CONTRACT-2026-2964
PHO-000425,PHO-004990,EDGE-0011975,EV-CONTRACT-2026-8507
PHO-004630,PHO-002756,EDGE-0011976,EV-CONTRACT-2026-7078
PHO-003417,PHO-001676,EDGE-0011977,EV-CONTRACT-2026-6692
PHO-001381,PHO-001314,EDGE-0011978,EV-CONTRACT-2026-6740
PHO-000714,PHO-000350,EDGE-0011979,EV-CONTRACT-2026-6866
PHO-001733,PHO-002618,EDGE-0011980,EV-CONTRACT-2026-5493
PHO-003268,PHO-004723,EDGE-0011981,EV-CONTRACT-2026-8283
PHO-004364,PHO-004093,EDGE-0011982,EV-CONTRACT-2026-9292
PHO-000155,PHO-003347,EDGE-0011983,EV-CONTRACT-2026-1836
PHO-004613,PHO-001752,EDGE-0011984,EV-CONTRACT-2026-7157
PHO-000497,PHO-004693,EDGE-0011985,EV-CONTRACT-2026-1465
PHO-004774,PHO-001244,EDGE-0011986,EV-CONTRACT-2026-9052
PHO-001544,PHO-004253,EDGE-0011987,EV-CONTRACT-2026-3796
PHO-000236,PHO-000396,EDGE-0011988,EV-CONTRACT-2026-5245
PHO-003483,PHO-004948,EDGE-0011989,EV-CONTRACT-2026-3574
PHO-004769,PHO-000747,EDGE-0011990,EV-CONTRACT-2026-8248
PHO-001034,PHO-001742,EDGE-0011991,EV-CONTRACT-2026-1995
PHO-000848,PHO-002606,EDGE-0011992,EV-CONTRACT-2026-5406
PHO-004384,PHO-000084,EDGE-0011993,EV-CONTRACT-2026-2586
PHO-002843,PHO-002577,EDGE-0011994,EV-CONTRACT-2026-8001
PHO-001774,PHO-000910,EDGE-0011995,EV-CONTRACT-2026-2653
PHO-003098,PHO-003231,EDGE-0011996,EV-CONTRACT-2026-8197
PHO-003846,PHO-002305,EDGE-0011997,EV-CONTRACT-2026-7259
PHO-002970,PHO-001699,EDGE-0011998,EV-CONTRACT-2026-1204
PHO-003527,PHO-003226,EDGE-0011999,EV-CONTRACT-2026-6234
PHO-000476,PHO-004174,EDGE-0012000,EV-CONTRACT-2026-7841
PHO-001354,PHO-002779,EDGE-0012001,EV-CONTRACT-2026-8515
PHO-002537,PHO-004224,EDGE-0012002,EV-CONTRACT-2026-3758
PHO-002500,PHO-003235,EDGE-0012003,EV-CONTRACT-2026-7970
PHO-001215,PHO-000399,EDGE-0012004,EV-CONTRACT-2026-4865
PHO-001821,PHO-004476,EDGE-0012005,EV-CONTRACT-2026-7881
PHO-001020,PHO-001403,EDGE-0012006,EV-CONTRACT-2026-2098
PHO-004246,PHO-004256,EDGE-0012007,EV-CONTRACT-2026-2675
PHO-002070,PHO-003746,EDGE-0012008,EV-CONTRACT-2026-3440
PHO-002346,PHO-001861,EDGE-0012009,EV-CONTRACT-2026-8193
PHO-003482,PHO-002211,EDGE-0012010,EV-CONTRACT-2026-9207
PHO-000358,PHO-003969,EDGE-0012011,EV-CONTRACT-2026-2875
PHO-004831,PHO-002104,EDGE-0012012,EV-CONTRACT-2026-1032
PHO-000616,PHO-003116,EDGE-0012013,EV-CONTRACT-2026-1244
PHO-003900,PHO-000838,EDGE-0012014,EV-CONTRACT-2026-8345
PHO-002405,PHO-002631,EDGE-0012015,EV-CONTRACT-2026-5214
PHO-004229,PHO-003916,EDGE-0012016,EV-CONTRACT-2026-6762
PHO-002657,PHO-000730,EDGE-0012017,EV-CONTRACT-2026-7968
PHO-003975,PHO-002647,EDGE-0012018,EV-CONTRACT-2026-8272
PHO-003242,PHO-001487,EDGE-0012019,EV-CONTRACT-2026-6583
PHO-001373,PHO-000969,EDGE-0012020,EV-CONTRACT-2026-9401
PHO-004359,PHO-000712,EDGE-0012021,EV-CONTRACT-2026-5598
PHO-001181,PHO-000761,EDGE-0012022,EV-CONTRACT-2026-8329
PHO-003391,PHO-004599,EDGE-0012023,EV-CONTRACT-2026-6727
PHO-003299,PHO-000336,EDGE-0012024,EV-CONTRACT-2026-6352
PHO-002568,PHO-000841,EDGE-0012025,EV-CONTRACT-2026-4571
PHO-003088,PHO-002310,EDGE-0012026,EV-CONTRACT-2026-5978
PHO-004334,PHO-002016,EDGE-0012027,EV-CONTRACT-2026-8971
PHO-004275,PHO-000278,EDGE-0012028,EV-CONTRACT-2026-7453
PHO-000413,PHO-003025,EDGE-0012029,EV-CONTRACT-2026-5321
PHO-000616,PHO-001352,EDGE-0012030,EV-CONTRACT-2026-6393
PHO-003449,PHO-004026,EDGE-0012031,EV-CONTRACT-2026-8310
PHO-003249,PHO-002292,EDGE-0012032,EV-CONTRACT-2026-9543
PHO-004509,PHO-001599,EDGE-0012033,EV-CONTRACT-2026-2609
PHO-001645,PHO-001580,EDGE-0012034,EV-CONTRACT-2026-1711
PHO-000929,PHO-002388,EDGE-0012035,EV-CONTRACT-2026-2247
PHO-004870,PHO-000985,EDGE-0012036,EV-CONTRACT-2026-8986
PHO-002679,PHO-003387,EDGE-0012037,EV-CONTRACT-2026-1477
PHO-004556,PHO-004789,EDGE-0012038,EV-CONTRACT-2026-1701
PHO-003082,PHO-002409,EDGE-0012039,EV-CONTRACT-2026-2275
PHO-001617,PHO-000385,EDGE-0012040,EV-CONTRACT-2026-7150
PHO-004368,PHO-000384,EDGE-0012041,EV-CONTRACT-2026-3839
PHO-000713,PHO-001546,EDGE-0012042,EV-CONTRACT-2026-5980
PHO-004850,PHO-001838,EDGE-0012043,EV-CONTRACT-2026-3382
PHO-000491,PHO-004737,EDGE-0012044,EV-CONTRACT-2026-6647
PHO-001264,PHO-004040,EDGE-0012045,EV-CONTRACT-2026-3901
PHO-002851,PHO-000733,EDGE-0012046,EV-CONTRACT-2026-3935
PHO-002634,PHO-001907,EDGE-0012047,EV-CONTRACT-2026-7165
PHO-002303,PHO-003934,EDGE-0012048,EV-CONTRACT-2026-8305
PHO-001174,PHO-002612,EDGE-0012049,EV-CONTRACT-2026-3208
PHO-002026,PHO-002031,EDGE-0012050,EV-CONTRACT-2026-5035
PHO-001074,PHO-002066,EDGE-0012051,EV-CONTRACT-2026-4895
PHO-003428,PHO-000250,EDGE-0012052,EV-CONTRACT-2026-9246
PHO-002192,PHO-002474,EDGE-0012053,EV-CONTRACT-2026-2504
PHO-003904,PHO-002919,EDGE-0012054,EV-CONTRACT-2026-9653
PHO-002674,PHO-000941,EDGE-0012055,EV-CONTRACT-2026-5692
PHO-003669,PHO-000104,EDGE-0012056,EV-CONTRACT-2026-3934
PHO-001388,PHO-001410,EDGE-0012057,EV-CONTRACT-2026-9100
PHO-002556,PHO-004594,EDGE-0012058,EV-CONTRACT-2026-9063
PHO-004791,PHO-004805,EDGE-0012059,EV-CONTRACT-2026-1972
PHO-004783,PHO-002366,EDGE-0012060,EV-CONTRACT-2026-2374
PHO-001976,PHO-002527,EDGE-0012061,EV-CONTRACT-2026-5996
PHO-002597,PHO-002379,EDGE-0012062,EV-CONTRACT-2026-6060
PHO-002743,PHO-001111,EDGE-0012063,EV-CONTRACT-2026-7075
PHO-003457,PHO-001859,EDGE-0012064,EV-CONTRACT-2026-3883
PHO-000287,PHO-004269,EDGE-0012065,EV-CONTRACT-2026-6776
PHO-004508,PHO-004145,EDGE-0012066,EV-CONTRACT-2026-7983
PHO-001204,PHO-002131,EDGE-0012067,EV-CONTRACT-2026-8692
PHO-002288,PHO-003763,EDGE-0012068,EV-CONTRACT-2026-2250
PHO-000206,PHO-003377,EDGE-0012069,EV-CONTRACT-2026-1858
PHO-003154,PHO-002928,EDGE-0012070,EV-CONTRACT-2026-8839
PHO-002424,PHO-001594,EDGE-0012071,EV-CONTRACT-2026-6097
PHO-003698,PHO-000028,EDGE-0012072,EV-CONTRACT-2026-1894
PHO-001328,PHO-000893,EDGE-0012073,EV-CONTRACT-2026-9159
PHO-002250,PHO-000278,EDGE-0012074,EV-CONTRACT-2026-7925
PHO-002611,PHO-003971,EDGE-0012075,EV-CONTRACT-2026-2192
PHO-002530,PHO-000672,EDGE-0012076,EV-CONTRACT-2026-1215
PHO-003493,PHO-002419,EDGE-0012077,EV-CONTRACT-2026-5326
PHO-003585,PHO-003155,EDGE-0012078,EV-CONTRACT-2026-1834
PHO-002616,PHO-002594,EDGE-0012079,EV-CONTRACT-2026-4435
PHO-002457,PHO-004006,EDGE-0012080,EV-CONTRACT-2026-6238
PHO-002039,PHO-004177,EDGE-0012081,EV-CONTRACT-2026-7427
PHO-002178,PHO-003386,EDGE-0012082,EV-CONTRACT-2026-9323
PHO-003926,PHO-000073,EDGE-0012083,EV-CONTRACT-2026-8280
PHO-002721,PHO-004648,EDGE-0012084,EV-CONTRACT-2026-5656
PHO-003433,PHO-001495,EDGE-0012085,EV-CONTRACT-2026-4134
PHO-001760,PHO-004843,EDGE-0012086,EV-CONTRACT-2026-5512
PHO-004481,PHO-004476,EDGE-0012087,EV-CONTRACT-2026-4147
PHO-001314,PHO-004007,EDGE-0012088,EV-CONTRACT-2026-1371
PHO-000410,PHO-001986,EDGE-0012089,EV-CONTRACT-2026-4020
PHO-004812,PHO-002582,EDGE-0012090,EV-CONTRACT-2026-8127
PHO-002141,PHO-003707,EDGE-0012091,EV-CONTRACT-2026-5421
PHO-003220,PHO-003545,EDGE-0012092,EV-CONTRACT-2026-6232
PHO-001846,PHO-001726,EDGE-0012093,EV-CONTRACT-2026-2954
PHO-003977,PHO-001619,EDGE-0012094,EV-CONTRACT-2026-7246
PHO-002870,PHO-000040,EDGE-0012095,EV-CONTRACT-2026-6824
PHO-001677,PHO-003014,EDGE-0012096,EV-CONTRACT-2026-5119
PHO-004594,PHO-004346,EDGE-0012097,EV-CONTRACT-2026-8196
PHO-004734,PHO-000031,EDGE-0012098,EV-CONTRACT-2026-6108
PHO-001803,PHO-004097,EDGE-0012099,EV-CONTRACT-2026-8400
PHO-001271,PHO-003101,EDGE-0012100,EV-CONTRACT-2026-4101
PHO-000470,PHO-002829,EDGE-0012101,EV-CONTRACT-2026-5597
PHO-002072,PHO-003084,EDGE-0012102,EV-CONTRACT-2026-5173
PHO-004848,PHO-002796,EDGE-0012103,EV-CONTRACT-2026-8427
PHO-001805,PHO-003910,EDGE-0012104,EV-CONTRACT-2026-5462
PHO-001605,PHO-001666,EDGE-0012105,EV-CONTRACT-2026-6318
PHO-001683,PHO-000310,EDGE-0012106,EV-CONTRACT-2026-9666
PHO-000189,PHO-004986,EDGE-0012107,EV-CONTRACT-2026-2288
PHO-004923,PHO-002985,EDGE-0012108,EV-CONTRACT-2026-8182
PHO-002267,PHO-004373,EDGE-0012109,EV-CONTRACT-2026-7893
PHO-002493,PHO-000556,EDGE-0012110,EV-CONTRACT-2026-9475
PHO-004590,PHO-001964,EDGE-0012111,EV-CONTRACT-2026-1442
PHO-001915,PHO-003746,EDGE-0012112,EV-CONTRACT-2026-5209
PHO-004055,PHO-003028,EDGE-0012113,EV-CONTRACT-2026-4330
PHO-004246,PHO-001495,EDGE-0012114,EV-CONTRACT-2026-1928
PHO-001473,PHO-003425,EDGE-0012115,EV-CONTRACT-2026-6785
PHO-003079,PHO-000336,EDGE-0012116,EV-CONTRACT-2026-2653
PHO-002956,PHO-001632,EDGE-0012117,EV-CONTRACT-2026-8128
PHO-004826,PHO-001295,EDGE-0012118,EV-CONTRACT-2026-9508
PHO-002273,PHO-003010,EDGE-0012119,EV-CONTRACT-2026-3245
PHO-003723,PHO-002425,EDGE-0012120,EV-CONTRACT-2026-9785
PHO-001946,PHO-000025,EDGE-0012121,EV-CONTRACT-2026-6277
PHO-000805,PHO-001257,EDGE-0012122,EV-CONTRACT-2026-5618
PHO-002409,PHO-003474,EDGE-0012123,EV-CONTRACT-2026-8212
PHO-003090,PHO-004985,EDGE-0012124,EV-CONTRACT-2026-3444
PHO-003113,PHO-000219,EDGE-0012125,EV-CONTRACT-2026-2772
PHO-003111,PHO-001683,EDGE-0012126,EV-CONTRACT-2026-4488
PHO-000401,PHO-001808,EDGE-0012127,EV-CONTRACT-2026-2536
PHO-001536,PHO-001726,EDGE-0012128,EV-CONTRACT-2026-4943
PHO-001579,PHO-000565,EDGE-0012129,EV-CONTRACT-2026-1049
PHO-004138,PHO-001222,EDGE-0012130,EV-CONTRACT-2026-7005
PHO-004723,PHO-001805,EDGE-0012131,EV-CONTRACT-2026-4778
PHO-002425,PHO-001756,EDGE-0012132,EV-CONTRACT-2026-2247
PHO-004055,PHO-003687,EDGE-0012133,EV-CONTRACT-2026-4279
PHO-001150,PHO-000963,EDGE-0012134,EV-CONTRACT-2026-3954
PHO-003541,PHO-001927,EDGE-0012135,EV-CONTRACT-2026-8801
PHO-003326,PHO-001362,EDGE-0012136,EV-CONTRACT-2026-2868
PHO-001213,PHO-002597,EDGE-0012137,EV-CONTRACT-2026-1464
PHO-002570,PHO-000310,EDGE-0012138,EV-CONTRACT-2026-8111
PHO-001519,PHO-004299,EDGE-0012139,EV-CONTRACT-2026-1200
PHO-004925,PHO-004652,EDGE-0012140,EV-CONTRACT-2026-2153
PHO-001000,PHO-000692,EDGE-0012141,EV-CONTRACT-2026-9171
PHO-003067,PHO-004692,EDGE-0012142,EV-CONTRACT-2026-3277
PHO-001011,PHO-004905,EDGE-0012143,EV-CONTRACT-2026-4212
PHO-004483,PHO-001223,EDGE-0012144,EV-CONTRACT-2026-8127
PHO-004664,PHO-002732,EDGE-0012145,EV-CONTRACT-2026-2660
PHO-001979,PHO-003365,EDGE-0012146,EV-CONTRACT-2026-3820
PHO-000630,PHO-004186,EDGE-0012147,EV-CONTRACT-2026-4133
PHO-004971,PHO-002888,EDGE-0012148,EV-CONTRACT-2026-8643
PHO-000910,PHO-004647,EDGE-0012149,EV-CONTRACT-2026-3566
PHO-004566,PHO-001885,EDGE-0012150,EV-CONTRACT-2026-5773
PHO-001737,PHO-003066,EDGE-0012151,EV-CONTRACT-2026-6550
PHO-001791,PHO-002543,EDGE-0012152,EV-CONTRACT-2026-9870
PHO-002230,PHO-002201,EDGE-0012153,EV-CONTRACT-2026-4172
PHO-004326,PHO-000284,EDGE-0012154,EV-CONTRACT-2026-1752
PHO-001637,PHO-003986,EDGE-0012155,EV-CONTRACT-2026-7044
PHO-001708,PHO-004934,EDGE-0012156,EV-CONTRACT-2026-7328
PHO-004732,PHO-000975,EDGE-0012157,EV-CONTRACT-2026-5652
PHO-003836,PHO-000858,EDGE-0012158,EV-CONTRACT-2026-5030
PHO-001121,PHO-000712,EDGE-0012159,EV-CONTRACT-2026-4942
PHO-003290,PHO-003240,EDGE-0012160,EV-CONTRACT-2026-6469
PHO-004260,PHO-002519,EDGE-0012161,EV-CONTRACT-2026-3664
PHO-001095,PHO-002904,EDGE-0012162,EV-CONTRACT-2026-8986
PHO-001964,PHO-004792,EDGE-0012163,EV-CONTRACT-2026-5383
PHO-001455,PHO-001901,EDGE-0012164,EV-CONTRACT-2026-5976
PHO-004839,PHO-003051,EDGE-0012165,EV-CONTRACT-2026-7687
PHO-000868,PHO-003916,EDGE-0012166,EV-CONTRACT-2026-2053
PHO-000588,PHO-001954,EDGE-0012167,EV-CONTRACT-2026-8680
PHO-000144,PHO-003721,EDGE-0012168,EV-CONTRACT-2026-3059
PHO-003336,PHO-004068,EDGE-0012169,EV-CONTRACT-2026-4425
PHO-001650,PHO-004391,EDGE-0012170,EV-CONTRACT-2026-3547
PHO-001556,PHO-001076,EDGE-0012171,EV-CONTRACT-2026-2591
PHO-000978,PHO-001404,EDGE-0012172,EV-CONTRACT-2026-8208
PHO-003278,PHO-001444,EDGE-0012173,EV-CONTRACT-2026-2588
PHO-004340,PHO-003643,EDGE-0012174,EV-CONTRACT-2026-7406
PHO-004987,PHO-003917,EDGE-0012175,EV-CONTRACT-2026-6467
PHO-003735,PHO-004209,EDGE-0012176,EV-CONTRACT-2026-8233
PHO-001001,PHO-003460,EDGE-0012177,EV-CONTRACT-2026-4774
PHO-003445,PHO-003400,EDGE-0012178,EV-CONTRACT-2026-3704
PHO-003877,PHO-002635,EDGE-0012179,EV-CONTRACT-2026-8763
PHO-004469,PHO-001041,EDGE-0012180,EV-CONTRACT-2026-5373
PHO-001808,PHO-000262,EDGE-0012181,EV-CONTRACT-2026-6369
PHO-000524,PHO-000725,EDGE-0012182,EV-CONTRACT-2026-6313
PHO-004792,PHO-000018,EDGE-0012183,EV-CONTRACT-2026-7312
PHO-000930,PHO-003661,EDGE-0012184,EV-CONTRACT-2026-1794
PHO-000671,PHO-002249,EDGE-0012185,EV-CONTRACT-2026-7853
PHO-002542,PHO-003841,EDGE-0012186,EV-CONTRACT-2026-9076
PHO-004032,PHO-002808,EDGE-0012187,EV-CONTRACT-2026-6578
PHO-000446,PHO-004133,EDGE-0012188,EV-CONTRACT-2026-1062
PHO-004202,PHO-001294,EDGE-0012189,EV-CONTRACT-2026-8615
PHO-001409,PHO-001085,EDGE-0012190,EV-CONTRACT-2026-8126
PHO-000018,PHO-004574,EDGE-0012191,EV-CONTRACT-2026-5490
PHO-002627,PHO-000870,EDGE-0012192,EV-CONTRACT-2026-9735
PHO-003577,PHO-003767,EDGE-0012193,EV-CONTRACT-2026-1572
PHO-003641,PHO-002052,EDGE-0012194,EV-CONTRACT-2026-7769
PHO-001784,PHO-001518,EDGE-0012195,EV-CONTRACT-2026-5942
PHO-000025,PHO-002047,EDGE-0012196,EV-CONTRACT-2026-8815
PHO-003663,PHO-001082,EDGE-0012197,EV-CONTRACT-2026-3790
PHO-001415,PHO-000228,EDGE-0012198,EV-CONTRACT-2026-9444
PHO-001954,PHO-000324,EDGE-0012199,EV-CONTRACT-2026-4787
PHO-000579,PHO-004869,EDGE-0012200,EV-CONTRACT-2026-5349
PHO-000764,PHO-002110,EDGE-0012201,EV-CONTRACT-2026-4049
PHO-000363,PHO-003739,EDGE-0012202,EV-CONTRACT-2026-6263
PHO-002033,PHO-001661,EDGE-0012203,EV-CONTRACT-2026-1965
PHO-000978,PHO-000705,EDGE-0012204,EV-CONTRACT-2026-6413
PHO-001291,PHO-003037,EDGE-0012205,EV-CONTRACT-2026-1750
PHO-004506,PHO-001431,EDGE-0012206,EV-CONTRACT-2026-5279
PHO-002798,PHO-002835,EDGE-0012207,EV-CONTRACT-2026-6552
PHO-000430,PHO-003428,EDGE-0012208,EV-CONTRACT-2026-2422
PHO-002945,PHO-003189,EDGE-0012209,EV-CONTRACT-2026-7337
PHO-002051,PHO-004113,EDGE-0012210,EV-CONTRACT-2026-2493
PHO-002305,PHO-003970,EDGE-0012211,EV-CONTRACT-2026-5764
PHO-003560,PHO-000421,EDGE-0012212,EV-CONTRACT-2026-7545
PHO-001615,PHO-002341,EDGE-0012213,EV-CONTRACT-2026-8392
PHO-001980,PHO-003400,EDGE-0012214,EV-CONTRACT-2026-3823
PHO-003931,PHO-001989,EDGE-0012215,EV-CONTRACT-2026-2326
PHO-001026,PHO-000621,EDGE-0012216,EV-CONTRACT-2026-3912
PHO-003971,PHO-000544,EDGE-0012217,EV-CONTRACT-2026-2250
PHO-003881,PHO-002513,EDGE-0012218,EV-CONTRACT-2026-3281
PHO-001422,PHO-000140,EDGE-0012219,EV-CONTRACT-2026-4734
PHO-000854,PHO-000218,EDGE-0012220,EV-CONTRACT-2026-9130
PHO-001754,PHO-000660,EDGE-0012221,EV-CONTRACT-2026-1755
PHO-000821,PHO-002414,EDGE-0012222,EV-CONTRACT-2026-6483
PHO-004799,PHO-003273,EDGE-0012223,EV-CONTRACT-2026-9329
PHO-004834,PHO-004530,EDGE-0012224,EV-CONTRACT-2026-8056
PHO-004103,PHO-003002,EDGE-0012225,EV-CONTRACT-2026-6179
PHO-003616,PHO-002520,EDGE-0012226,EV-CONTRACT-2026-5285
PHO-000458,PHO-001145,EDGE-0012227,EV-CONTRACT-2026-3932
PHO-000851,PHO-003151,EDGE-0012228,EV-CONTRACT-2026-4639
PHO-002590,PHO-003965,EDGE-0012229,EV-CONTRACT-2026-6747
PHO-000250,PHO-003336,EDGE-0012230,EV-CONTRACT-2026-2412
PHO-001199,PHO-004035,EDGE-0012231,EV-CONTRACT-2026-5044
PHO-000283,PHO-003848,EDGE-0012232,EV-CONTRACT-2026-2855
PHO-000572,PHO-003216,EDGE-0012233,EV-CONTRACT-2026-6005
PHO-004319,PHO-004317,EDGE-0012234,EV-CONTRACT-2026-6720
PHO-002928,PHO-000920,EDGE-0012235,EV-CONTRACT-2026-8504
PHO-002672,PHO-001769,EDGE-0012236,EV-CONTRACT-2026-1844
PHO-004083,PHO-000843,EDGE-0012237,EV-CONTRACT-2026-4408
PHO-001292,PHO-003932,EDGE-0012238,EV-CONTRACT-2026-7770
PHO-000224,PHO-001113,EDGE-0012239,EV-CONTRACT-2026-3123
PHO-001458,PHO-000187,EDGE-0012240,EV-CONTRACT-2026-8234
PHO-002639,PHO-001840,EDGE-0012241,EV-CONTRACT-2026-8454
PHO-004506,PHO-003704,EDGE-0012242,EV-CONTRACT-2026-3296
PHO-004953,PHO-004870,EDGE-0012243,EV-CONTRACT-2026-8019
PHO-003698,PHO-003462,EDGE-0012244,EV-CONTRACT-2026-4999
PHO-003955,PHO-004749,EDGE-0012245,EV-CONTRACT-2026-2370
PHO-004928,PHO-002710,EDGE-0012246,EV-CONTRACT-2026-9280
PHO-003327,PHO-004997,EDGE-0012247,EV-CONTRACT-2026-7505
PHO-003542,PHO-003776,EDGE-0012248,EV-CONTRACT-2026-2655
PHO-002384,PHO-000936,EDGE-0012249,EV-CONTRACT-2026-3886
PHO-001971,PHO-004877,EDGE-0012250,EV-CONTRACT-2026-1994
PHO-000426,PHO-004836,EDGE-0012251,EV-CONTRACT-2026-2544
PHO-000417,PHO-000401,EDGE-0012252,EV-CONTRACT-2026-6508
PHO-000248,PHO-004209,EDGE-0012253,EV-CONTRACT-2026-4858
PHO-001874,PHO-000574,EDGE-0012254,EV-CONTRACT-2026-1886
PHO-002514,PHO-001379,EDGE-0012255,EV-CONTRACT-2026-1934
PHO-003005,PHO-001860,EDGE-0012256,EV-CONTRACT-2026-1262
PHO-000962,PHO-002485,EDGE-0012257,EV-CONTRACT-2026-5199
PHO-004512,PHO-004698,EDGE-0012258,EV-CONTRACT-2026-6134
PHO-004494,PHO-004974,EDGE-0012259,EV-CONTRACT-2026-6099
PHO-000560,PHO-004814,EDGE-0012260,EV-CONTRACT-2026-4885
PHO-002364,PHO-004752,EDGE-0012261,EV-CONTRACT-2026-8887
PHO-002088,PHO-002525,EDGE-0012262,EV-CONTRACT-2026-9317
PHO-001036,PHO-004579,EDGE-0012263,EV-CONTRACT-2026-1839
PHO-004905,PHO-001201,EDGE-0012264,EV-CONTRACT-2026-5136
PHO-002233,PHO-004249,EDGE-0012265,EV-CONTRACT-2026-2109
PHO-001702,PHO-000442,EDGE-0012266,EV-CONTRACT-2026-6465
PHO-001771,PHO-001347,EDGE-0012267,EV-CONTRACT-2026-6498
PHO-002292,PHO-003538,EDGE-0012268,EV-CONTRACT-2026-1326
PHO-001953,PHO-004812,EDGE-0012269,EV-CONTRACT-2026-2730
PHO-001842,PHO-001712,EDGE-0012270,EV-CONTRACT-2026-9969
PHO-000094,PHO-000584,EDGE-0012271,EV-CONTRACT-2026-1890
PHO-004783,PHO-000826,EDGE-0012272,EV-CONTRACT-2026-6144
PHO-001916,PHO-003569,EDGE-0012273,EV-CONTRACT-2026-8370
PHO-004762,PHO-004507,EDGE-0012274,EV-CONTRACT-2026-4799
PHO-000549,PHO-004905,EDGE-0012275,EV-CONTRACT-2026-5883
PHO-004546,PHO-004713,EDGE-0012276,EV-CONTRACT-2026-1251
PHO-003919,PHO-002921,EDGE-0012277,EV-CONTRACT-2026-4783
PHO-002645,PHO-000109,EDGE-0012278,EV-CONTRACT-2026-9570
PHO-003187,PHO-001059,EDGE-0012279,EV-CONTRACT-2026-5025
PHO-002763,PHO-004505,EDGE-0012280,EV-CONTRACT-2026-5178
PHO-000082,PHO-004010,EDGE-0012281,EV-CONTRACT-2026-4503
PHO-004428,PHO-000154,EDGE-0012282,EV-CONTRACT-2026-6210
PHO-004065,PHO-003432,EDGE-0012283,EV-CONTRACT-2026-5439
PHO-000810,PHO-002076,EDGE-0012284,EV-CONTRACT-2026-1214
PHO-002561,PHO-004832,EDGE-0012285,EV-CONTRACT-2026-3233
PHO-001659,PHO-001363,EDGE-0012286,EV-CONTRACT-2026-4247
PHO-003534,PHO-000747,EDGE-0012287,EV-CONTRACT-2026-6504
PHO-001891,PHO-004087,EDGE-0012288,EV-CONTRACT-2026-4846
PHO-001483,PHO-004574,EDGE-0012289,EV-CONTRACT-2026-8842
PHO-004133,PHO-002594,EDGE-0012290,EV-CONTRACT-2026-7895
PHO-002088,PHO-001015,EDGE-0012291,EV-CONTRACT-2026-6616
PHO-000963,PHO-002070,EDGE-0012292,EV-CONTRACT-2026-6240
PHO-002606,PHO-002395,EDGE-0012293,EV-CONTRACT-2026-6865
PHO-002698,PHO-000242,EDGE-0012294,EV-CONTRACT-2026-3120
PHO-004830,PHO-001677,EDGE-0012295,EV-CONTRACT-2026-1078
PHO-002969,PHO-003038,EDGE-0012296,EV-CONTRACT-2026-1282
PHO-003355,PHO-000706,EDGE-0012297,EV-CONTRACT-2026-2780
PHO-002992,PHO-004099,EDGE-0012298,EV-CONTRACT-2026-7799
PHO-002687,PHO-001131,EDGE-0012299,EV-CONTRACT-2026-2815
PHO-003133,PHO-003564,EDGE-0012300,EV-CONTRACT-2026-8617
PHO-003033,PHO-003986,EDGE-0012301,EV-CONTRACT-2026-5207
PHO-001716,PHO-003786,EDGE-0012302,EV-CONTRACT-2026-4961
PHO-002968,PHO-002300,EDGE-0012303,EV-CONTRACT-2026-3268
PHO-000955,PHO-002821,EDGE-0012304,EV-CONTRACT-2026-4575
PHO-001681,PHO-000991,EDGE-0012305,EV-CONTRACT-2026-6252
PHO-000716,PHO-004980,EDGE-0012306,EV-CONTRACT-2026-4965
PHO-003450,PHO-001316,EDGE-0012307,EV-CONTRACT-2026-6021
PHO-003576,PHO-000460,EDGE-0012308,EV-CONTRACT-2026-8711
PHO-000906,PHO-002011,EDGE-0012309,EV-CONTRACT-2026-8025
PHO-003494,PHO-004635,EDGE-0012310,EV-CONTRACT-2026-1411
PHO-001546,PHO-003198,EDGE-0012311,EV-CONTRACT-2026-6681
PHO-003943,PHO-000639,EDGE-0012312,EV-CONTRACT-2026-4246
PHO-000530,PHO-000011,EDGE-0012313,EV-CONTRACT-2026-3273
PHO-004849,PHO-000766,EDGE-0012314,EV-CONTRACT-2026-1838
PHO-002516,PHO-003542,EDGE-0012315,EV-CONTRACT-2026-2206
PHO-000560,PHO-004545,EDGE-0012316,EV-CONTRACT-2026-8666
PHO-004689,PHO-001879,EDGE-0012317,EV-CONTRACT-2026-9456
PHO-004285,PHO-000277,EDGE-0012318,EV-CONTRACT-2026-1341
PHO-004137,PHO-003559,EDGE-0012319,EV-CONTRACT-2026-8591
PHO-000056,PHO-001499,EDGE-0012320,EV-CONTRACT-2026-3646
PHO-000185,PHO-003830,EDGE-0012321,EV-CONTRACT-2026-6589
PHO-001550,PHO-004057,EDGE-0012322,EV-CONTRACT-2026-7525
PHO-000438,PHO-001723,EDGE-0012323,EV-CONTRACT-2026-3922
PHO-004332,PHO-003648,EDGE-0012324,EV-CONTRACT-2026-2378
PHO-000691,PHO-002732,EDGE-0012325,EV-CONTRACT-2026-8345
PHO-002041,PHO-004165,EDGE-0012326,EV-CONTRACT-2026-6066
PHO-003663,PHO-001265,EDGE-0012327,EV-CONTRACT-2026-6628
PHO-003567,PHO-003896,EDGE-0012328,EV-CONTRACT-2026-4159
PHO-001313,PHO-002202,EDGE-0012329,EV-CONTRACT-2026-5290
PHO-003149,PHO-003372,EDGE-0012330,EV-CONTRACT-2026-4358
PHO-000243,PHO-000284,EDGE-0012331,EV-CONTRACT-2026-7675
PHO-002824,PHO-002104,EDGE-0012332,EV-CONTRACT-2026-1813
PHO-001392,PHO-001460,EDGE-0012333,EV-CONTRACT-2026-5413
PHO-001152,PHO-003708,EDGE-0012334,EV-CONTRACT-2026-5021
PHO-001285,PHO-000312,EDGE-0012335,EV-CONTRACT-2026-7071
PHO-001486,PHO-003670,EDGE-0012336,EV-CONTRACT-2026-3134
PHO-004318,PHO-000126,EDGE-0012337,EV-CONTRACT-2026-2572
PHO-003168,PHO-003108,EDGE-0012338,EV-CONTRACT-2026-3436
PHO-002379,PHO-001071,EDGE-0012339,EV-CONTRACT-2026-2288
PHO-003785,PHO-003077,EDGE-0012340,EV-CONTRACT-2026-8509
PHO-002506,PHO-001443,EDGE-0012341,EV-CONTRACT-2026-7299
PHO-003187,PHO-001760,EDGE-0012342,EV-CONTRACT-2026-8013
PHO-000112,PHO-000858,EDGE-0012343,EV-CONTRACT-2026-3963
PHO-002865,PHO-001938,EDGE-0012344,EV-CONTRACT-2026-4399
PHO-003451,PHO-003423,EDGE-0012345,EV-CONTRACT-2026-4549
PHO-002994,PHO-000386,EDGE-0012346,EV-CONTRACT-2026-8563
PHO-003052,PHO-000956,EDGE-0012347,EV-CONTRACT-2026-8962
PHO-004569,PHO-003125,EDGE-0012348,EV-CONTRACT-2026-3880
PHO-003116,PHO-002049,EDGE-0012349,EV-CONTRACT-2026-7451
PHO-004699,PHO-004106,EDGE-0012350,EV-CONTRACT-2026-5763
PHO-002247,PHO-002858,EDGE-0012351,EV-CONTRACT-2026-6358
PHO-002119,PHO-002730,EDGE-0012352,EV-CONTRACT-2026-9956
PHO-001007,PHO-002599,EDGE-0012353,EV-CONTRACT-2026-2121
PHO-003269,PHO-002862,EDGE-0012354,EV-CONTRACT-2026-9672
PHO-003798,PHO-002905,EDGE-0012355,EV-CONTRACT-2026-9369
PHO-002494,PHO-003750,EDGE-0012356,EV-CONTRACT-2026-2403
PHO-001729,PHO-003559,EDGE-0012357,EV-CONTRACT-2026-8327
PHO-001979,PHO-004991,EDGE-0012358,EV-CONTRACT-2026-6812
PHO-004206,PHO-003307,EDGE-0012359,EV-CONTRACT-2026-3089
PHO-004742,PHO-000734,EDGE-0012360,EV-CONTRACT-2026-1125
PHO-002848,PHO-002276,EDGE-0012361,EV-CONTRACT-2026-5928
PHO-003190,PHO-001421,EDGE-0012362,EV-CONTRACT-2026-7359
PHO-003830,PHO-000756,EDGE-0012363,EV-CONTRACT-2026-7306
PHO-003588,PHO-002382,EDGE-0012364,EV-CONTRACT-2026-8597
PHO-002466,PHO-002337,EDGE-0012365,EV-CONTRACT-2026-8513
PHO-002222,PHO-000552,EDGE-0012366,EV-CONTRACT-2026-5086
PHO-003530,PHO-002434,EDGE-0012367,EV-CONTRACT-2026-8873
PHO-001266,PHO-001705,EDGE-0012368,EV-CONTRACT-2026-6213
PHO-003576,PHO-001733,EDGE-0012369,EV-CONTRACT-2026-1703
PHO-001509,PHO-003450,EDGE-0012370,EV-CONTRACT-2026-8523
PHO-003781,PHO-001047,EDGE-0012371,EV-CONTRACT-2026-6570
PHO-004273,PHO-002611,EDGE-0012372,EV-CONTRACT-2026-1227
PHO-001995,PHO-001219,EDGE-0012373,EV-CONTRACT-2026-5388
PHO-004112,PHO-003235,EDGE-0012374,EV-CONTRACT-2026-2298
PHO-003836,PHO-002615,EDGE-0012375,EV-CONTRACT-2026-1374
PHO-000870,PHO-001157,EDGE-0012376,EV-CONTRACT-2026-5386
PHO-002161,PHO-004564,EDGE-0012377,EV-CONTRACT-2026-9408
PHO-002777,PHO-002737,EDGE-0012378,EV-CONTRACT-2026-1460
PHO-000192,PHO-002518,EDGE-0012379,EV-CONTRACT-2026-3398
PHO-004917,PHO-001841,EDGE-0012380,EV-CONTRACT-2026-6759
PHO-001740,PHO-002415,EDGE-0012381,EV-CONTRACT-2026-4017
PHO-004969,PHO-003510,EDGE-0012382,EV-CONTRACT-2026-9228
PHO-002909,PHO-001318,EDGE-0012383,EV-CONTRACT-2026-1315
PHO-004670,PHO-004963,EDGE-0012384,EV-CONTRACT-2026-2941
PHO-001375,PHO-000376,EDGE-0012385,EV-CONTRACT-2026-4376
PHO-004028,PHO-000763,EDGE-0012386,EV-CONTRACT-2026-3637
PHO-004431,PHO-003646,EDGE-0012387,EV-CONTRACT-2026-4045
PHO-003117,PHO-004933,EDGE-0012388,EV-CONTRACT-2026-1270
PHO-004027,PHO-004245,EDGE-0012389,EV-CONTRACT-2026-8765
PHO-001562,PHO-003139,EDGE-0012390,EV-CONTRACT-2026-9083
PHO-001102,PHO-003392,EDGE-0012391,EV-CONTRACT-2026-3053
PHO-004883,PHO-000708,EDGE-0012392,EV-CONTRACT-2026-5773
PHO-001853,PHO-000082,EDGE-0012393,EV-CONTRACT-2026-6699
PHO-000510,PHO-002335,EDGE-0012394,EV-CONTRACT-2026-1868
PHO-003635,PHO-001344,EDGE-0012395,EV-CONTRACT-2026-8930
PHO-000987,PHO-000885,EDGE-0012396,EV-CONTRACT-2026-8752
PHO-001089,PHO-002514,EDGE-0012397,EV-CONTRACT-2026-1403
PHO-003386,PHO-001063,EDGE-0012398,EV-CONTRACT-2026-8552
PHO-002824,PHO-004794,EDGE-0012399,EV-CONTRACT-2026-9447
PHO-004615,PHO-001998,EDGE-0012400,EV-CONTRACT-2026-1826
PHO-004962,PHO-002677,EDGE-0012401,EV-CONTRACT-2026-4696
PHO-002915,PHO-002616,EDGE-0012402,EV-CONTRACT-2026-3165
PHO-003575,PHO-004668,EDGE-0012403,EV-CONTRACT-2026-8755
PHO-002137,PHO-003208,EDGE-0012404,EV-CONTRACT-2026-3280
PHO-000022,PHO-003249,EDGE-0012405,EV-CONTRACT-2026-4187
PHO-000023,PHO-002358,EDGE-0012406,EV-CONTRACT-2026-4835
PHO-000295,PHO-002176,EDGE-0012407,EV-CONTRACT-2026-4996
PHO-002417,PHO-002276,EDGE-0012408,EV-CONTRACT-2026-1896
PHO-000830,PHO-002325,EDGE-0012409,EV-CONTRACT-2026-7024
PHO-002675,PHO-002633,EDGE-0012410,EV-CONTRACT-2026-3991
PHO-002765,PHO-000898,EDGE-0012411,EV-CONTRACT-2026-2004
PHO-002598,PHO-002589,EDGE-0012412,EV-CONTRACT-2026-9313
PHO-003881,PHO-001488,EDGE-0012413,EV-CONTRACT-2026-3884
PHO-004042,PHO-000720,EDGE-0012414,EV-CONTRACT-2026-9098
PHO-004027,PHO-000072,EDGE-0012415,EV-CONTRACT-2026-9041
PHO-002273,PHO-001083,EDGE-0012416,EV-CONTRACT-2026-9583
PHO-001510,PHO-004975,EDGE-0012417,EV-CONTRACT-2026-2388
PHO-000354,PHO-004593,EDGE-0012418,EV-CONTRACT-2026-5863
PHO-004360,PHO-001023,EDGE-0012419,EV-CONTRACT-2026-3454
PHO-003441,PHO-002298,EDGE-0012420,EV-CONTRACT-2026-2162
PHO-002382,PHO-000595,EDGE-0012421,EV-CONTRACT-2026-9203
PHO-003394,PHO-002663,EDGE-0012422,EV-CONTRACT-2026-8365
PHO-004332,PHO-003626,EDGE-0012423,EV-CONTRACT-2026-6824
PHO-000020,PHO-004288,EDGE-0012424,EV-CONTRACT-2026-9181
PHO-000131,PHO-001311,EDGE-0012425,EV-CONTRACT-2026-6929
PHO-004116,PHO-003278,EDGE-0012426,EV-CONTRACT-2026-9316
PHO-000186,PHO-001880,EDGE-0012427,EV-CONTRACT-2026-8411
PHO-000666,PHO-000648,EDGE-0012428,EV-CONTRACT-2026-1238
PHO-003365,PHO-001846,EDGE-0012429,EV-CONTRACT-2026-7011
PHO-004172,PHO-003664,EDGE-0012430,EV-CONTRACT-2026-2028
PHO-003178,PHO-001346,EDGE-0012431,EV-CONTRACT-2026-8367
PHO-001390,PHO-004443,EDGE-0012432,EV-CONTRACT-2026-8714
PHO-002939,PHO-004557,EDGE-0012433,EV-CONTRACT-2026-9332
PHO-003128,PHO-002936,EDGE-0012434,EV-CONTRACT-2026-9438
PHO-004430,PHO-003337,EDGE-0012435,EV-CONTRACT-2026-9895
PHO-001632,PHO-004230,EDGE-0012436,EV-CONTRACT-2026-9303
PHO-002448,PHO-000166,EDGE-0012437,EV-CONTRACT-2026-3413
PHO-000022,PHO-004257,EDGE-0012438,EV-CONTRACT-2026-2116
PHO-000800,PHO-004272,EDGE-0012439,EV-CONTRACT-2026-2705
PHO-001104,PHO-001801,EDGE-0012440,EV-CONTRACT-2026-3258
PHO-002746,PHO-003284,EDGE-0012441,EV-CONTRACT-2026-3244
PHO-001475,PHO-004642,EDGE-0012442,EV-CONTRACT-2026-5814
PHO-002752,PHO-004601,EDGE-0012443,EV-CONTRACT-2026-6950
PHO-000659,PHO-000188,EDGE-0012444,EV-CONTRACT-2026-7559
PHO-004810,PHO-001765,EDGE-0012445,EV-CONTRACT-2026-4526
PHO-004886,PHO-003970,EDGE-0012446,EV-CONTRACT-2026-4436
PHO-003670,PHO-000191,EDGE-0012447,EV-CONTRACT-2026-2483
PHO-004540,PHO-004618,EDGE-0012448,EV-CONTRACT-2026-7582
PHO-004209,PHO-004994,EDGE-0012449,EV-CONTRACT-2026-5753
PHO-001865,PHO-000736,EDGE-0012450,EV-CONTRACT-2026-4130
PHO-000405,PHO-004465,EDGE-0012451,EV-CONTRACT-2026-5518
PHO-004145,PHO-003681,EDGE-0012452,EV-CONTRACT-2026-9436
PHO-000958,PHO-001218,EDGE-0012453,EV-CONTRACT-2026-3305
PHO-004170,PHO-001603,EDGE-0012454,EV-CONTRACT-2026-3155
PHO-001377,PHO-003675,EDGE-0012455,EV-CONTRACT-2026-6416
PHO-004820,PHO-001281,EDGE-0012456,EV-CONTRACT-2026-6997
PHO-001711,PHO-002221,EDGE-0012457,EV-CONTRACT-2026-8287
PHO-003675,PHO-002424,EDGE-0012458,EV-CONTRACT-2026-4621
PHO-004094,PHO-001102,EDGE-0012459,EV-CONTRACT-2026-9576
PHO-001958,PHO-001202,EDGE-0012460,EV-CONTRACT-2026-1461
PHO-000891,PHO-004482,EDGE-0012461,EV-CONTRACT-2026-1575
PHO-002981,PHO-004371,EDGE-0012462,EV-CONTRACT-2026-8018
PHO-001615,PHO-002511,EDGE-0012463,EV-CONTRACT-2026-7716
PHO-001850,PHO-004077,EDGE-0012464,EV-CONTRACT-2026-7117
PHO-004055,PHO-004767,EDGE-0012465,EV-CONTRACT-2026-8173
PHO-000725,PHO-000181,EDGE-0012466,EV-CONTRACT-2026-4357
PHO-000611,PHO-003618,EDGE-0012467,EV-CONTRACT-2026-5705
PHO-004956,PHO-000323,EDGE-0012468,EV-CONTRACT-2026-2817
PHO-003223,PHO-004436,EDGE-0012469,EV-CONTRACT-2026-8938
PHO-003909,PHO-002836,EDGE-0012470,EV-CONTRACT-2026-6499
PHO-001175,PHO-003050,EDGE-0012471,EV-CONTRACT-2026-4003
PHO-000236,PHO-001727,EDGE-0012472,EV-CONTRACT-2026-5951
PHO-002986,PHO-004755,EDGE-0012473,EV-CONTRACT-2026-8614
PHO-003619,PHO-004328,EDGE-0012474,EV-CONTRACT-2026-1583
PHO-000333,PHO-001498,EDGE-0012475,EV-CONTRACT-2026-2693
PHO-001939,PHO-001529,EDGE-0012476,EV-CONTRACT-2026-1887
PHO-002017,PHO-000166,EDGE-0012477,EV-CONTRACT-2026-3566
PHO-002434,PHO-002429,EDGE-0012478,EV-CONTRACT-2026-2042
PHO-000693,PHO-004695,EDGE-0012479,EV-CONTRACT-2026-3449
PHO-004837,PHO-000262,EDGE-0012480,EV-CONTRACT-2026-3993
PHO-004002,PHO-000735,EDGE-0012481,EV-CONTRACT-2026-4358
PHO-000911,PHO-003935,EDGE-0012482,EV-CONTRACT-2026-7538
PHO-003185,PHO-003973,EDGE-0012483,EV-CONTRACT-2026-5658
PHO-002785,PHO-003810,EDGE-0012484,EV-CONTRACT-2026-8145
PHO-000324,PHO-001054,EDGE-0012485,EV-CONTRACT-2026-7191
PHO-001940,PHO-000088,EDGE-0012486,EV-CONTRACT-2026-1707
PHO-004099,PHO-004985,EDGE-0012487,EV-CONTRACT-2026-2619
PHO-003777,PHO-001083,EDGE-0012488,EV-CONTRACT-2026-2138
PHO-003675,PHO-004386,EDGE-0012489,EV-CONTRACT-2026-8205
PHO-004503,PHO-003749,EDGE-0012490,EV-CONTRACT-2026-8760
PHO-002582,PHO-003430,EDGE-0012491,EV-CONTRACT-2026-4917
PHO-003813,PHO-002538,EDGE-0012492,EV-CONTRACT-2026-1454
PHO-004687,PHO-003437,EDGE-0012493,EV-CONTRACT-2026-1563
PHO-001540,PHO-004967,EDGE-0012494,EV-CONTRACT-2026-8108
PHO-001371,PHO-001433,EDGE-0012495,EV-CONTRACT-2026-3637
PHO-004092,PHO-000200,EDGE-0012496,EV-CONTRACT-2026-8007
PHO-001221,PHO-001783,EDGE-0012497,EV-CONTRACT-2026-8537
PHO-001530,PHO-002950,EDGE-0012498,EV-CONTRACT-2026-2292
PHO-003641,PHO-001781,EDGE-0012499,EV-CONTRACT-2026-2463
PHO-002045,PHO-004657,EDGE-0012500,EV-CONTRACT-2026-7713
PHO-002876,PHO-003988,EDGE-0012501,EV-CONTRACT-2026-3959
PHO-003151,PHO-004858,EDGE-0012502,EV-CONTRACT-2026-4719
PHO-002552,PHO-004351,EDGE-0012503,EV-CONTRACT-2026-2083
PHO-002394,PHO-004520,EDGE-0012504,EV-CONTRACT-2026-1139
PHO-003806,PHO-000020,EDGE-0012505,EV-CONTRACT-2026-7140
PHO-000200,PHO-003990,EDGE-0012506,EV-CONTRACT-2026-1595
PHO-004134,PHO-004680,EDGE-0012507,EV-CONTRACT-2026-9399
PHO-004545,PHO-004326,EDGE-0012508,EV-CONTRACT-2026-8370
PHO-000668,PHO-001311,EDGE-0012509,EV-CONTRACT-2026-5253
PHO-003783,PHO-004162,EDGE-0012510,EV-CONTRACT-2026-2045
PHO-000782,PHO-004689,EDGE-0012511,EV-CONTRACT-2026-4918
PHO-003046,PHO-004697,EDGE-0012512,EV-CONTRACT-2026-5436
PHO-000283,PHO-002851,EDGE-0012513,EV-CONTRACT-2026-5626
PHO-000125,PHO-001187,EDGE-0012514,EV-CONTRACT-2026-1325
PHO-002594,PHO-002002,EDGE-0012515,EV-CONTRACT-2026-1678
PHO-003883,PHO-002239,EDGE-0012516,EV-CONTRACT-2026-5136
PHO-004407,PHO-004543,EDGE-0012517,EV-CONTRACT-2026-4903
PHO-003048,PHO-000703,EDGE-0012518,EV-CONTRACT-2026-7132
PHO-001823,PHO-000561,EDGE-0012519,EV-CONTRACT-2026-7488
PHO-003203,PHO-002402,EDGE-0012520,EV-CONTRACT-2026-2868
PHO-004150,PHO-004093,EDGE-0012521,EV-CONTRACT-2026-8174
PHO-002655,PHO-002090,EDGE-0012522,EV-CONTRACT-2026-5265
PHO-000261,PHO-004138,EDGE-0012523,EV-CONTRACT-2026-1742
PHO-003879,PHO-001443,EDGE-0012524,EV-CONTRACT-2026-6982
PHO-004700,PHO-003756,EDGE-0012525,EV-CONTRACT-2026-8420
PHO-000797,PHO-002005,EDGE-0012526,EV-CONTRACT-2026-4557
PHO-000478,PHO-004882,EDGE-0012527,EV-CONTRACT-2026-7300
PHO-003552,PHO-001398,EDGE-0012528,EV-CONTRACT-2026-2577
PHO-004874,PHO-004544,EDGE-0012529,EV-CONTRACT-2026-5158
PHO-002303,PHO-003912,EDGE-0012530,EV-CONTRACT-2026-9251
PHO-004558,PHO-004397,EDGE-0012531,EV-CONTRACT-2026-9700
PHO-004898,PHO-004304,EDGE-0012532,EV-CONTRACT-2026-3955
PHO-001969,PHO-001029,EDGE-0012533,EV-CONTRACT-2026-7715
PHO-003007,PHO-002058,EDGE-0012534,EV-CONTRACT-2026-6833
PHO-001517,PHO-002120,EDGE-0012535,EV-CONTRACT-2026-8359
PHO-001651,PHO-004439,EDGE-0012536,EV-CONTRACT-2026-9193
PHO-001290,PHO-003472,EDGE-0012537,EV-CONTRACT-2026-7806
PHO-001539,PHO-002061,EDGE-0012538,EV-CONTRACT-2026-3669
PHO-000071,PHO-003919,EDGE-0012539,EV-CONTRACT-2026-4035
PHO-000926,PHO-000639,EDGE-0012540,EV-CONTRACT-2026-6101
PHO-002278,PHO-003196,EDGE-0012541,EV-CONTRACT-2026-8696
PHO-004674,PHO-004993,EDGE-0012542,EV-CONTRACT-2026-1132
PHO-001829,PHO-003825,EDGE-0012543,EV-CONTRACT-2026-7584
PHO-000609,PHO-002461,EDGE-0012544,EV-CONTRACT-2026-7054
PHO-004923,PHO-004016,EDGE-0012545,EV-CONTRACT-2026-2020
PHO-004374,PHO-004502,EDGE-0012546,EV-CONTRACT-2026-2522
PHO-004089,PHO-004931,EDGE-0012547,EV-CONTRACT-2026-7969
PHO-000774,PHO-003834,EDGE-0012548,EV-CONTRACT-2026-7913
PHO-004161,PHO-004634,EDGE-0012549,EV-CONTRACT-2026-1837
PHO-000757,PHO-000928,EDGE-0012550,EV-CONTRACT-2026-1296
PHO-003641,PHO-000560,EDGE-0012551,EV-CONTRACT-2026-1089
PHO-004842,PHO-001075,EDGE-0012552,EV-CONTRACT-2026-8163
PHO-000332,PHO-001183,EDGE-0012553,EV-CONTRACT-2026-6345
PHO-001788,PHO-000333,EDGE-0012554,EV-CONTRACT-2026-7893
PHO-004203,PHO-003246,EDGE-0012555,EV-CONTRACT-2026-7361
PHO-003455,PHO-001349,EDGE-0012556,EV-CONTRACT-2026-2752
PHO-000425,PHO-003409,EDGE-0012557,EV-CONTRACT-2026-6029
PHO-002817,PHO-004121,EDGE-0012558,EV-CONTRACT-2026-9828
PHO-003879,PHO-002630,EDGE-0012559,EV-CONTRACT-2026-2911
PHO-002292,PHO-002366,EDGE-0012560,EV-CONTRACT-2026-5463
PHO-003159,PHO-002999,EDGE-0012561,EV-CONTRACT-2026-3080
PHO-004945,PHO-003996,EDGE-0012562,EV-CONTRACT-2026-2519
PHO-003774,PHO-001380,EDGE-0012563,EV-CONTRACT-2026-7777
PHO-001114,PHO-003909,EDGE-0012564,EV-CONTRACT-2026-7017
PHO-003304,PHO-003662,EDGE-0012565,EV-CONTRACT-2026-8803
PHO-004773,PHO-004403,EDGE-0012566,EV-CONTRACT-2026-4784
PHO-002041,PHO-001228,EDGE-0012567,EV-CONTRACT-2026-4491
PHO-000149,PHO-004401,EDGE-0012568,EV-CONTRACT-2026-8505
PHO-002337,PHO-002560,EDGE-0012569,EV-CONTRACT-2026-7660
PHO-001151,PHO-003138,EDGE-0012570,EV-CONTRACT-2026-1758
PHO-002582,PHO-001659,EDGE-0012571,EV-CONTRACT-2026-9056
PHO-000987,PHO-000404,EDGE-0012572,EV-CONTRACT-2026-3157
PHO-000692,PHO-003586,EDGE-0012573,EV-CONTRACT-2026-3618
PHO-003830,PHO-003713,EDGE-0012574,EV-CONTRACT-2026-8012
PHO-003399,PHO-001431,EDGE-0012575,EV-CONTRACT-2026-7179
PHO-004267,PHO-002700,EDGE-0012576,EV-CONTRACT-2026-9850
PHO-001545,PHO-003418,EDGE-0012577,EV-CONTRACT-2026-8203
PHO-001552,PHO-001942,EDGE-0012578,EV-CONTRACT-2026-1341
PHO-001591,PHO-001307,EDGE-0012579,EV-CONTRACT-2026-4709
PHO-001647,PHO-000173,EDGE-0012580,EV-CONTRACT-2026-6097
PHO-003428,PHO-001332,EDGE-0012581,EV-CONTRACT-2026-2456
PHO-001396,PHO-002759,EDGE-0012582,EV-CONTRACT-2026-2618
PHO-001481,PHO-004185,EDGE-0012583,EV-CONTRACT-2026-2844
PHO-004941,PHO-004228,EDGE-0012584,EV-CONTRACT-2026-9867
PHO-002105,PHO-001898,EDGE-0012585,EV-CONTRACT-2026-5764
PHO-000188,PHO-000146,EDGE-0012586,EV-CONTRACT-2026-3251
PHO-002271,PHO-003666,EDGE-0012587,EV-CONTRACT-2026-6887
PHO-001100,PHO-004742,EDGE-0012588,EV-CONTRACT-2026-2756
PHO-003628,PHO-004650,EDGE-0012589,EV-CONTRACT-2026-6601
PHO-001286,PHO-001861,EDGE-0012590,EV-CONTRACT-2026-9442
PHO-000917,PHO-002457,EDGE-0012591,EV-CONTRACT-2026-7912
PHO-000513,PHO-004608,EDGE-0012592,EV-CONTRACT-2026-5571
PHO-003964,PHO-002355,EDGE-0012593,EV-CONTRACT-2026-4364
PHO-003047,PHO-003500,EDGE-0012594,EV-CONTRACT-2026-6563
PHO-001322,PHO-002343,EDGE-0012595,EV-CONTRACT-2026-4021
PHO-003786,PHO-004757,EDGE-0012596,EV-CONTRACT-2026-6983
PHO-001370,PHO-003952,EDGE-0012597,EV-CONTRACT-2026-2772
PHO-001116,PHO-003459,EDGE-0012598,EV-CONTRACT-2026-6860
PHO-004803,PHO-004865,EDGE-0012599,EV-CONTRACT-2026-5463
PHO-001126,PHO-002812,EDGE-0012600,EV-CONTRACT-2026-8400
PHO-000857,PHO-001340,EDGE-0012601,EV-CONTRACT-2026-7167
PHO-002138,PHO-004677,EDGE-0012602,EV-CONTRACT-2026-7806
PHO-004202,PHO-001501,EDGE-0012603,EV-CONTRACT-2026-9725
PHO-002930,PHO-001439,EDGE-0012604,EV-CONTRACT-2026-1605
PHO-002706,PHO-001535,EDGE-0012605,EV-CONTRACT-2026-7370
PHO-001108,PHO-000019,EDGE-0012606,EV-CONTRACT-2026-1700
PHO-000063,PHO-003290,EDGE-0012607,EV-CONTRACT-2026-5475
PHO-001133,PHO-004878,EDGE-0012608,EV-CONTRACT-2026-3959
PHO-000231,PHO-002425,EDGE-0012609,EV-CONTRACT-2026-4961
PHO-000590,PHO-002051,EDGE-0012610,EV-CONTRACT-2026-9992
PHO-001565,PHO-002869,EDGE-0012611,EV-CONTRACT-2026-2988
PHO-002621,PHO-001736,EDGE-0012612,EV-CONTRACT-2026-4786
PHO-000425,PHO-004520,EDGE-0012613,EV-CONTRACT-2026-3352
PHO-001571,PHO-002340,EDGE-0012614,EV-CONTRACT-2026-4379
PHO-003579,PHO-002322,EDGE-0012615,EV-CONTRACT-2026-7769
PHO-003069,PHO-004041,EDGE-0012616,EV-CONTRACT-2026-4694
PHO-004294,PHO-002646,EDGE-0012617,EV-CONTRACT-2026-1169
PHO-003177,PHO-004461,EDGE-0012618,EV-CONTRACT-2026-7773
PHO-002714,PHO-000294,EDGE-0012619,EV-CONTRACT-2026-2624
PHO-004631,PHO-001859,EDGE-0012620,EV-CONTRACT-2026-3411
PHO-004875,PHO-003031,EDGE-0012621,EV-CONTRACT-2026-7261
PHO-004177,PHO-002337,EDGE-0012622,EV-CONTRACT-2026-4966
PHO-004372,PHO-002161,EDGE-0012623,EV-CONTRACT-2026-2491
PHO-000839,PHO-002384,EDGE-0012624,EV-CONTRACT-2026-4896
PHO-002693,PHO-002045,EDGE-0012625,EV-CONTRACT-2026-1386
PHO-003904,PHO-001844,EDGE-0012626,EV-CONTRACT-2026-7052
PHO-001270,PHO-003431,EDGE-0012627,EV-CONTRACT-2026-7978
PHO-003333,PHO-000054,EDGE-0012628,EV-CONTRACT-2026-9462
PHO-001280,PHO-004162,EDGE-0012629,EV-CONTRACT-2026-9589
PHO-003907,PHO-004516,EDGE-0012630,EV-CONTRACT-2026-5960
PHO-001355,PHO-001424,EDGE-0012631,EV-CONTRACT-2026-6129
PHO-002791,PHO-003114,EDGE-0012632,EV-CONTRACT-2026-1344
PHO-000640,PHO-002503,EDGE-0012633,EV-CONTRACT-2026-9397
PHO-002944,PHO-001740,EDGE-0012634,EV-CONTRACT-2026-1373
PHO-002493,PHO-004623,EDGE-0012635,EV-CONTRACT-2026-1864
PHO-000350,PHO-001802,EDGE-0012636,EV-CONTRACT-2026-1879
PHO-003059,PHO-002020,EDGE-0012637,EV-CONTRACT-2026-6131
PHO-002798,PHO-004645,EDGE-0012638,EV-CONTRACT-2026-5326
PHO-001005,PHO-003821,EDGE-0012639,EV-CONTRACT-2026-7006
PHO-003585,PHO-003347,EDGE-0012640,EV-CONTRACT-2026-8426
PHO-004548,PHO-000955,EDGE-0012641,EV-CONTRACT-2026-9707
PHO-001585,PHO-003541,EDGE-0012642,EV-CONTRACT-2026-4329
PHO-001717,PHO-004295,EDGE-0012643,EV-CONTRACT-2026-3579
PHO-001937,PHO-000110,EDGE-0012644,EV-CONTRACT-2026-3016
PHO-001377,PHO-000352,EDGE-0012645,EV-CONTRACT-2026-8261
PHO-003335,PHO-001582,EDGE-0012646,EV-CONTRACT-2026-2487
PHO-004852,PHO-003888,EDGE-0012647,EV-CONTRACT-2026-3464
PHO-001500,PHO-003237,EDGE-0012648,EV-CONTRACT-2026-9732
PHO-001491,PHO-003485,EDGE-0012649,EV-CONTRACT-2026-4085
PHO-004859,PHO-004348,EDGE-0012650,EV-CONTRACT-2026-6409
PHO-004816,PHO-004630,EDGE-0012651,EV-CONTRACT-2026-5997
PHO-003408,PHO-003820,EDGE-0012652,EV-CONTRACT-2026-4453
PHO-003772,PHO-003174,EDGE-0012653,EV-CONTRACT-2026-3812
PHO-001428,PHO-004974,EDGE-0012654,EV-CONTRACT-2026-8136
PHO-001042,PHO-000881,EDGE-0012655,EV-CONTRACT-2026-7918
PHO-002059,PHO-002213,EDGE-0012656,EV-CONTRACT-2026-2980
PHO-001576,PHO-003115,EDGE-0012657,EV-CONTRACT-2026-2710
PHO-001292,PHO-004960,EDGE-0012658,EV-CONTRACT-2026-1711
PHO-003139,PHO-003070,EDGE-0012659,EV-CONTRACT-2026-1866
PHO-001016,PHO-004908,EDGE-0012660,EV-CONTRACT-2026-1070
PHO-004087,PHO-001384,EDGE-0012661,EV-CONTRACT-2026-7900
PHO-001493,PHO-004462,EDGE-0012662,EV-CONTRACT-2026-9677
PHO-003799,PHO-000164,EDGE-0012663,EV-CONTRACT-2026-2897
PHO-001392,PHO-003118,EDGE-0012664,EV-CONTRACT-2026-9788
PHO-003183,PHO-004724,EDGE-0012665,EV-CONTRACT-2026-6107
PHO-004251,PHO-000538,EDGE-0012666,EV-CONTRACT-2026-9838
PHO-004942,PHO-002044,EDGE-0012667,EV-CONTRACT-2026-5279
PHO-004937,PHO-001787,EDGE-0012668,EV-CONTRACT-2026-9529
PHO-002771,PHO-000860,EDGE-0012669,EV-CONTRACT-2026-5105
PHO-002418,PHO-002037,EDGE-0012670,EV-CONTRACT-2026-3165
PHO-003769,PHO-001628,EDGE-0012671,EV-CONTRACT-2026-5948
PHO-003900,PHO-003611,EDGE-0012672,EV-CONTRACT-2026-2754
PHO-001444,PHO-002487,EDGE-0012673,EV-CONTRACT-2026-2200
PHO-004900,PHO-000276,EDGE-0012674,EV-CONTRACT-2026-8459
PHO-002284,PHO-002061,EDGE-0012675,EV-CONTRACT-2026-2994
PHO-002442,PHO-002570,EDGE-0012676,EV-CONTRACT-2026-4794
PHO-000377,PHO-002748,EDGE-0012677,EV-CONTRACT-2026-3692
PHO-002533,PHO-001167,EDGE-0012678,EV-CONTRACT-2026-1050
PHO-002294,PHO-001722,EDGE-0012679,EV-CONTRACT-2026-3039
PHO-004515,PHO-004375,EDGE-0012680,EV-CONTRACT-2026-6750
PHO-003001,PHO-002783,EDGE-0012681,EV-CONTRACT-2026-6874
PHO-002462,PHO-004850,EDGE-0012682,EV-CONTRACT-2026-9292
PHO-001873,PHO-002019,EDGE-0012683,EV-CONTRACT-2026-9214
PHO-000777,PHO-001936,EDGE-0012684,EV-CONTRACT-2026-8577
PHO-002443,PHO-004907,EDGE-0012685,EV-CONTRACT-2026-4475
PHO-000340,PHO-001828,EDGE-0012686,EV-CONTRACT-2026-3930
PHO-003862,PHO-004331,EDGE-0012687,EV-CONTRACT-2026-7043
PHO-004653,PHO-002736,EDGE-0012688,EV-CONTRACT-2026-2398
PHO-003893,PHO-000332,EDGE-0012689,EV-CONTRACT-2026-5152
PHO-003961,PHO-004276,EDGE-0012690,EV-CONTRACT-2026-7264
PHO-003755,PHO-001888,EDGE-0012691,EV-CONTRACT-2026-4207
PHO-000853,PHO-000914,EDGE-0012692,EV-CONTRACT-2026-5062
PHO-004103,PHO-000337,EDGE-0012693,EV-CONTRACT-2026-1871
PHO-004301,PHO-002365,EDGE-0012694,EV-CONTRACT-2026-7656
PHO-000951,PHO-002844,EDGE-0012695,EV-CONTRACT-2026-3719
PHO-004966,PHO-001108,EDGE-0012696,EV-CONTRACT-2026-3751
PHO-004665,PHO-002255,EDGE-0012697,EV-CONTRACT-2026-9064
PHO-004101,PHO-001905,EDGE-0012698,EV-CONTRACT-2026-4439
PHO-001467,PHO-002036,EDGE-0012699,EV-CONTRACT-2026-2365
PHO-000553,PHO-004641,EDGE-0012700,EV-CONTRACT-2026-9905
PHO-002996,PHO-000853,EDGE-0012701,EV-CONTRACT-2026-1145
PHO-004451,PHO-001730,EDGE-0012702,EV-CONTRACT-2026-4859
PHO-000562,PHO-003564,EDGE-0012703,EV-CONTRACT-2026-4172
PHO-002271,PHO-001769,EDGE-0012704,EV-CONTRACT-2026-5850
PHO-000937,PHO-002692,EDGE-0012705,EV-CONTRACT-2026-4848
PHO-004159,PHO-004293,EDGE-0012706,EV-CONTRACT-2026-6404
PHO-004885,PHO-002971,EDGE-0012707,EV-CONTRACT-2026-4373
PHO-001078,PHO-002687,EDGE-0012708,EV-CONTRACT-2026-7307
PHO-002102,PHO-002027,EDGE-0012709,EV-CONTRACT-2026-8577
PHO-002820,PHO-003117,EDGE-0012710,EV-CONTRACT-2026-2739
PHO-001944,PHO-002346,EDGE-0012711,EV-CONTRACT-2026-1027
PHO-000315,PHO-001209,EDGE-0012712,EV-CONTRACT-2026-5895
PHO-001680,PHO-003988,EDGE-0012713,EV-CONTRACT-2026-3608
PHO-002963,PHO-001559,EDGE-0012714,EV-CONTRACT-2026-3385
PHO-000850,PHO-003854,EDGE-0012715,EV-CONTRACT-2026-3962
PHO-003297,PHO-003382,EDGE-0012716,EV-CONTRACT-2026-4029
PHO-001696,PHO-002537,EDGE-0012717,EV-CONTRACT-2026-5221
PHO-000639,PHO-000907,EDGE-0012718,EV-CONTRACT-2026-3025
PHO-000355,PHO-001249,EDGE-0012719,EV-CONTRACT-2026-7889
PHO-000110,PHO-001136,EDGE-0012720,EV-CONTRACT-2026-7456
PHO-004090,PHO-004342,EDGE-0012721,EV-CONTRACT-2026-1522
PHO-003443,PHO-002342,EDGE-0012722,EV-CONTRACT-2026-9984
PHO-003740,PHO-002663,EDGE-0012723,EV-CONTRACT-2026-9432
PHO-001923,PHO-001769,EDGE-0012724,EV-CONTRACT-2026-1538
PHO-004909,PHO-000648,EDGE-0012725,EV-CONTRACT-2026-3763
PHO-000040,PHO-003725,EDGE-0012726,EV-CONTRACT-2026-3461
PHO-003919,PHO-000696,EDGE-0012727,EV-CONTRACT-2026-4556
PHO-000483,PHO-002264,EDGE-0012728,EV-CONTRACT-2026-7856
PHO-003795,PHO-003186,EDGE-0012729,EV-CONTRACT-2026-4598
PHO-000756,PHO-000422,EDGE-0012730,EV-CONTRACT-2026-5724
PHO-003397,PHO-000198,EDGE-0012731,EV-CONTRACT-2026-4687
PHO-004281,PHO-000605,EDGE-0012732,EV-CONTRACT-2026-5463
PHO-004584,PHO-002676,EDGE-0012733,EV-CONTRACT-2026-5204
PHO-004595,PHO-002059,EDGE-0012734,EV-CONTRACT-2026-1345
PHO-003468,PHO-002461,EDGE-0012735,EV-CONTRACT-2026-8196
PHO-004267,PHO-002882,EDGE-0012736,EV-CONTRACT-2026-1064
PHO-004121,PHO-003537,EDGE-0012737,EV-CONTRACT-2026-1937
PHO-003232,PHO-002154,EDGE-0012738,EV-CONTRACT-2026-3769
PHO-000316,PHO-002050,EDGE-0012739,EV-CONTRACT-2026-3733
PHO-004929,PHO-001176,EDGE-0012740,EV-CONTRACT-2026-1659
PHO-004078,PHO-002382,EDGE-0012741,EV-CONTRACT-2026-4682
PHO-001644,PHO-001835,EDGE-0012742,EV-CONTRACT-2026-7879
PHO-004931,PHO-001199,EDGE-0012743,EV-CONTRACT-2026-7205
PHO-003134,PHO-000758,EDGE-0012744,EV-CONTRACT-2026-3521
PHO-001538,PHO-002999,EDGE-0012745,EV-CONTRACT-2026-5593
PHO-000007,PHO-004886,EDGE-0012746,EV-CONTRACT-2026-6503
PHO-000835,PHO-000600,EDGE-0012747,EV-CONTRACT-2026-1795
PHO-002423,PHO-000907,EDGE-0012748,EV-CONTRACT-2026-5165
PHO-000800,PHO-005000,EDGE-0012749,EV-CONTRACT-2026-2041
PHO-001422,PHO-002642,EDGE-0012750,EV-CONTRACT-2026-4307
PHO-000863,PHO-004325,EDGE-0012751,EV-CONTRACT-2026-7219
PHO-000179,PHO-000040,EDGE-0012752,EV-CONTRACT-2026-2672
PHO-003741,PHO-002408,EDGE-0012753,EV-CONTRACT-2026-6901
PHO-004550,PHO-002161,EDGE-0012754,EV-CONTRACT-2026-3246
PHO-001741,PHO-002638,EDGE-0012755,EV-CONTRACT-2026-3255
PHO-004749,PHO-000425,EDGE-0012756,EV-CONTRACT-2026-6023
PHO-003831,PHO-000339,EDGE-0012757,EV-CONTRACT-2026-7860
PHO-001389,PHO-000866,EDGE-0012758,EV-CONTRACT-2026-3457
PHO-000218,PHO-000570,EDGE-0012759,EV-CONTRACT-2026-3621
PHO-002877,PHO-002450,EDGE-0012760,EV-CONTRACT-2026-9300
PHO-003769,PHO-003655,EDGE-0012761,EV-CONTRACT-2026-6847
PHO-000636,PHO-001043,EDGE-0012762,EV-CONTRACT-2026-4097
PHO-002244,PHO-004130,EDGE-0012763,EV-CONTRACT-2026-7447
PHO-001427,PHO-002158,EDGE-0012764,EV-CONTRACT-2026-3668
PHO-002429,PHO-001402,EDGE-0012765,EV-CONTRACT-2026-7294
PHO-000325,PHO-002093,EDGE-0012766,EV-CONTRACT-2026-8113
PHO-001582,PHO-004484,EDGE-0012767,EV-CONTRACT-2026-1755
PHO-002805,PHO-003036,EDGE-0012768,EV-CONTRACT-2026-6699
PHO-001055,PHO-001181,EDGE-0012769,EV-CONTRACT-2026-6995
PHO-002925,PHO-002973,EDGE-0012770,EV-CONTRACT-2026-4159
PHO-002687,PHO-004089,EDGE-0012771,EV-CONTRACT-2026-3923
PHO-002322,PHO-002439,EDGE-0012772,EV-CONTRACT-2026-5947
PHO-004770,PHO-003568,EDGE-0012773,EV-CONTRACT-2026-9413
PHO-004413,PHO-002251,EDGE-0012774,EV-CONTRACT-2026-3245
PHO-000135,PHO-001200,EDGE-0012775,EV-CONTRACT-2026-3695
PHO-003888,PHO-001996,EDGE-0012776,EV-CONTRACT-2026-8800
PHO-001718,PHO-000543,EDGE-0012777,EV-CONTRACT-2026-9266
PHO-002007,PHO-000371,EDGE-0012778,EV-CONTRACT-2026-5755
PHO-000973,PHO-000889,EDGE-0012779,EV-CONTRACT-2026-1954
PHO-000476,PHO-001701,EDGE-0012780,EV-CONTRACT-2026-4412
PHO-000537,PHO-004737,EDGE-0012781,EV-CONTRACT-2026-1345
PHO-000037,PHO-000072,EDGE-0012782,EV-CONTRACT-2026-7596
PHO-004709,PHO-003911,EDGE-0012783,EV-CONTRACT-2026-1128
PHO-000714,PHO-003645,EDGE-0012784,EV-CONTRACT-2026-9335
PHO-000933,PHO-001560,EDGE-0012785,EV-CONTRACT-2026-6396
PHO-000586,PHO-000392,EDGE-0012786,EV-CONTRACT-2026-1395
PHO-004753,PHO-003930,EDGE-0012787,EV-CONTRACT-2026-3641
PHO-001098,PHO-001420,EDGE-0012788,EV-CONTRACT-2026-1374
PHO-003900,PHO-002215,EDGE-0012789,EV-CONTRACT-2026-8626
PHO-000738,PHO-002660,EDGE-0012790,EV-CONTRACT-2026-9015
PHO-001059,PHO-003670,EDGE-0012791,EV-CONTRACT-2026-9353
PHO-000602,PHO-002789,EDGE-0012792,EV-CONTRACT-2026-3258
PHO-000381,PHO-002697,EDGE-0012793,EV-CONTRACT-2026-7588
PHO-003853,PHO-004230,EDGE-0012794,EV-CONTRACT-2026-5667
PHO-002497,PHO-000561,EDGE-0012795,EV-CONTRACT-2026-6850
PHO-000857,PHO-002426,EDGE-0012796,EV-CONTRACT-2026-1926
PHO-004062,PHO-003784,EDGE-0012797,EV-CONTRACT-2026-5860
PHO-002905,PHO-001385,EDGE-0012798,EV-CONTRACT-2026-8018
PHO-000269,PHO-000533,EDGE-0012799,EV-CONTRACT-2026-7543
PHO-001082,PHO-003185,EDGE-0012800,EV-CONTRACT-2026-1473
PHO-004115,PHO-004897,EDGE-0012801,EV-CONTRACT-2026-2689
PHO-003194,PHO-003292,EDGE-0012802,EV-CONTRACT-2026-9941
PHO-003394,PHO-003634,EDGE-0012803,EV-CONTRACT-2026-4853
PHO-003874,PHO-000215,EDGE-0012804,EV-CONTRACT-2026-9365
PHO-003121,PHO-002772,EDGE-0012805,EV-CONTRACT-2026-9944
PHO-004466,PHO-004961,EDGE-0012806,EV-CONTRACT-2026-3173
PHO-004156,PHO-004272,EDGE-0012807,EV-CONTRACT-2026-5180
PHO-003428,PHO-001695,EDGE-0012808,EV-CONTRACT-2026-2223
PHO-000445,PHO-001776,EDGE-0012809,EV-CONTRACT-2026-3612
PHO-004097,PHO-003732,EDGE-0012810,EV-CONTRACT-2026-6168
PHO-000395,PHO-002772,EDGE-0012811,EV-CONTRACT-2026-8598
PHO-002205,PHO-004517,EDGE-0012812,EV-CONTRACT-2026-7386
PHO-003491,PHO-001776,EDGE-0012813,EV-CONTRACT-2026-4785
PHO-004826,PHO-002230,EDGE-0012814,EV-CONTRACT-2026-8632
PHO-001213,PHO-002993,EDGE-0012815,EV-CONTRACT-2026-3813
PHO-001357,PHO-002788,EDGE-0012816,EV-CONTRACT-2026-1974
PHO-004557,PHO-001466,EDGE-0012817,EV-CONTRACT-2026-7289
PHO-003369,PHO-003938,EDGE-0012818,EV-CONTRACT-2026-7864
PHO-004714,PHO-002525,EDGE-0012819,EV-CONTRACT-2026-2398
PHO-002887,PHO-002291,EDGE-0012820,EV-CONTRACT-2026-9430
PHO-000464,PHO-004406,EDGE-0012821,EV-CONTRACT-2026-3767
PHO-000755,PHO-000014,EDGE-0012822,EV-CONTRACT-2026-5222
PHO-003138,PHO-004969,EDGE-0012823,EV-CONTRACT-2026-9924
PHO-002821,PHO-002224,EDGE-0012824,EV-CONTRACT-2026-3271
PHO-001143,PHO-002272,EDGE-0012825,EV-CONTRACT-2026-8681
PHO-004463,PHO-003368,EDGE-0012826,EV-CONTRACT-2026-6918
PHO-002117,PHO-002809,EDGE-0012827,EV-CONTRACT-2026-4824
PHO-002282,PHO-003141,EDGE-0012828,EV-CONTRACT-2026-8575
PHO-002855,PHO-002218,EDGE-0012829,EV-CONTRACT-2026-5269
PHO-003735,PHO-002803,EDGE-0012830,EV-CONTRACT-2026-6055
PHO-004584,PHO-001938,EDGE-0012831,EV-CONTRACT-2026-9315
PHO-000135,PHO-002776,EDGE-0012832,EV-CONTRACT-2026-3842
PHO-002263,PHO-001341,EDGE-0012833,EV-CONTRACT-2026-2380
PHO-002880,PHO-001416,EDGE-0012834,EV-CONTRACT-2026-3972
PHO-003913,PHO-001344,EDGE-0012835,EV-CONTRACT-2026-7140
PHO-002189,PHO-001308,EDGE-0012836,EV-CONTRACT-2026-9093
PHO-001478,PHO-003750,EDGE-0012837,EV-CONTRACT-2026-5205
PHO-001791,PHO-004747,EDGE-0012838,EV-CONTRACT-2026-7964
PHO-002599,PHO-004810,EDGE-0012839,EV-CONTRACT-2026-4836
PHO-002402,PHO-000769,EDGE-0012840,EV-CONTRACT-2026-6647
PHO-001336,PHO-003354,EDGE-0012841,EV-CONTRACT-2026-2136
PHO-000811,PHO-001960,EDGE-0012842,EV-CONTRACT-2026-6179
PHO-004830,PHO-001258,EDGE-0012843,EV-CONTRACT-2026-7793
PHO-002987,PHO-000734,EDGE-0012844,EV-CONTRACT-2026-6801
PHO-001834,PHO-003465,EDGE-0012845,EV-CONTRACT-2026-4094
PHO-001566,PHO-003189,EDGE-0012846,EV-CONTRACT-2026-6809
PHO-002653,PHO-003266,EDGE-0012847,EV-CONTRACT-2026-8596
PHO-001657,PHO-004350,EDGE-0012848,EV-CONTRACT-2026-9395
PHO-003697,PHO-002690,EDGE-0012849,EV-CONTRACT-2026-5966
PHO-001203,PHO-001263,EDGE-0012850,EV-CONTRACT-2026-7981
PHO-001822,PHO-004959,EDGE-0012851,EV-CONTRACT-2026-7339
PHO-001761,PHO-003311,EDGE-0012852,EV-CONTRACT-2026-7657
PHO-000092,PHO-004931,EDGE-0012853,EV-CONTRACT-2026-9323
PHO-004963,PHO-003029,EDGE-0012854,EV-CONTRACT-2026-5622
PHO-001856,PHO-004629,EDGE-0012855,EV-CONTRACT-2026-7428
PHO-004262,PHO-003480,EDGE-0012856,EV-CONTRACT-2026-2822
PHO-004014,PHO-003514,EDGE-0012857,EV-CONTRACT-2026-2132
PHO-000657,PHO-004685,EDGE-0012858,EV-CONTRACT-2026-3049
PHO-004695,PHO-003079,EDGE-0012859,EV-CONTRACT-2026-5770
PHO-002819,PHO-000289,EDGE-0012860,EV-CONTRACT-2026-3288
PHO-002243,PHO-002886,EDGE-0012861,EV-CONTRACT-2026-2939
PHO-002639,PHO-001613,EDGE-0012862,EV-CONTRACT-2026-2195
PHO-003130,PHO-001546,EDGE-0012863,EV-CONTRACT-2026-7223
PHO-004339,PHO-000329,EDGE-0012864,EV-CONTRACT-2026-1926
PHO-002642,PHO-001342,EDGE-0012865,EV-CONTRACT-2026-6710
PHO-003654,PHO-000121,EDGE-0012866,EV-CONTRACT-2026-8263
PHO-003679,PHO-000326,EDGE-0012867,EV-CONTRACT-2026-4637
PHO-004880,PHO-002752,EDGE-0012868,EV-CONTRACT-2026-6226
PHO-000321,PHO-004415,EDGE-0012869,EV-CONTRACT-2026-5087
PHO-004486,PHO-002839,EDGE-0012870,EV-CONTRACT-2026-1034
PHO-001582,PHO-004974,EDGE-0012871,EV-CONTRACT-2026-8146
PHO-004275,PHO-001717,EDGE-0012872,EV-CONTRACT-2026-1602
PHO-003125,PHO-000605,EDGE-0012873,EV-CONTRACT-2026-9424
PHO-003912,PHO-002270,EDGE-0012874,EV-CONTRACT-2026-8796
PHO-004860,PHO-003834,EDGE-0012875,EV-CONTRACT-2026-1921
PHO-003575,PHO-001288,EDGE-0012876,EV-CONTRACT-2026-1753
PHO-001270,PHO-004576,EDGE-0012877,EV-CONTRACT-2026-1758
PHO-001932,PHO-003152,EDGE-0012878,EV-CONTRACT-2026-7410
PHO-000874,PHO-002587,EDGE-0012879,EV-CONTRACT-2026-1977
PHO-000441,PHO-000298,EDGE-0012880,EV-CONTRACT-2026-7790
PHO-003006,PHO-000113,EDGE-0012881,EV-CONTRACT-2026-5697
PHO-000174,PHO-003520,EDGE-0012882,EV-CONTRACT-2026-8151
PHO-002028,PHO-000019,EDGE-0012883,EV-CONTRACT-2026-8789
PHO-001422,PHO-002954,EDGE-0012884,EV-CONTRACT-2026-1737
PHO-004933,PHO-004863,EDGE-0012885,EV-CONTRACT-2026-4147
PHO-003376,PHO-000075,EDGE-0012886,EV-CONTRACT-2026-7512
PHO-000890,PHO-002357,EDGE-0012887,EV-CONTRACT-2026-3717
PHO-003532,PHO-003276,EDGE-0012888,EV-CONTRACT-2026-1019
PHO-004592,PHO-001501,EDGE-0012889,EV-CONTRACT-2026-7476
PHO-004087,PHO-001954,EDGE-0012890,EV-CONTRACT-2026-2020
PHO-004508,PHO-001034,EDGE-0012891,EV-CONTRACT-2026-3235
PHO-003484,PHO-000861,EDGE-0012892,EV-CONTRACT-2026-1153
PHO-002135,PHO-003617,EDGE-0012893,EV-CONTRACT-2026-2543
PHO-001624,PHO-001591,EDGE-0012894,EV-CONTRACT-2026-4598
PHO-000435,PHO-004874,EDGE-0012895,EV-CONTRACT-2026-2776
PHO-000650,PHO-000598,EDGE-0012896,EV-CONTRACT-2026-1025
PHO-000535,PHO-002225,EDGE-0012897,EV-CONTRACT-2026-7924
PHO-002934,PHO-003130,EDGE-0012898,EV-CONTRACT-2026-4186
PHO-004165,PHO-000875,EDGE-0012899,EV-CONTRACT-2026-5974
PHO-002546,PHO-001285,EDGE-0012900,EV-CONTRACT-2026-1129
PHO-002577,PHO-000431,EDGE-0012901,EV-CONTRACT-2026-9831
PHO-000848,PHO-000922,EDGE-0012902,EV-CONTRACT-2026-9250
PHO-002025,PHO-002338,EDGE-0012903,EV-CONTRACT-2026-5844
PHO-004156,PHO-000673,EDGE-0012904,EV-CONTRACT-2026-1195
PHO-001657,PHO-004867,EDGE-0012905,EV-CONTRACT-2026-4632
PHO-001882,PHO-003121,EDGE-0012906,EV-CONTRACT-2026-2057
PHO-003951,PHO-001791,EDGE-0012907,EV-CONTRACT-2026-6644
PHO-002272,PHO-001087,EDGE-0012908,EV-CONTRACT-2026-7131
PHO-003170,PHO-003328,EDGE-0012909,EV-CONTRACT-2026-4925
PHO-001385,PHO-000714,EDGE-0012910,EV-CONTRACT-2026-9324
PHO-000918,PHO-003037,EDGE-0012911,EV-CONTRACT-2026-9421
PHO-003726,PHO-002994,EDGE-0012912,EV-CONTRACT-2026-2058
PHO-003670,PHO-003966,EDGE-0012913,EV-CONTRACT-2026-8293
PHO-002068,PHO-000245,EDGE-0012914,EV-CONTRACT-2026-6154
PHO-002527,PHO-002459,EDGE-0012915,EV-CONTRACT-2026-8033
PHO-001666,PHO-001761,EDGE-0012916,EV-CONTRACT-2026-8798
PHO-003679,PHO-000581,EDGE-0012917,EV-CONTRACT-2026-8340
PHO-001870,PHO-004098,EDGE-0012918,EV-CONTRACT-2026-2801
PHO-002728,PHO-001569,EDGE-0012919,EV-CONTRACT-2026-2942
PHO-000102,PHO-001573,EDGE-0012920,EV-CONTRACT-2026-3247
PHO-000108,PHO-001877,EDGE-0012921,EV-CONTRACT-2026-6484
PHO-001478,PHO-001338,EDGE-0012922,EV-CONTRACT-2026-1310
PHO-004382,PHO-002694,EDGE-0012923,EV-CONTRACT-2026-6583
PHO-001505,PHO-004501,EDGE-0012924,EV-CONTRACT-2026-2603
PHO-004253,PHO-004242,EDGE-0012925,EV-CONTRACT-2026-7625
PHO-003845,PHO-000936,EDGE-0012926,EV-CONTRACT-2026-1666
PHO-003806,PHO-004159,EDGE-0012927,EV-CONTRACT-2026-4824
PHO-002244,PHO-000257,EDGE-0012928,EV-CONTRACT-2026-5388
PHO-002496,PHO-002142,EDGE-0012929,EV-CONTRACT-2026-9199
PHO-000279,PHO-004190,EDGE-0012930,EV-CONTRACT-2026-8522
PHO-001077,PHO-002964,EDGE-0012931,EV-CONTRACT-2026-1784
PHO-004559,PHO-002427,EDGE-0012932,EV-CONTRACT-2026-5013
PHO-001386,PHO-002417,EDGE-0012933,EV-CONTRACT-2026-5126
PHO-000078,PHO-003651,EDGE-0012934,EV-CONTRACT-2026-6870
PHO-001116,PHO-002666,EDGE-0012935,EV-CONTRACT-2026-9356
PHO-002009,PHO-002448,EDGE-0012936,EV-CONTRACT-2026-4798
PHO-004744,PHO-003129,EDGE-0012937,EV-CONTRACT-2026-6487
PHO-000959,PHO-001039,EDGE-0012938,EV-CONTRACT-2026-7800
PHO-001721,PHO-001069,EDGE-0012939,EV-CONTRACT-2026-3980
PHO-001885,PHO-001053,EDGE-0012940,EV-CONTRACT-2026-2440
PHO-004288,PHO-002991,EDGE-0012941,EV-CONTRACT-2026-2060
PHO-001341,PHO-001984,EDGE-0012942,EV-CONTRACT-2026-6440
PHO-000631,PHO-001796,EDGE-0012943,EV-CONTRACT-2026-2654
PHO-003627,PHO-004946,EDGE-0012944,EV-CONTRACT-2026-5848
PHO-000060,PHO-002378,EDGE-0012945,EV-CONTRACT-2026-2142
PHO-003150,PHO-004856,EDGE-0012946,EV-CONTRACT-2026-6495
PHO-002512,PHO-002783,EDGE-0012947,EV-CONTRACT-2026-2088
PHO-000758,PHO-003714,EDGE-0012948,EV-CONTRACT-2026-4527
PHO-003262,PHO-002312,EDGE-0012949,EV-CONTRACT-2026-4577
PHO-004109,PHO-000046,EDGE-0012950,EV-CONTRACT-2026-2138
PHO-004155,PHO-002604,EDGE-0012951,EV-CONTRACT-2026-3081
PHO-002301,PHO-001711,EDGE-0012952,EV-CONTRACT-2026-3271
PHO-004152,PHO-002489,EDGE-0012953,EV-CONTRACT-2026-9314
PHO-001952,PHO-001258,EDGE-0012954,EV-CONTRACT-2026-9922
PHO-003121,PHO-001353,EDGE-0012955,EV-CONTRACT-2026-8731
PHO-001715,PHO-004301,EDGE-0012956,EV-CONTRACT-2026-3271
PHO-004007,PHO-000920,EDGE-0012957,EV-CONTRACT-2026-4210
PHO-004730,PHO-003420,EDGE-0012958,EV-CONTRACT-2026-5676
PHO-000896,PHO-003061,EDGE-0012959,EV-CONTRACT-2026-4207
PHO-003501,PHO-004997,EDGE-0012960,EV-CONTRACT-2026-9404
PHO-004417,PHO-002639,EDGE-0012961,EV-CONTRACT-2026-2851
PHO-003443,PHO-003518,EDGE-0012962,EV-CONTRACT-2026-4358
PHO-000283,PHO-003984,EDGE-0012963,EV-CONTRACT-2026-6869
PHO-003416,PHO-004365,EDGE-0012964,EV-CONTRACT-2026-3204
PHO-003208,PHO-001068,EDGE-0012965,EV-CONTRACT-2026-6211
PHO-004188,PHO-000372,EDGE-0012966,EV-CONTRACT-2026-1643
PHO-001265,PHO-003319,EDGE-0012967,EV-CONTRACT-2026-9959
PHO-000736,PHO-001655,EDGE-0012968,EV-CONTRACT-2026-6487
PHO-002634,PHO-000732,EDGE-0012969,EV-CONTRACT-2026-2410
PHO-000692,PHO-001349,EDGE-0012970,EV-CONTRACT-2026-9225
PHO-000359,PHO-003949,EDGE-0012971,EV-CONTRACT-2026-3164
PHO-003868,PHO-004772,EDGE-0012972,EV-CONTRACT-2026-4284
PHO-004286,PHO-001807,EDGE-0012973,EV-CONTRACT-2026-8404
PHO-004283,PHO-002236,EDGE-0012974,EV-CONTRACT-2026-4160
PHO-000663,PHO-002766,EDGE-0012975,EV-CONTRACT-2026-9440
PHO-000427,PHO-001172,EDGE-0012976,EV-CONTRACT-2026-5562
PHO-000977,PHO-001192,EDGE-0012977,EV-CONTRACT-2026-5776
PHO-001189,PHO-003946,EDGE-0012978,EV-CONTRACT-2026-3895
PHO-002280,PHO-001996,EDGE-0012979,EV-CONTRACT-2026-3344
PHO-001561,PHO-004578,EDGE-0012980,EV-CONTRACT-2026-1524
PHO-000950,PHO-002229,EDGE-0012981,EV-CONTRACT-2026-7331
PHO-001195,PHO-004376,EDGE-0012982,EV-CONTRACT-2026-7831
PHO-000274,PHO-002619,EDGE-0012983,EV-CONTRACT-2026-5378
PHO-002443,PHO-002457,EDGE-0012984,EV-CONTRACT-2026-7473
PHO-001726,PHO-002575,EDGE-0012985,EV-CONTRACT-2026-6132
PHO-000246,PHO-004468,EDGE-0012986,EV-CONTRACT-2026-2540
PHO-000029,PHO-004292,EDGE-0012987,EV-CONTRACT-2026-2254
PHO-001855,PHO-000487,EDGE-0012988,EV-CONTRACT-2026-5873
PHO-002013,PHO-002352,EDGE-0012989,EV-CONTRACT-2026-6942
PHO-002975,PHO-004123,EDGE-0012990,EV-CONTRACT-2026-7406
PHO-001130,PHO-003623,EDGE-0012991,EV-CONTRACT-2026-4256
PHO-004923,PHO-001149,EDGE-0012992,EV-CONTRACT-2026-6267
PHO-004917,PHO-003700,EDGE-0012993,EV-CONTRACT-2026-1129
PHO-003734,PHO-002738,EDGE-0012994,EV-CONTRACT-2026-6579
PHO-003412,PHO-001026,EDGE-0012995,EV-CONTRACT-2026-3736
PHO-001418,PHO-004758,EDGE-0012996,EV-CONTRACT-2026-4123
PHO-003113,PHO-003588,EDGE-0012997,EV-CONTRACT-2026-1594
PHO-002384,PHO-004245,EDGE-0012998,EV-CONTRACT-2026-2672
PHO-004401,PHO-001137,EDGE-0012999,EV-CONTRACT-2026-9892
PHO-001617,PHO-004666,EDGE-0013000,EV-CONTRACT-2026-6847
PHO-002184,PHO-002734,EDGE-0013001,EV-CONTRACT-2026-3783
PHO-001404,PHO-001176,EDGE-0013002,EV-CONTRACT-2026-2869
PHO-003251,PHO-002474,EDGE-0013003,EV-CONTRACT-2026-7002
PHO-003457,PHO-003758,EDGE-0013004,EV-CONTRACT-2026-1717
PHO-000673,PHO-002284,EDGE-0013005,EV-CONTRACT-2026-5611
PHO-001036,PHO-004702,EDGE-0013006,EV-CONTRACT-2026-8122
PHO-003032,PHO-003479,EDGE-0013007,EV-CONTRACT-2026-6237
PHO-001364,PHO-000620,EDGE-0013008,EV-CONTRACT-2026-9198
PHO-002939,PHO-000209,EDGE-0013009,EV-CONTRACT-2026-7174
PHO-001544,PHO-004084,EDGE-0013010,EV-CONTRACT-2026-7464
PHO-002190,PHO-004795,EDGE-0013011,EV-CONTRACT-2026-6145
PHO-002616,PHO-000001,EDGE-0013012,EV-CONTRACT-2026-9935
PHO-000596,PHO-002927,EDGE-0013013,EV-CONTRACT-2026-2675
PHO-001201,PHO-000256,EDGE-0013014,EV-CONTRACT-2026-5807
PHO-004789,PHO-002450,EDGE-0013015,EV-CONTRACT-2026-9401
PHO-002554,PHO-002195,EDGE-0013016,EV-CONTRACT-2026-4034
PHO-003793,PHO-001407,EDGE-0013017,EV-CONTRACT-2026-6280
PHO-000365,PHO-003911,EDGE-0013018,EV-CONTRACT-2026-8835
PHO-000111,PHO-002547,EDGE-0013019,EV-CONTRACT-2026-8607
PHO-001414,PHO-003697,EDGE-0013020,EV-CONTRACT-2026-4275
PHO-001994,PHO-004778,EDGE-0013021,EV-CONTRACT-2026-7843
PHO-004938,PHO-002257,EDGE-0013022,EV-CONTRACT-2026-5327
PHO-002925,PHO-004773,EDGE-0013023,EV-CONTRACT-2026-6874
PHO-002779,PHO-001868,EDGE-0013024,EV-CONTRACT-2026-8953
PHO-000189,PHO-003102,EDGE-0013025,EV-CONTRACT-2026-7320
PHO-001392,PHO-000742,EDGE-0013026,EV-CONTRACT-2026-2925
PHO-004639,PHO-001272,EDGE-0013027,EV-CONTRACT-2026-2950
PHO-004337,PHO-002795,EDGE-0013028,EV-CONTRACT-2026-9579
PHO-002802,PHO-000433,EDGE-0013029,EV-CONTRACT-2026-6266
PHO-001992,PHO-001325,EDGE-0013030,EV-CONTRACT-2026-6136
PHO-000743,PHO-003601,EDGE-0013031,EV-CONTRACT-2026-6068
PHO-003385,PHO-004668,EDGE-0013032,EV-CONTRACT-2026-7146
PHO-004849,PHO-000082,EDGE-0013033,EV-CONTRACT-2026-6974
PHO-002151,PHO-002361,EDGE-0013034,EV-CONTRACT-2026-1508
PHO-004140,PHO-003926,EDGE-0013035,EV-CONTRACT-2026-5560
PHO-003101,PHO-004100,EDGE-0013036,EV-CONTRACT-2026-2331
PHO-001999,PHO-000916,EDGE-0013037,EV-CONTRACT-2026-3694
PHO-001441,PHO-001605,EDGE-0013038,EV-CONTRACT-2026-9970
PHO-002066,PHO-000609,EDGE-0013039,EV-CONTRACT-2026-4848
PHO-004445,PHO-002013,EDGE-0013040,EV-CONTRACT-2026-7959
PHO-000409,PHO-000259,EDGE-0013041,EV-CONTRACT-2026-8717
PHO-004134,PHO-003210,EDGE-0013042,EV-CONTRACT-2026-7962
PHO-004848,PHO-003784,EDGE-0013043,EV-CONTRACT-2026-4798
PHO-001998,PHO-001400,EDGE-0013044,EV-CONTRACT-2026-1752
PHO-001245,PHO-003946,EDGE-0013045,EV-CONTRACT-2026-1271
PHO-002482,PHO-000709,EDGE-0013046,EV-CONTRACT-2026-8062
PHO-000452,PHO-000949,EDGE-0013047,EV-CONTRACT-2026-5521
PHO-001767,PHO-003564,EDGE-0013048,EV-CONTRACT-2026-2547
PHO-003335,PHO-003983,EDGE-0013049,EV-CONTRACT-2026-1986
PHO-000812,PHO-001822,EDGE-0013050,EV-CONTRACT-2026-6010
PHO-002864,PHO-001796,EDGE-0013051,EV-CONTRACT-2026-9216
PHO-002020,PHO-000289,EDGE-0013052,EV-CONTRACT-2026-6781
PHO-004000,PHO-000048,EDGE-0013053,EV-CONTRACT-2026-3616
PHO-001040,PHO-002147,EDGE-0013054,EV-CONTRACT-2026-7358
PHO-000521,PHO-000306,EDGE-0013055,EV-CONTRACT-2026-1503
PHO-004662,PHO-004824,EDGE-0013056,EV-CONTRACT-2026-4849
PHO-003000,PHO-001661,EDGE-0013057,EV-CONTRACT-2026-9091
PHO-003236,PHO-001901,EDGE-0013058,EV-CONTRACT-2026-6972
PHO-003622,PHO-002085,EDGE-0013059,EV-CONTRACT-2026-5009
PHO-001438,PHO-003790,EDGE-0013060,EV-CONTRACT-2026-1815
PHO-000945,PHO-004553,EDGE-0013061,EV-CONTRACT-2026-8146
PHO-004354,PHO-001615,EDGE-0013062,EV-CONTRACT-2026-7641
PHO-000137,PHO-002313,EDGE-0013063,EV-CONTRACT-2026-9981
PHO-004009,PHO-001039,EDGE-0013064,EV-CONTRACT-2026-3970
PHO-001215,PHO-000480,EDGE-0013065,EV-CONTRACT-2026-8347
PHO-004101,PHO-003066,EDGE-0013066,EV-CONTRACT-2026-2587
PHO-001650,PHO-004201,EDGE-0013067,EV-CONTRACT-2026-1276
PHO-002475,PHO-002728,EDGE-0013068,EV-CONTRACT-2026-3782
PHO-000635,PHO-000335,EDGE-0013069,EV-CONTRACT-2026-4102
PHO-003842,PHO-000574,EDGE-0013070,EV-CONTRACT-2026-6625
PHO-001308,PHO-000856,EDGE-0013071,EV-CONTRACT-2026-8769
PHO-000898,PHO-001740,EDGE-0013072,EV-CONTRACT-2026-8143
PHO-001465,PHO-001304,EDGE-0013073,EV-CONTRACT-2026-7350
PHO-004788,PHO-001871,EDGE-0013074,EV-CONTRACT-2026-2919
PHO-004811,PHO-001580,EDGE-0013075,EV-CONTRACT-2026-9013
PHO-001863,PHO-004649,EDGE-0013076,EV-CONTRACT-2026-7802
PHO-001106,PHO-001879,EDGE-0013077,EV-CONTRACT-2026-3495
PHO-001029,PHO-004740,EDGE-0013078,EV-CONTRACT-2026-8987
PHO-001070,PHO-000042,EDGE-0013079,EV-CONTRACT-2026-3985
PHO-004388,PHO-003658,EDGE-0013080,EV-CONTRACT-2026-8881
PHO-004768,PHO-002063,EDGE-0013081,EV-CONTRACT-2026-1678
PHO-001500,PHO-004325,EDGE-0013082,EV-CONTRACT-2026-8194
PHO-003098,PHO-003311,EDGE-0013083,EV-CONTRACT-2026-4292
PHO-003890,PHO-000157,EDGE-0013084,EV-CONTRACT-2026-8934
PHO-003385,PHO-000885,EDGE-0013085,EV-CONTRACT-2026-7776
PHO-003046,PHO-000474,EDGE-0013086,EV-CONTRACT-2026-1442
PHO-000642,PHO-000025,EDGE-0013087,EV-CONTRACT-2026-8915
PHO-000446,PHO-002294,EDGE-0013088,EV-CONTRACT-2026-7862
PHO-001400,PHO-003060,EDGE-0013089,EV-CONTRACT-2026-7271
PHO-004885,PHO-001954,EDGE-0013090,EV-CONTRACT-2026-6859
PHO-004020,PHO-001500,EDGE-0013091,EV-CONTRACT-2026-7168
PHO-003861,PHO-000951,EDGE-0013092,EV-CONTRACT-2026-3274
PHO-004943,PHO-001664,EDGE-0013093,EV-CONTRACT-2026-7181
PHO-002985,PHO-002109,EDGE-0013094,EV-CONTRACT-2026-9050
PHO-000993,PHO-002893,EDGE-0013095,EV-CONTRACT-2026-1573
PHO-003685,PHO-001873,EDGE-0013096,EV-CONTRACT-2026-2811
PHO-000569,PHO-000789,EDGE-0013097,EV-CONTRACT-2026-7911
PHO-003343,PHO-000305,EDGE-0013098,EV-CONTRACT-2026-2660
PHO-003237,PHO-002755,EDGE-0013099,EV-CONTRACT-2026-8640
PHO-004244,PHO-003975,EDGE-0013100,EV-CONTRACT-2026-4814
PHO-004076,PHO-002870,EDGE-0013101,EV-CONTRACT-2026-7583
PHO-001393,PHO-000923,EDGE-0013102,EV-CONTRACT-2026-3313
PHO-003726,PHO-001858,EDGE-0013103,EV-CONTRACT-2026-9065
PHO-002562,PHO-000225,EDGE-0013104,EV-CONTRACT-2026-6418
PHO-004737,PHO-003368,EDGE-0013105,EV-CONTRACT-2026-6641
PHO-003241,PHO-001798,EDGE-0013106,EV-CONTRACT-2026-6487
PHO-004266,PHO-003657,EDGE-0013107,EV-CONTRACT-2026-5631
PHO-002070,PHO-001967,EDGE-0013108,EV-CONTRACT-2026-5297
PHO-004075,PHO-004282,EDGE-0013109,EV-CONTRACT-2026-8418
PHO-004589,PHO-004815,EDGE-0013110,EV-CONTRACT-2026-7730
PHO-002507,PHO-000908,EDGE-0013111,EV-CONTRACT-2026-5817
PHO-004761,PHO-004584,EDGE-0013112,EV-CONTRACT-2026-3454
PHO-001612,PHO-003480,EDGE-0013113,EV-CONTRACT-2026-1927
PHO-001893,PHO-002370,EDGE-0013114,EV-CONTRACT-2026-3578
PHO-004107,PHO-002309,EDGE-0013115,EV-CONTRACT-2026-6602
PHO-004215,PHO-002953,EDGE-0013116,EV-CONTRACT-2026-9886
PHO-004722,PHO-000701,EDGE-0013117,EV-CONTRACT-2026-7551
PHO-004156,PHO-002310,EDGE-0013118,EV-CONTRACT-2026-1230
PHO-003560,PHO-001534,EDGE-0013119,EV-CONTRACT-2026-2634
PHO-003299,PHO-003150,EDGE-0013120,EV-CONTRACT-2026-6886
PHO-002930,PHO-004443,EDGE-0013121,EV-CONTRACT-2026-1124
PHO-002238,PHO-000644,EDGE-0013122,EV-CONTRACT-2026-9343
PHO-004266,PHO-002544,EDGE-0013123,EV-CONTRACT-2026-7944
PHO-002684,PHO-002287,EDGE-0013124,EV-CONTRACT-2026-3275
PHO-003300,PHO-002570,EDGE-0013125,EV-CONTRACT-2026-4224
PHO-000412,PHO-002920,EDGE-0013126,EV-CONTRACT-2026-2057
PHO-000419,PHO-004211,EDGE-0013127,EV-CONTRACT-2026-6606
PHO-000914,PHO-000705,EDGE-0013128,EV-CONTRACT-2026-9269
PHO-002847,PHO-000018,EDGE-0013129,EV-CONTRACT-2026-7011
PHO-002098,PHO-003423,EDGE-0013130,EV-CONTRACT-2026-2703
PHO-002926,PHO-004699,EDGE-0013131,EV-CONTRACT-2026-2655
PHO-003710,PHO-001180,EDGE-0013132,EV-CONTRACT-2026-9069
PHO-001222,PHO-001725,EDGE-0013133,EV-CONTRACT-2026-9865
PHO-004189,PHO-003552,EDGE-0013134,EV-CONTRACT-2026-2834
PHO-000997,PHO-001622,EDGE-0013135,EV-CONTRACT-2026-9962
PHO-001905,PHO-003470,EDGE-0013136,EV-CONTRACT-2026-4509
PHO-004995,PHO-003883,EDGE-0013137,EV-CONTRACT-2026-9113
PHO-002273,PHO-003911,EDGE-0013138,EV-CONTRACT-2026-7703
PHO-003917,PHO-001717,EDGE-0013139,EV-CONTRACT-2026-7677
PHO-003949,PHO-001153,EDGE-0013140,EV-CONTRACT-2026-6706
PHO-000739,PHO-003056,EDGE-0013141,EV-CONTRACT-2026-8996
PHO-001760,PHO-001751,EDGE-0013142,EV-CONTRACT-2026-2870
PHO-002924,PHO-001383,EDGE-0013143,EV-CONTRACT-2026-1260
PHO-004588,PHO-003227,EDGE-0013144,EV-CONTRACT-2026-7739
PHO-003993,PHO-001061,EDGE-0013145,EV-CONTRACT-2026-4917
PHO-004218,PHO-004289,EDGE-0013146,EV-CONTRACT-2026-5368
PHO-000788,PHO-003227,EDGE-0013147,EV-CONTRACT-2026-6679
PHO-003371,PHO-000569,EDGE-0013148,EV-CONTRACT-2026-4069
PHO-002685,PHO-001732,EDGE-0013149,EV-CONTRACT-2026-1030
PHO-003895,PHO-001069,EDGE-0013150,EV-CONTRACT-2026-5055
PHO-004767,PHO-002691,EDGE-0013151,EV-CONTRACT-2026-4716
PHO-001796,PHO-002263,EDGE-0013152,EV-CONTRACT-2026-3336
PHO-004634,PHO-004749,EDGE-0013153,EV-CONTRACT-2026-7582
PHO-000783,PHO-000406,EDGE-0013154,EV-CONTRACT-2026-6525
PHO-002146,PHO-000889,EDGE-0013155,EV-CONTRACT-2026-3392
PHO-003823,PHO-004387,EDGE-0013156,EV-CONTRACT-2026-6069
PHO-000857,PHO-004552,EDGE-0013157,EV-CONTRACT-2026-7992
PHO-004651,PHO-002765,EDGE-0013158,EV-CONTRACT-2026-3413
PHO-002795,PHO-000925,EDGE-0013159,EV-CONTRACT-2026-5690
PHO-004783,PHO-002394,EDGE-0013160,EV-CONTRACT-2026-4459
PHO-004066,PHO-004359,EDGE-0013161,EV-CONTRACT-2026-9054
PHO-000442,PHO-003953,EDGE-0013162,EV-CONTRACT-2026-5516
PHO-004957,PHO-000504,EDGE-0013163,EV-CONTRACT-2026-9815
PHO-004456,PHO-003481,EDGE-0013164,EV-CONTRACT-2026-8316
PHO-000300,PHO-003297,EDGE-0013165,EV-CONTRACT-2026-6862
PHO-002286,PHO-004867,EDGE-0013166,EV-CONTRACT-2026-7973
PHO-002194,PHO-004559,EDGE-0013167,EV-CONTRACT-2026-4072
PHO-004407,PHO-000608,EDGE-0013168,EV-CONTRACT-2026-7601
PHO-004102,PHO-003502,EDGE-0013169,EV-CONTRACT-2026-2717
PHO-002652,PHO-000427,EDGE-0013170,EV-CONTRACT-2026-8292
PHO-002051,PHO-004545,EDGE-0013171,EV-CONTRACT-2026-9396
PHO-000112,PHO-004647,EDGE-0013172,EV-CONTRACT-2026-2406
PHO-001857,PHO-003876,EDGE-0013173,EV-CONTRACT-2026-4529
PHO-002703,PHO-000129,EDGE-0013174,EV-CONTRACT-2026-7039
PHO-001829,PHO-004410,EDGE-0013175,EV-CONTRACT-2026-2244
PHO-001532,PHO-000500,EDGE-0013176,EV-CONTRACT-2026-7560
PHO-000814,PHO-004725,EDGE-0013177,EV-CONTRACT-2026-6703
PHO-002851,PHO-000193,EDGE-0013178,EV-CONTRACT-2026-2768
PHO-003428,PHO-000012,EDGE-0013179,EV-CONTRACT-2026-6351
PHO-000312,PHO-003847,EDGE-0013180,EV-CONTRACT-2026-9987
PHO-002964,PHO-002676,EDGE-0013181,EV-CONTRACT-2026-4567
PHO-000702,PHO-004589,EDGE-0013182,EV-CONTRACT-2026-4605
PHO-004711,PHO-001341,EDGE-0013183,EV-CONTRACT-2026-1191
PHO-002817,PHO-004947,EDGE-0013184,EV-CONTRACT-2026-6519
PHO-003653,PHO-000713,EDGE-0013185,EV-CONTRACT-2026-3066
PHO-003442,PHO-004619,EDGE-0013186,EV-CONTRACT-2026-9002
PHO-003643,PHO-000163,EDGE-0013187,EV-CONTRACT-2026-6700
PHO-002989,PHO-004376,EDGE-0013188,EV-CONTRACT-2026-5693
PHO-000830,PHO-002926,EDGE-0013189,EV-CONTRACT-2026-3523
PHO-003505,PHO-004298,EDGE-0013190,EV-CONTRACT-2026-9932
PHO-004527,PHO-000109,EDGE-0013191,EV-CONTRACT-2026-8284
PHO-002169,PHO-003035,EDGE-0013192,EV-CONTRACT-2026-6489
PHO-000387,PHO-003911,EDGE-0013193,EV-CONTRACT-2026-2952
PHO-000476,PHO-001669,EDGE-0013194,EV-CONTRACT-2026-7362
PHO-003440,PHO-002718,EDGE-0013195,EV-CONTRACT-2026-5207
PHO-002144,PHO-000720,EDGE-0013196,EV-CONTRACT-2026-9424
PHO-003417,PHO-004448,EDGE-0013197,EV-CONTRACT-2026-6552
PHO-003080,PHO-003898,EDGE-0013198,EV-CONTRACT-2026-1249
PHO-003593,PHO-003328,EDGE-0013199,EV-CONTRACT-2026-4214
PHO-003884,PHO-002658,EDGE-0013200,EV-CONTRACT-2026-9587
PHO-000567,PHO-002295,EDGE-0013201,EV-CONTRACT-2026-4964
PHO-003461,PHO-002826,EDGE-0013202,EV-CONTRACT-2026-2270
PHO-001778,PHO-004198,EDGE-0013203,EV-CONTRACT-2026-1797
PHO-000691,PHO-004004,EDGE-0013204,EV-CONTRACT-2026-6820
PHO-004419,PHO-004332,EDGE-0013205,EV-CONTRACT-2026-3491
PHO-001011,PHO-003601,EDGE-0013206,EV-CONTRACT-2026-5251
PHO-004911,PHO-003861,EDGE-0013207,EV-CONTRACT-2026-4005
PHO-000137,PHO-000233,EDGE-0013208,EV-CONTRACT-2026-9360
PHO-004899,PHO-002366,EDGE-0013209,EV-CONTRACT-2026-6778
PHO-000595,PHO-003326,EDGE-0013210,EV-CONTRACT-2026-5253
PHO-003175,PHO-004131,EDGE-0013211,EV-CONTRACT-2026-7200
PHO-004680,PHO-002797,EDGE-0013212,EV-CONTRACT-2026-3597
PHO-001693,PHO-002046,EDGE-0013213,EV-CONTRACT-2026-7386
PHO-004335,PHO-004020,EDGE-0013214,EV-CONTRACT-2026-5768
PHO-000685,PHO-001274,EDGE-0013215,EV-CONTRACT-2026-4679
PHO-000953,PHO-002712,EDGE-0013216,EV-CONTRACT-2026-8414
PHO-000225,PHO-001164,EDGE-0013217,EV-CONTRACT-2026-9977
PHO-004170,PHO-000542,EDGE-0013218,EV-CONTRACT-2026-2277
PHO-004981,PHO-004410,EDGE-0013219,EV-CONTRACT-2026-4096
PHO-000986,PHO-000951,EDGE-0013220,EV-CONTRACT-2026-6493
PHO-000418,PHO-003311,EDGE-0013221,EV-CONTRACT-2026-2990
PHO-004920,PHO-002860,EDGE-0013222,EV-CONTRACT-2026-9882
PHO-004175,PHO-000521,EDGE-0013223,EV-CONTRACT-2026-3134
PHO-000245,PHO-000266,EDGE-0013224,EV-CONTRACT-2026-6733
PHO-002847,PHO-001229,EDGE-0013225,EV-CONTRACT-2026-8288
PHO-003327,PHO-001643,EDGE-0013226,EV-CONTRACT-2026-8318
PHO-001480,PHO-002602,EDGE-0013227,EV-CONTRACT-2026-5050
PHO-004530,PHO-004328,EDGE-0013228,EV-CONTRACT-2026-9993
PHO-000394,PHO-000903,EDGE-0013229,EV-CONTRACT-2026-4793
PHO-002000,PHO-000882,EDGE-0013230,EV-CONTRACT-2026-5462
PHO-004204,PHO-000493,EDGE-0013231,EV-CONTRACT-2026-1453
PHO-004070,PHO-001014,EDGE-0013232,EV-CONTRACT-2026-6430
PHO-001160,PHO-004399,EDGE-0013233,EV-CONTRACT-2026-3281
PHO-003165,PHO-000440,EDGE-0013234,EV-CONTRACT-2026-5571
PHO-001348,PHO-001448,EDGE-0013235,EV-CONTRACT-2026-7236
PHO-003457,PHO-000395,EDGE-0013236,EV-CONTRACT-2026-3688
PHO-001316,PHO-004947,EDGE-0013237,EV-CONTRACT-2026-5943
PHO-001006,PHO-003704,EDGE-0013238,EV-CONTRACT-2026-5319
PHO-000230,PHO-002432,EDGE-0013239,EV-CONTRACT-2026-3864
PHO-001561,PHO-001928,EDGE-0013240,EV-CONTRACT-2026-7403
PHO-002549,PHO-002486,EDGE-0013241,EV-CONTRACT-2026-8290
PHO-003884,PHO-000234,EDGE-0013242,EV-CONTRACT-2026-7108
PHO-001807,PHO-001684,EDGE-0013243,EV-CONTRACT-2026-9007
PHO-003340,PHO-002388,EDGE-0013244,EV-CONTRACT-2026-3917
PHO-003028,PHO-004393,EDGE-0013245,EV-CONTRACT-2026-3278
PHO-000901,PHO-002869,EDGE-0013246,EV-CONTRACT-2026-2271
PHO-001549,PHO-004902,EDGE-0013247,EV-CONTRACT-2026-2160
PHO-002400,PHO-004675,EDGE-0013248,EV-CONTRACT-2026-6633
PHO-000838,PHO-003162,EDGE-0013249,EV-CONTRACT-2026-6823
PHO-004605,PHO-001672,EDGE-0013250,EV-CONTRACT-2026-1359
PHO-003477,PHO-000158,EDGE-0013251,EV-CONTRACT-2026-6531
PHO-003473,PHO-000692,EDGE-0013252,EV-CONTRACT-2026-2072
PHO-002987,PHO-003464,EDGE-0013253,EV-CONTRACT-2026-9211
PHO-004391,PHO-004477,EDGE-0013254,EV-CONTRACT-2026-9073
PHO-002609,PHO-002154,EDGE-0013255,EV-CONTRACT-2026-5033
PHO-001864,PHO-002614,EDGE-0013256,EV-CONTRACT-2026-9746
PHO-003891,PHO-002716,EDGE-0013257,EV-CONTRACT-2026-9283
PHO-002929,PHO-002261,EDGE-0013258,EV-CONTRACT-2026-4888
PHO-002416,PHO-003237,EDGE-0013259,EV-CONTRACT-2026-1220
PHO-002021,PHO-000272,EDGE-0013260,EV-CONTRACT-2026-5739
PHO-003750,PHO-000548,EDGE-0013261,EV-CONTRACT-2026-7120
PHO-004141,PHO-003662,EDGE-0013262,EV-CONTRACT-2026-9510
PHO-004004,PHO-000150,EDGE-0013263,EV-CONTRACT-2026-8018
PHO-004970,PHO-000579,EDGE-0013264,EV-CONTRACT-2026-1969
PHO-001482,PHO-003789,EDGE-0013265,EV-CONTRACT-2026-8927
PHO-002644,PHO-001476,EDGE-0013266,EV-CONTRACT-2026-4812
PHO-001321,PHO-000697,EDGE-0013267,EV-CONTRACT-2026-2674
PHO-004419,PHO-003750,EDGE-0013268,EV-CONTRACT-2026-3990
PHO-000967,PHO-003676,EDGE-0013269,EV-CONTRACT-2026-8867
PHO-000246,PHO-002115,EDGE-0013270,EV-CONTRACT-2026-6308
PHO-004946,PHO-000495,EDGE-0013271,EV-CONTRACT-2026-3934
PHO-000007,PHO-001037,EDGE-0013272,EV-CONTRACT-2026-5811
PHO-000990,PHO-001436,EDGE-0013273,EV-CONTRACT-2026-1957
PHO-004861,PHO-003462,EDGE-0013274,EV-CONTRACT-2026-6488
PHO-000051,PHO-000471,EDGE-0013275,EV-CONTRACT-2026-5577
PHO-000168,PHO-002984,EDGE-0013276,EV-CONTRACT-2026-8630
PHO-000678,PHO-002074,EDGE-0013277,EV-CONTRACT-2026-7479
PHO-000577,PHO-003832,EDGE-0013278,EV-CONTRACT-2026-2794
PHO-001526,PHO-002142,EDGE-0013279,EV-CONTRACT-2026-3794
PHO-002485,PHO-003448,EDGE-0013280,EV-CONTRACT-2026-6876
PHO-002610,PHO-000564,EDGE-0013281,EV-CONTRACT-2026-8481
PHO-000165,PHO-000526,EDGE-0013282,EV-CONTRACT-2026-6524
PHO-000728,PHO-004458,EDGE-0013283,EV-CONTRACT-2026-9347
PHO-003141,PHO-004763,EDGE-0013284,EV-CONTRACT-2026-2475
PHO-001924,PHO-001467,EDGE-0013285,EV-CONTRACT-2026-9396
PHO-004553,PHO-002530,EDGE-0013286,EV-CONTRACT-2026-6559
PHO-001334,PHO-002392,EDGE-0013287,EV-CONTRACT-2026-5975
PHO-000360,PHO-004374,EDGE-0013288,EV-CONTRACT-2026-8348
PHO-004597,PHO-000697,EDGE-0013289,EV-CONTRACT-2026-7989
PHO-001520,PHO-000651,EDGE-0013290,EV-CONTRACT-2026-3422
PHO-004264,PHO-001284,EDGE-0013291,EV-CONTRACT-2026-7343
PHO-000915,PHO-000625,EDGE-0013292,EV-CONTRACT-2026-1213
PHO-003924,PHO-003081,EDGE-0013293,EV-CONTRACT-2026-6716
PHO-003043,PHO-001863,EDGE-0013294,EV-CONTRACT-2026-1482
PHO-002233,PHO-002271,EDGE-0013295,EV-CONTRACT-2026-7933
PHO-004338,PHO-004188,EDGE-0013296,EV-CONTRACT-2026-5764
PHO-004687,PHO-000104,EDGE-0013297,EV-CONTRACT-2026-1193
PHO-002688,PHO-000495,EDGE-0013298,EV-CONTRACT-2026-7349
PHO-004355,PHO-001684,EDGE-0013299,EV-CONTRACT-2026-4001
PHO-001275,PHO-003636,EDGE-0013300,EV-CONTRACT-2026-6620
PHO-000008,PHO-004674,EDGE-0013301,EV-CONTRACT-2026-3404
PHO-001358,PHO-004711,EDGE-0013302,EV-CONTRACT-2026-8807
PHO-004905,PHO-004178,EDGE-0013303,EV-CONTRACT-2026-4278
PHO-002081,PHO-000309,EDGE-0013304,EV-CONTRACT-2026-9325
PHO-002575,PHO-004864,EDGE-0013305,EV-CONTRACT-2026-4647
PHO-002864,PHO-003450,EDGE-0013306,EV-CONTRACT-2026-8950
PHO-000875,PHO-002037,EDGE-0013307,EV-CONTRACT-2026-4091
PHO-000856,PHO-001123,EDGE-0013308,EV-CONTRACT-2026-4063
PHO-003667,PHO-003498,EDGE-0013309,EV-CONTRACT-2026-8810
PHO-002072,PHO-002470,EDGE-0013310,EV-CONTRACT-2026-9229
PHO-000959,PHO-002399,EDGE-0013311,EV-CONTRACT-2026-4726
PHO-004442,PHO-004390,EDGE-0013312,EV-CONTRACT-2026-3880
PHO-000207,PHO-002265,EDGE-0013313,EV-CONTRACT-2026-1894
PHO-003248,PHO-002481,EDGE-0013314,EV-CONTRACT-2026-5695
PHO-000981,PHO-002976,EDGE-0013315,EV-CONTRACT-2026-6303
PHO-001085,PHO-003732,EDGE-0013316,EV-CONTRACT-2026-1117
PHO-004969,PHO-003944,EDGE-0013317,EV-CONTRACT-2026-9521
PHO-004315,PHO-003150,EDGE-0013318,EV-CONTRACT-2026-3829
PHO-004242,PHO-001517,EDGE-0013319,EV-CONTRACT-2026-3197
PHO-000520,PHO-001401,EDGE-0013320,EV-CONTRACT-2026-8742
PHO-001892,PHO-001779,EDGE-0013321,EV-CONTRACT-2026-1321
PHO-000401,PHO-002839,EDGE-0013322,EV-CONTRACT-2026-6091
PHO-003380,PHO-000966,EDGE-0013323,EV-CONTRACT-2026-4647
PHO-004794,PHO-003605,EDGE-0013324,EV-CONTRACT-2026-1915
PHO-001324,PHO-001139,EDGE-0013325,EV-CONTRACT-2026-4740
PHO-001208,PHO-004762,EDGE-0013326,EV-CONTRACT-2026-3408
PHO-000378,PHO-002034,EDGE-0013327,EV-CONTRACT-2026-8989
PHO-001396,PHO-004999,EDGE-0013328,EV-CONTRACT-2026-8337
PHO-001851,PHO-002950,EDGE-0013329,EV-CONTRACT-2026-5791
PHO-004450,PHO-001961,EDGE-0013330,EV-CONTRACT-2026-7600
PHO-001065,PHO-002429,EDGE-0013331,EV-CONTRACT-2026-3767
PHO-004586,PHO-000684,EDGE-0013332,EV-CONTRACT-2026-2881
PHO-004792,PHO-003499,EDGE-0013333,EV-CONTRACT-2026-9627
PHO-003564,PHO-002815,EDGE-0013334,EV-CONTRACT-2026-3462
PHO-004977,PHO-001534,EDGE-0013335,EV-CONTRACT-2026-8307
PHO-002924,PHO-000978,EDGE-0013336,EV-CONTRACT-2026-6673
PHO-003665,PHO-004449,EDGE-0013337,EV-CONTRACT-2026-8084
PHO-002033,PHO-003779,EDGE-0013338,EV-CONTRACT-2026-8671
PHO-002025,PHO-003242,EDGE-0013339,EV-CONTRACT-2026-8612
PHO-001297,PHO-003076,EDGE-0013340,EV-CONTRACT-2026-7165
PHO-003297,PHO-002047,EDGE-0013341,EV-CONTRACT-2026-8241
PHO-001898,PHO-000693,EDGE-0013342,EV-CONTRACT-2026-8569
PHO-001611,PHO-004143,EDGE-0013343,EV-CONTRACT-2026-6484
PHO-000506,PHO-001548,EDGE-0013344,EV-CONTRACT-2026-2245
PHO-004505,PHO-002958,EDGE-0013345,EV-CONTRACT-2026-3073
PHO-002415,PHO-002086,EDGE-0013346,EV-CONTRACT-2026-8422
PHO-003939,PHO-002094,EDGE-0013347,EV-CONTRACT-2026-5291
PHO-003180,PHO-002481,EDGE-0013348,EV-CONTRACT-2026-2151
PHO-003227,PHO-002544,EDGE-0013349,EV-CONTRACT-2026-6582
PHO-002535,PHO-000239,EDGE-0013350,EV-CONTRACT-2026-2917
PHO-000408,PHO-003364,EDGE-0013351,EV-CONTRACT-2026-1486
PHO-000946,PHO-004747,EDGE-0013352,EV-CONTRACT-2026-5216
PHO-004086,PHO-003331,EDGE-0013353,EV-CONTRACT-2026-7959
PHO-000735,PHO-003645,EDGE-0013354,EV-CONTRACT-2026-1530
PHO-003577,PHO-004646,EDGE-0013355,EV-CONTRACT-2026-5719
PHO-001885,PHO-003542,EDGE-0013356,EV-CONTRACT-2026-3976
PHO-003863,PHO-000894,EDGE-0013357,EV-CONTRACT-2026-3456
PHO-004116,PHO-002238,EDGE-0013358,EV-CONTRACT-2026-6962
PHO-003980,PHO-003405,EDGE-0013359,EV-CONTRACT-2026-5397
PHO-001657,PHO-000404,EDGE-0013360,EV-CONTRACT-2026-1094
PHO-001973,PHO-001743,EDGE-0013361,EV-CONTRACT-2026-4941
PHO-003423,PHO-001331,EDGE-0013362,EV-CONTRACT-2026-2436
PHO-004902,PHO-003338,EDGE-0013363,EV-CONTRACT-2026-2472
PHO-004596,PHO-004876,EDGE-0013364,EV-CONTRACT-2026-4663
PHO-002220,PHO-000049,EDGE-0013365,EV-CONTRACT-2026-6260
PHO-004042,PHO-000456,EDGE-0013366,EV-CONTRACT-2026-5054
PHO-003043,PHO-002614,EDGE-0013367,EV-CONTRACT-2026-8603
PHO-004176,PHO-001665,EDGE-0013368,EV-CONTRACT-2026-1149
PHO-002548,PHO-003281,EDGE-0013369,EV-CONTRACT-2026-7340
PHO-002866,PHO-001993,EDGE-0013370,EV-CONTRACT-2026-3852
PHO-001861,PHO-001399,EDGE-0013371,EV-CONTRACT-2026-1318
PHO-002462,PHO-003627,EDGE-0013372,EV-CONTRACT-2026-5103
PHO-003001,PHO-004359,EDGE-0013373,EV-CONTRACT-2026-7169
PHO-004649,PHO-002922,EDGE-0013374,EV-CONTRACT-2026-7578
PHO-002024,PHO-002078,EDGE-0013375,EV-CONTRACT-2026-1229
PHO-002166,PHO-002009,EDGE-0013376,EV-CONTRACT-2026-6200
PHO-004688,PHO-003882,EDGE-0013377,EV-CONTRACT-2026-3449
PHO-000460,PHO-001845,EDGE-0013378,EV-CONTRACT-2026-7826
PHO-000388,PHO-001429,EDGE-0013379,EV-CONTRACT-2026-8189
PHO-004925,PHO-002387,EDGE-0013380,EV-CONTRACT-2026-7356
PHO-001413,PHO-000703,EDGE-0013381,EV-CONTRACT-2026-9470
PHO-004833,PHO-003276,EDGE-0013382,EV-CONTRACT-2026-3228
PHO-002935,PHO-000839,EDGE-0013383,EV-CONTRACT-2026-6415
PHO-001714,PHO-000844,EDGE-0013384,EV-CONTRACT-2026-9015
PHO-000147,PHO-004270,EDGE-0013385,EV-CONTRACT-2026-4385
PHO-003229,PHO-001467,EDGE-0013386,EV-CONTRACT-2026-9642
PHO-003520,PHO-002299,EDGE-0013387,EV-CONTRACT-2026-8834
PHO-004301,PHO-004980,EDGE-0013388,EV-CONTRACT-2026-5667
PHO-000792,PHO-003641,EDGE-0013389,EV-CONTRACT-2026-4617
PHO-003851,PHO-000439,EDGE-0013390,EV-CONTRACT-2026-3656
PHO-004829,PHO-002815,EDGE-0013391,EV-CONTRACT-2026-3436
PHO-002275,PHO-000869,EDGE-0013392,EV-CONTRACT-2026-5963
PHO-001531,PHO-004769,EDGE-0013393,EV-CONTRACT-2026-1473
PHO-000318,PHO-000022,EDGE-0013394,EV-CONTRACT-2026-9612
PHO-000616,PHO-001019,EDGE-0013395,EV-CONTRACT-2026-1663
PHO-002163,PHO-000772,EDGE-0013396,EV-CONTRACT-2026-4497
PHO-001711,PHO-003029,EDGE-0013397,EV-CONTRACT-2026-7608
PHO-003305,PHO-002057,EDGE-0013398,EV-CONTRACT-2026-4019
PHO-002156,PHO-002388,EDGE-0013399,EV-CONTRACT-2026-6619
PHO-001733,PHO-000327,EDGE-0013400,EV-CONTRACT-2026-3133
PHO-003896,PHO-002501,EDGE-0013401,EV-CONTRACT-2026-6267
PHO-002121,PHO-003150,EDGE-0013402,EV-CONTRACT-2026-1837
PHO-003924,PHO-004187,EDGE-0013403,EV-CONTRACT-2026-3830
PHO-004890,PHO-002006,EDGE-0013404,EV-CONTRACT-2026-1714
PHO-003379,PHO-000598,EDGE-0013405,EV-CONTRACT-2026-7327
PHO-000439,PHO-002484,EDGE-0013406,EV-CONTRACT-2026-4948
PHO-004872,PHO-001762,EDGE-0013407,EV-CONTRACT-2026-8748
PHO-004104,PHO-004074,EDGE-0013408,EV-CONTRACT-2026-8085
PHO-002683,PHO-002690,EDGE-0013409,EV-CONTRACT-2026-9707
PHO-003820,PHO-003547,EDGE-0013410,EV-CONTRACT-2026-4421
PHO-003387,PHO-003678,EDGE-0013411,EV-CONTRACT-2026-6994
PHO-004022,PHO-004515,EDGE-0013412,EV-CONTRACT-2026-3035
PHO-004958,PHO-002593,EDGE-0013413,EV-CONTRACT-2026-8584
PHO-004642,PHO-002764,EDGE-0013414,EV-CONTRACT-2026-9405
PHO-004955,PHO-000045,EDGE-0013415,EV-CONTRACT-2026-1700
PHO-002790,PHO-001053,EDGE-0013416,EV-CONTRACT-2026-4165
PHO-002653,PHO-000003,EDGE-0013417,EV-CONTRACT-2026-9404
PHO-001216,PHO-003304,EDGE-0013418,EV-CONTRACT-2026-6223
PHO-003812,PHO-003915,EDGE-0013419,EV-CONTRACT-2026-8399
PHO-003979,PHO-002006,EDGE-0013420,EV-CONTRACT-2026-7523
PHO-002742,PHO-001839,EDGE-0013421,EV-CONTRACT-2026-8802
PHO-004688,PHO-003088,EDGE-0013422,EV-CONTRACT-2026-7833
PHO-004144,PHO-002238,EDGE-0013423,EV-CONTRACT-2026-2288
PHO-000246,PHO-000185,EDGE-0013424,EV-CONTRACT-2026-4703
PHO-004673,PHO-002544,EDGE-0013425,EV-CONTRACT-2026-2962
PHO-003207,PHO-002887,EDGE-0013426,EV-CONTRACT-2026-5285
PHO-004201,PHO-003419,EDGE-0013427,EV-CONTRACT-2026-4037
PHO-002078,PHO-002850,EDGE-0013428,EV-CONTRACT-2026-8657
PHO-003821,PHO-003319,EDGE-0013429,EV-CONTRACT-2026-5451
PHO-000115,PHO-000438,EDGE-0013430,EV-CONTRACT-2026-3705
PHO-000269,PHO-004351,EDGE-0013431,EV-CONTRACT-2026-8376
PHO-003160,PHO-000160,EDGE-0013432,EV-CONTRACT-2026-6743
PHO-001714,PHO-003789,EDGE-0013433,EV-CONTRACT-2026-1463
PHO-003691,PHO-000017,EDGE-0013434,EV-CONTRACT-2026-6878
PHO-001121,PHO-001361,EDGE-0013435,EV-CONTRACT-2026-2849
PHO-000212,PHO-001977,EDGE-0013436,EV-CONTRACT-2026-3149
PHO-002365,PHO-004952,EDGE-0013437,EV-CONTRACT-2026-3718
PHO-002576,PHO-004597,EDGE-0013438,EV-CONTRACT-2026-5475
PHO-002504,PHO-000417,EDGE-0013439,EV-CONTRACT-2026-9837
PHO-000168,PHO-004749,EDGE-0013440,EV-CONTRACT-2026-5726
PHO-001976,PHO-000364,EDGE-0013441,EV-CONTRACT-2026-8337
PHO-001999,PHO-001512,EDGE-0013442,EV-CONTRACT-2026-6494
PHO-001523,PHO-003170,EDGE-0013443,EV-CONTRACT-2026-4218
PHO-000598,PHO-004304,EDGE-0013444,EV-CONTRACT-2026-3767
PHO-001474,PHO-001499,EDGE-0013445,EV-CONTRACT-2026-5716
PHO-002898,PHO-004514,EDGE-0013446,EV-CONTRACT-2026-6317
PHO-003448,PHO-000372,EDGE-0013447,EV-CONTRACT-2026-6573
PHO-001065,PHO-004125,EDGE-0013448,EV-CONTRACT-2026-9593
PHO-002001,PHO-001584,EDGE-0013449,EV-CONTRACT-2026-6292
PHO-001654,PHO-002597,EDGE-0013450,EV-CONTRACT-2026-5417
PHO-004847,PHO-002005,EDGE-0013451,EV-CONTRACT-2026-5531
PHO-000192,PHO-001088,EDGE-0013452,EV-CONTRACT-2026-1798
PHO-003377,PHO-001419,EDGE-0013453,EV-CONTRACT-2026-4686
PHO-003292,PHO-003810,EDGE-0013454,EV-CONTRACT-2026-3020
PHO-002900,PHO-000882,EDGE-0013455,EV-CONTRACT-2026-4559
PHO-004354,PHO-000926,EDGE-0013456,EV-CONTRACT-2026-6254
PHO-003218,PHO-003937,EDGE-0013457,EV-CONTRACT-2026-1480
PHO-000961,PHO-000339,EDGE-0013458,EV-CONTRACT-2026-4541
PHO-002973,PHO-004791,EDGE-0013459,EV-CONTRACT-2026-3994
PHO-000956,PHO-002012,EDGE-0013460,EV-CONTRACT-2026-2004
PHO-003287,PHO-001633,EDGE-0013461,EV-CONTRACT-2026-7494
PHO-002409,PHO-004506,EDGE-0013462,EV-CONTRACT-2026-1097
PHO-001678,PHO-001606,EDGE-0013463,EV-CONTRACT-2026-7541
PHO-000237,PHO-004950,EDGE-0013464,EV-CONTRACT-2026-4290
PHO-003991,PHO-004261,EDGE-0013465,EV-CONTRACT-2026-3202
PHO-000278,PHO-004346,EDGE-0013466,EV-CONTRACT-2026-1673
PHO-000436,PHO-001496,EDGE-0013467,EV-CONTRACT-2026-2983
PHO-002144,PHO-001179,EDGE-0013468,EV-CONTRACT-2026-5155
PHO-002564,PHO-000400,EDGE-0013469,EV-CONTRACT-2026-9513
PHO-004856,PHO-002044,EDGE-0013470,EV-CONTRACT-2026-1280
PHO-000688,PHO-003853,EDGE-0013471,EV-CONTRACT-2026-4287
PHO-001692,PHO-004368,EDGE-0013472,EV-CONTRACT-2026-5491
PHO-000102,PHO-002502,EDGE-0013473,EV-CONTRACT-2026-8263
PHO-004176,PHO-002087,EDGE-0013474,EV-CONTRACT-2026-1456
PHO-003191,PHO-000690,EDGE-0013475,EV-CONTRACT-2026-7935
PHO-001581,PHO-002622,EDGE-0013476,EV-CONTRACT-2026-4676
PHO-002287,PHO-002598,EDGE-0013477,EV-CONTRACT-2026-8408
PHO-002247,PHO-004159,EDGE-0013478,EV-CONTRACT-2026-6746
PHO-000603,PHO-000043,EDGE-0013479,EV-CONTRACT-2026-3451
PHO-003822,PHO-003097,EDGE-0013480,EV-CONTRACT-2026-5606
PHO-002617,PHO-002603,EDGE-0013481,EV-CONTRACT-2026-2460
PHO-000226,PHO-004848,EDGE-0013482,EV-CONTRACT-2026-8843
PHO-004289,PHO-000614,EDGE-0013483,EV-CONTRACT-2026-8174
PHO-000763,PHO-003172,EDGE-0013484,EV-CONTRACT-2026-4948
PHO-003454,PHO-000778,EDGE-0013485,EV-CONTRACT-2026-7405
PHO-004379,PHO-000516,EDGE-0013486,EV-CONTRACT-2026-3379
PHO-000718,PHO-000329,EDGE-0013487,EV-CONTRACT-2026-4119
PHO-002699,PHO-000490,EDGE-0013488,EV-CONTRACT-2026-8534
PHO-001431,PHO-001621,EDGE-0013489,EV-CONTRACT-2026-3430
PHO-000062,PHO-001273,EDGE-0013490,EV-CONTRACT-2026-9684
PHO-001034,PHO-000999,EDGE-0013491,EV-CONTRACT-2026-3776
PHO-000349,PHO-000113,EDGE-0013492,EV-CONTRACT-2026-9349
PHO-002909,PHO-004974,EDGE-0013493,EV-CONTRACT-2026-2089
PHO-003325,PHO-004912,EDGE-0013494,EV-CONTRACT-2026-8608
PHO-001764,PHO-001701,EDGE-0013495,EV-CONTRACT-2026-8264
PHO-003413,PHO-004038,EDGE-0013496,EV-CONTRACT-2026-8699
PHO-003439,PHO-001236,EDGE-0013497,EV-CONTRACT-2026-1100
PHO-002252,PHO-000810,EDGE-0013498,EV-CONTRACT-2026-8996
PHO-001402,PHO-001600,EDGE-0013499,EV-CONTRACT-2026-7472
PHO-002288,PHO-000588,EDGE-0013500,EV-CONTRACT-2026-5906
PHO-003383,PHO-000664,EDGE-0013501,EV-CONTRACT-2026-2013
PHO-003834,PHO-000588,EDGE-0013502,EV-CONTRACT-2026-4757
PHO-000712,PHO-003331,EDGE-0013503,EV-CONTRACT-2026-5612
PHO-000521,PHO-002135,EDGE-0013504,EV-CONTRACT-2026-1353
PHO-000614,PHO-003235,EDGE-0013505,EV-CONTRACT-2026-5513
PHO-001815,PHO-002154,EDGE-0013506,EV-CONTRACT-2026-6154
PHO-000862,PHO-000538,EDGE-0013507,EV-CONTRACT-2026-2442
PHO-004143,PHO-000406,EDGE-0013508,EV-CONTRACT-2026-7712
PHO-002383,PHO-002873,EDGE-0013509,EV-CONTRACT-2026-4941
PHO-001174,PHO-000311,EDGE-0013510,EV-CONTRACT-2026-9993
PHO-003399,PHO-003181,EDGE-0013511,EV-CONTRACT-2026-2043
PHO-002063,PHO-001626,EDGE-0013512,EV-CONTRACT-2026-7336
PHO-002344,PHO-000089,EDGE-0013513,EV-CONTRACT-2026-5197
PHO-000412,PHO-001167,EDGE-0013514,EV-CONTRACT-2026-8106
PHO-002025,PHO-001662,EDGE-0013515,EV-CONTRACT-2026-4299
PHO-000203,PHO-003948,EDGE-0013516,EV-CONTRACT-2026-9141
PHO-004650,PHO-000226,EDGE-0013517,EV-CONTRACT-2026-2201
PHO-001155,PHO-004878,EDGE-0013518,EV-CONTRACT-2026-2673
PHO-002736,PHO-001770,EDGE-0013519,EV-CONTRACT-2026-7561
PHO-004376,PHO-001361,EDGE-0013520,EV-CONTRACT-2026-7631
PHO-002661,PHO-004761,EDGE-0013521,EV-CONTRACT-2026-9317
PHO-004609,PHO-002663,EDGE-0013522,EV-CONTRACT-2026-9779
PHO-001638,PHO-002461,EDGE-0013523,EV-CONTRACT-2026-8828
PHO-003422,PHO-002221,EDGE-0013524,EV-CONTRACT-2026-8154
PHO-004284,PHO-001230,EDGE-0013525,EV-CONTRACT-2026-2014
PHO-004079,PHO-001569,EDGE-0013526,EV-CONTRACT-2026-2736
PHO-004072,PHO-004332,EDGE-0013527,EV-CONTRACT-2026-9115
PHO-003225,PHO-002244,EDGE-0013528,EV-CONTRACT-2026-2708
PHO-001425,PHO-000491,EDGE-0013529,EV-CONTRACT-2026-1583
PHO-001582,PHO-003241,EDGE-0013530,EV-CONTRACT-2026-7228
PHO-001003,PHO-003558,EDGE-0013531,EV-CONTRACT-2026-9694
PHO-003106,PHO-002762,EDGE-0013532,EV-CONTRACT-2026-8740
PHO-001432,PHO-001261,EDGE-0013533,EV-CONTRACT-2026-2594
PHO-003170,PHO-002633,EDGE-0013534,EV-CONTRACT-2026-9333
PHO-000666,PHO-003636,EDGE-0013535,EV-CONTRACT-2026-3582
PHO-000497,PHO-002943,EDGE-0013536,EV-CONTRACT-2026-4372
PHO-002044,PHO-003068,EDGE-0013537,EV-CONTRACT-2026-2700
PHO-003688,PHO-002778,EDGE-0013538,EV-CONTRACT-2026-3343
PHO-004005,PHO-002074,EDGE-0013539,EV-CONTRACT-2026-3377
PHO-004916,PHO-003468,EDGE-0013540,EV-CONTRACT-2026-6495
PHO-001284,PHO-003283,EDGE-0013541,EV-CONTRACT-2026-5608
PHO-003323,PHO-000807,EDGE-0013542,EV-CONTRACT-2026-1377
PHO-003631,PHO-001342,EDGE-0013543,EV-CONTRACT-2026-2355
PHO-004700,PHO-000389,EDGE-0013544,EV-CONTRACT-2026-3921
PHO-000809,PHO-002910,EDGE-0013545,EV-CONTRACT-2026-2395
PHO-003048,PHO-004972,EDGE-0013546,EV-CONTRACT-2026-5141
PHO-002283,PHO-004705,EDGE-0013547,EV-CONTRACT-2026-5882
PHO-000680,PHO-000127,EDGE-0013548,EV-CONTRACT-2026-4953
PHO-002354,PHO-002250,EDGE-0013549,EV-CONTRACT-2026-5362
PHO-004001,PHO-003998,EDGE-0013550,EV-CONTRACT-2026-1101
PHO-002190,PHO-004413,EDGE-0013551,EV-CONTRACT-2026-7128
PHO-000545,PHO-000736,EDGE-0013552,EV-CONTRACT-2026-5102
PHO-000867,PHO-001771,EDGE-0013553,EV-CONTRACT-2026-3808
PHO-001103,PHO-003277,EDGE-0013554,EV-CONTRACT-2026-5130
PHO-000223,PHO-004261,EDGE-0013555,EV-CONTRACT-2026-1331
PHO-003988,PHO-004981,EDGE-0013556,EV-CONTRACT-2026-9392
PHO-001000,PHO-001007,EDGE-0013557,EV-CONTRACT-2026-3544
PHO-000959,PHO-004248,EDGE-0013558,EV-CONTRACT-2026-3342
PHO-002366,PHO-000764,EDGE-0013559,EV-CONTRACT-2026-2254
PHO-002237,PHO-002126,EDGE-0013560,EV-CONTRACT-2026-6887
PHO-003407,PHO-000711,EDGE-0013561,EV-CONTRACT-2026-8301
PHO-000666,PHO-003129,EDGE-0013562,EV-CONTRACT-2026-4198
PHO-001818,PHO-002884,EDGE-0013563,EV-CONTRACT-2026-8088
PHO-002803,PHO-003170,EDGE-0013564,EV-CONTRACT-2026-4393
PHO-000086,PHO-000387,EDGE-0013565,EV-CONTRACT-2026-9662
PHO-003530,PHO-004146,EDGE-0013566,EV-CONTRACT-2026-9256
PHO-002348,PHO-000955,EDGE-0013567,EV-CONTRACT-2026-1991
PHO-002611,PHO-002273,EDGE-0013568,EV-CONTRACT-2026-1536
PHO-001618,PHO-003656,EDGE-0013569,EV-CONTRACT-2026-3618
PHO-002779,PHO-001672,EDGE-0013570,EV-CONTRACT-2026-5906
PHO-000969,PHO-003891,EDGE-0013571,EV-CONTRACT-2026-8692
PHO-003002,PHO-003450,EDGE-0013572,EV-CONTRACT-2026-4044
PHO-003929,PHO-000458,EDGE-0013573,EV-CONTRACT-2026-2876
PHO-003307,PHO-001889,EDGE-0013574,EV-CONTRACT-2026-4863
PHO-000345,PHO-000139,EDGE-0013575,EV-CONTRACT-2026-9182
PHO-000711,PHO-000563,EDGE-0013576,EV-CONTRACT-2026-3276
PHO-002084,PHO-003438,EDGE-0013577,EV-CONTRACT-2026-9460
PHO-002896,PHO-004766,EDGE-0013578,EV-CONTRACT-2026-3671
PHO-000267,PHO-003026,EDGE-0013579,EV-CONTRACT-2026-6917
PHO-000139,PHO-001398,EDGE-0013580,EV-CONTRACT-2026-2824
PHO-003106,PHO-002358,EDGE-0013581,EV-CONTRACT-2026-8200
PHO-001412,PHO-000295,EDGE-0013582,EV-CONTRACT-2026-7800
PHO-003323,PHO-000946,EDGE-0013583,EV-CONTRACT-2026-7335
PHO-000566,PHO-003003,EDGE-0013584,EV-CONTRACT-2026-5089
PHO-002849,PHO-004109,EDGE-0013585,EV-CONTRACT-2026-8476
PHO-004221,PHO-004919,EDGE-0013586,EV-CONTRACT-2026-2086
PHO-002559,PHO-004481,EDGE-0013587,EV-CONTRACT-2026-3700
PHO-002131,PHO-002816,EDGE-0013588,EV-CONTRACT-2026-3659
PHO-002985,PHO-004519,EDGE-0013589,EV-CONTRACT-2026-4964
PHO-001421,PHO-001275,EDGE-0013590,EV-CONTRACT-2026-5568
PHO-001748,PHO-002311,EDGE-0013591,EV-CONTRACT-2026-6292
PHO-001787,PHO-002135,EDGE-0013592,EV-CONTRACT-2026-7471
PHO-002021,PHO-003074,EDGE-0013593,EV-CONTRACT-2026-1069
PHO-001636,PHO-000265,EDGE-0013594,EV-CONTRACT-2026-8319
PHO-002236,PHO-003530,EDGE-0013595,EV-CONTRACT-2026-4675
PHO-002981,PHO-001789,EDGE-0013596,EV-CONTRACT-2026-6452
PHO-002517,PHO-002626,EDGE-0013597,EV-CONTRACT-2026-4987
PHO-002809,PHO-003449,EDGE-0013598,EV-CONTRACT-2026-6254
PHO-001750,PHO-002567,EDGE-0013599,EV-CONTRACT-2026-6902
PHO-001269,PHO-002378,EDGE-0013600,EV-CONTRACT-2026-5786
PHO-000749,PHO-001666,EDGE-0013601,EV-CONTRACT-2026-1474
PHO-003981,PHO-000834,EDGE-0013602,EV-CONTRACT-2026-5157
PHO-003269,PHO-002696,EDGE-0013603,EV-CONTRACT-2026-1787
PHO-000153,PHO-002182,EDGE-0013604,EV-CONTRACT-2026-7351
PHO-002142,PHO-001818,EDGE-0013605,EV-CONTRACT-2026-4836
PHO-003982,PHO-001079,EDGE-0013606,EV-CONTRACT-2026-5992
PHO-000448,PHO-001185,EDGE-0013607,EV-CONTRACT-2026-1573
PHO-003779,PHO-003201,EDGE-0013608,EV-CONTRACT-2026-9973
PHO-001665,PHO-000689,EDGE-0013609,EV-CONTRACT-2026-6468
PHO-002992,PHO-000328,EDGE-0013610,EV-CONTRACT-2026-6693
PHO-000221,PHO-003115,EDGE-0013611,EV-CONTRACT-2026-1120
PHO-003145,PHO-000005,EDGE-0013612,EV-CONTRACT-2026-4190
PHO-000225,PHO-002609,EDGE-0013613,EV-CONTRACT-2026-1368
PHO-001818,PHO-001554,EDGE-0013614,EV-CONTRACT-2026-9850
PHO-003055,PHO-000424,EDGE-0013615,EV-CONTRACT-2026-8810
PHO-000879,PHO-000217,EDGE-0013616,EV-CONTRACT-2026-9536
PHO-003441,PHO-004926,EDGE-0013617,EV-CONTRACT-2026-5984
PHO-004824,PHO-001121,EDGE-0013618,EV-CONTRACT-2026-8339
PHO-005000,PHO-001418,EDGE-0013619,EV-CONTRACT-2026-8632
PHO-004244,PHO-004294,EDGE-0013620,EV-CONTRACT-2026-1317
PHO-004241,PHO-001871,EDGE-0013621,EV-CONTRACT-2026-4274
PHO-004481,PHO-003040,EDGE-0013622,EV-CONTRACT-2026-8175
PHO-000910,PHO-001952,EDGE-0013623,EV-CONTRACT-2026-9469
PHO-002754,PHO-001457,EDGE-0013624,EV-CONTRACT-2026-2159
PHO-000041,PHO-003459,EDGE-0013625,EV-CONTRACT-2026-9460
PHO-002361,PHO-002129,EDGE-0013626,EV-CONTRACT-2026-5918
PHO-004237,PHO-004620,EDGE-0013627,EV-CONTRACT-2026-5847
PHO-001779,PHO-002476,EDGE-0013628,EV-CONTRACT-2026-7429
PHO-004694,PHO-000976,EDGE-0013629,EV-CONTRACT-2026-3012
PHO-001874,PHO-003904,EDGE-0013630,EV-CONTRACT-2026-8779
PHO-004404,PHO-003940,EDGE-0013631,EV-CONTRACT-2026-6789
PHO-003742,PHO-004281,EDGE-0013632,EV-CONTRACT-2026-3838
PHO-003583,PHO-001431,EDGE-0013633,EV-CONTRACT-2026-6738
PHO-000801,PHO-000916,EDGE-0013634,EV-CONTRACT-2026-1294
PHO-003237,PHO-002048,EDGE-0013635,EV-CONTRACT-2026-9911
PHO-003075,PHO-000549,EDGE-0013636,EV-CONTRACT-2026-5539
PHO-000647,PHO-003052,EDGE-0013637,EV-CONTRACT-2026-9581
PHO-000778,PHO-001463,EDGE-0013638,EV-CONTRACT-2026-1925
PHO-004719,PHO-001823,EDGE-0013639,EV-CONTRACT-2026-9043
PHO-000596,PHO-003930,EDGE-0013640,EV-CONTRACT-2026-8931
PHO-003882,PHO-001927,EDGE-0013641,EV-CONTRACT-2026-5591
PHO-001428,PHO-000084,EDGE-0013642,EV-CONTRACT-2026-7670
PHO-004845,PHO-004737,EDGE-0013643,EV-CONTRACT-2026-6573
PHO-004776,PHO-000431,EDGE-0013644,EV-CONTRACT-2026-1847
PHO-000183,PHO-004545,EDGE-0013645,EV-CONTRACT-2026-2397
PHO-000313,PHO-000367,EDGE-0013646,EV-CONTRACT-2026-9095
PHO-002022,PHO-004669,EDGE-0013647,EV-CONTRACT-2026-8676
PHO-000625,PHO-000566,EDGE-0013648,EV-CONTRACT-2026-4711
PHO-001005,PHO-000669,EDGE-0013649,EV-CONTRACT-2026-8785
PHO-004155,PHO-004865,EDGE-0013650,EV-CONTRACT-2026-2975
PHO-002627,PHO-001711,EDGE-0013651,EV-CONTRACT-2026-5726
PHO-004865,PHO-000801,EDGE-0013652,EV-CONTRACT-2026-6790
PHO-004707,PHO-003082,EDGE-0013653,EV-CONTRACT-2026-1586
PHO-003158,PHO-002068,EDGE-0013654,EV-CONTRACT-2026-8395
PHO-004441,PHO-003691,EDGE-0013655,EV-CONTRACT-2026-4604
PHO-001540,PHO-004131,EDGE-0013656,EV-CONTRACT-2026-7497
PHO-001599,PHO-004518,EDGE-0013657,EV-CONTRACT-2026-2268
PHO-002947,PHO-001866,EDGE-0013658,EV-CONTRACT-2026-8798
PHO-002189,PHO-004366,EDGE-0013659,EV-CONTRACT-2026-5742
PHO-001847,PHO-004716,EDGE-0013660,EV-CONTRACT-2026-3819
PHO-003214,PHO-000586,EDGE-0013661,EV-CONTRACT-2026-9387
PHO-003788,PHO-001196,EDGE-0013662,EV-CONTRACT-2026-3377
PHO-002581,PHO-001340,EDGE-0013663,EV-CONTRACT-2026-7486
PHO-001261,PHO-001705,EDGE-0013664,EV-CONTRACT-2026-1586
PHO-002116,PHO-003728,EDGE-0013665,EV-CONTRACT-2026-6505
PHO-003318,PHO-001821,EDGE-0013666,EV-CONTRACT-2026-9934
PHO-003092,PHO-001500,EDGE-0013667,EV-CONTRACT-2026-4846
PHO-002852,PHO-001812,EDGE-0013668,EV-CONTRACT-2026-7402
PHO-004834,PHO-000533,EDGE-0013669,EV-CONTRACT-2026-9537
PHO-003282,PHO-001414,EDGE-0013670,EV-CONTRACT-2026-5673
PHO-004424,PHO-000857,EDGE-0013671,EV-CONTRACT-2026-8445
PHO-001872,PHO-004486,EDGE-0013672,EV-CONTRACT-2026-2741
PHO-001518,PHO-004969,EDGE-0013673,EV-CONTRACT-2026-7755
PHO-004666,PHO-004716,EDGE-0013674,EV-CONTRACT-2026-9599
PHO-003976,PHO-002844,EDGE-0013675,EV-CONTRACT-2026-2777
PHO-002225,PHO-002209,EDGE-0013676,EV-CONTRACT-2026-5818
PHO-003202,PHO-001038,EDGE-0013677,EV-CONTRACT-2026-3831
PHO-002452,PHO-000201,EDGE-0013678,EV-CONTRACT-2026-7411
PHO-004313,PHO-001430,EDGE-0013679,EV-CONTRACT-2026-2388
PHO-000314,PHO-001108,EDGE-0013680,EV-CONTRACT-2026-2711
PHO-004613,PHO-003733,EDGE-0013681,EV-CONTRACT-2026-6088
PHO-001211,PHO-004699,EDGE-0013682,EV-CONTRACT-2026-3223
PHO-002176,PHO-000751,EDGE-0013683,EV-CONTRACT-2026-8351
PHO-003167,PHO-002092,EDGE-0013684,EV-CONTRACT-2026-1939
PHO-002800,PHO-000146,EDGE-0013685,EV-CONTRACT-2026-6810
PHO-003715,PHO-004813,EDGE-0013686,EV-CONTRACT-2026-1921
PHO-003618,PHO-001303,EDGE-0013687,EV-CONTRACT-2026-9809
PHO-003288,PHO-004293,EDGE-0013688,EV-CONTRACT-2026-1389
PHO-001470,PHO-000901,EDGE-0013689,EV-CONTRACT-2026-2798
PHO-003678,PHO-003683,EDGE-0013690,EV-CONTRACT-2026-6998
PHO-002828,PHO-000264,EDGE-0013691,EV-CONTRACT-2026-5431
PHO-002311,PHO-004903,EDGE-0013692,EV-CONTRACT-2026-7373
PHO-000151,PHO-000254,EDGE-0013693,EV-CONTRACT-2026-3767
PHO-003572,PHO-001319,EDGE-0013694,EV-CONTRACT-2026-9281
PHO-002616,PHO-001080,EDGE-0013695,EV-CONTRACT-2026-2178
PHO-004587,PHO-000441,EDGE-0013696,EV-CONTRACT-2026-3417
PHO-003806,PHO-003699,EDGE-0013697,EV-CONTRACT-2026-4896
PHO-001434,PHO-002798,EDGE-0013698,EV-CONTRACT-2026-8412
PHO-003209,PHO-000189,EDGE-0013699,EV-CONTRACT-2026-2104
PHO-001211,PHO-002944,EDGE-0013700,EV-CONTRACT-2026-3574
PHO-000864,PHO-001499,EDGE-0013701,EV-CONTRACT-2026-5375
PHO-000071,PHO-000522,EDGE-0013702,EV-CONTRACT-2026-2987
PHO-002633,PHO-003039,EDGE-0013703,EV-CONTRACT-2026-7875
PHO-002306,PHO-004022,EDGE-0013704,EV-CONTRACT-2026-1696
PHO-001907,PHO-004061,EDGE-0013705,EV-CONTRACT-2026-5887
PHO-000467,PHO-003030,EDGE-0013706,EV-CONTRACT-2026-1663
PHO-002320,PHO-001194,EDGE-0013707,EV-CONTRACT-2026-7320
PHO-000160,PHO-000105,EDGE-0013708,EV-CONTRACT-2026-9398
PHO-000841,PHO-002304,EDGE-0013709,EV-CONTRACT-2026-7572
PHO-003540,PHO-000620,EDGE-0013710,EV-CONTRACT-2026-4291
PHO-000387,PHO-001222,EDGE-0013711,EV-CONTRACT-2026-7976
PHO-003447,PHO-002017,EDGE-0013712,EV-CONTRACT-2026-9207
PHO-002884,PHO-004713,EDGE-0013713,EV-CONTRACT-2026-6255
PHO-002867,PHO-003823,EDGE-0013714,EV-CONTRACT-2026-1545
PHO-003163,PHO-002568,EDGE-0013715,EV-CONTRACT-2026-1054
PHO-000941,PHO-001447,EDGE-0013716,EV-CONTRACT-2026-6613
PHO-002141,PHO-002606,EDGE-0013717,EV-CONTRACT-2026-8513
PHO-001204,PHO-001936,EDGE-0013718,EV-CONTRACT-2026-1225
PHO-002907,PHO-003574,EDGE-0013719,EV-CONTRACT-2026-4676
PHO-004110,PHO-000897,EDGE-0013720,EV-CONTRACT-2026-9073
PHO-002908,PHO-003669,EDGE-0013721,EV-CONTRACT-2026-9277
PHO-002478,PHO-004277,EDGE-0013722,EV-CONTRACT-2026-4511
PHO-002939,PHO-003918,EDGE-0013723,EV-CONTRACT-2026-5151
PHO-004582,PHO-003133,EDGE-0013724,EV-CONTRACT-2026-3646
PHO-003360,PHO-003434,EDGE-0013725,EV-CONTRACT-2026-7847
PHO-003138,PHO-002065,EDGE-0013726,EV-CONTRACT-2026-7490
PHO-004673,PHO-000648,EDGE-0013727,EV-CONTRACT-2026-9647
PHO-002137,PHO-003977,EDGE-0013728,EV-CONTRACT-2026-5055
PHO-002196,PHO-004475,EDGE-0013729,EV-CONTRACT-2026-2609
PHO-001928,PHO-001924,EDGE-0013730,EV-CONTRACT-2026-2948
PHO-003475,PHO-003506,EDGE-0013731,EV-CONTRACT-2026-6465
PHO-003182,PHO-004700,EDGE-0013732,EV-CONTRACT-2026-4852
PHO-003064,PHO-001657,EDGE-0013733,EV-CONTRACT-2026-8946
PHO-002046,PHO-000100,EDGE-0013734,EV-CONTRACT-2026-5818
PHO-000273,PHO-004086,EDGE-0013735,EV-CONTRACT-2026-4890
PHO-001391,PHO-002076,EDGE-0013736,EV-CONTRACT-2026-7774
PHO-004734,PHO-004715,EDGE-0013737,EV-CONTRACT-2026-3680
PHO-004221,PHO-002450,EDGE-0013738,EV-CONTRACT-2026-6620
PHO-001116,PHO-003381,EDGE-0013739,EV-CONTRACT-2026-7216
PHO-001681,PHO-000635,EDGE-0013740,EV-CONTRACT-2026-2005
PHO-001166,PHO-000054,EDGE-0013741,EV-CONTRACT-2026-3323
PHO-003811,PHO-000252,EDGE-0013742,EV-CONTRACT-2026-4468
PHO-004790,PHO-002813,EDGE-0013743,EV-CONTRACT-2026-2658
PHO-000908,PHO-000033,EDGE-0013744,EV-CONTRACT-2026-6973
PHO-003067,PHO-003008,EDGE-0013745,EV-CONTRACT-2026-7530
PHO-001891,PHO-003668,EDGE-0013746,EV-CONTRACT-2026-9794
PHO-001231,PHO-001941,EDGE-0013747,EV-CONTRACT-2026-6106
PHO-003793,PHO-000895,EDGE-0013748,EV-CONTRACT-2026-5998
PHO-000740,PHO-003960,EDGE-0013749,EV-CONTRACT-2026-5904
PHO-002377,PHO-001340,EDGE-0013750,EV-CONTRACT-2026-4092
PHO-000176,PHO-004715,EDGE-0013751,EV-CONTRACT-2026-3338
PHO-002020,PHO-000691,EDGE-0013752,EV-CONTRACT-2026-3874
PHO-002389,PHO-003865,EDGE-0013753,EV-CONTRACT-2026-7459
PHO-004322,PHO-001763,EDGE-0013754,EV-CONTRACT-2026-5739
PHO-002257,PHO-003317,EDGE-0013755,EV-CONTRACT-2026-4053
PHO-002198,PHO-003237,EDGE-0013756,EV-CONTRACT-2026-1511
PHO-000554,PHO-004221,EDGE-0013757,EV-CONTRACT-2026-4863
PHO-004276,PHO-003885,EDGE-0013758,EV-CONTRACT-2026-4244
PHO-002547,PHO-003718,EDGE-0013759,EV-CONTRACT-2026-6143
PHO-002462,PHO-003062,EDGE-0013760,EV-CONTRACT-2026-7871
PHO-004884,PHO-003730,EDGE-0013761,EV-CONTRACT-2026-5318
PHO-002737,PHO-004210,EDGE-0013762,EV-CONTRACT-2026-8191
PHO-004002,PHO-004520,EDGE-0013763,EV-CONTRACT-2026-4781
PHO-000423,PHO-004637,EDGE-0013764,EV-CONTRACT-2026-9723
PHO-003960,PHO-000625,EDGE-0013765,EV-CONTRACT-2026-3236
PHO-001310,PHO-000613,EDGE-0013766,EV-CONTRACT-2026-5332
PHO-001168,PHO-004425,EDGE-0013767,EV-CONTRACT-2026-4036
PHO-000622,PHO-000127,EDGE-0013768,EV-CONTRACT-2026-9240
PHO-000010,PHO-004623,EDGE-0013769,EV-CONTRACT-2026-5233
PHO-003430,PHO-004811,EDGE-0013770,EV-CONTRACT-2026-8390
PHO-002015,PHO-001710,EDGE-0013771,EV-CONTRACT-2026-9206
PHO-004775,PHO-003271,EDGE-0013772,EV-CONTRACT-2026-4361
PHO-004587,PHO-001887,EDGE-0013773,EV-CONTRACT-2026-9782
PHO-002252,PHO-004088,EDGE-0013774,EV-CONTRACT-2026-6821
PHO-001700,PHO-003596,EDGE-0013775,EV-CONTRACT-2026-8010
PHO-001735,PHO-004427,EDGE-0013776,EV-CONTRACT-2026-4131
PHO-004139,PHO-002647,EDGE-0013777,EV-CONTRACT-2026-3026
PHO-002871,PHO-000666,EDGE-0013778,EV-CONTRACT-2026-8594
PHO-000221,PHO-002254,EDGE-0013779,EV-CONTRACT-2026-5791
PHO-004287,PHO-000048,EDGE-0013780,EV-CONTRACT-2026-6522
PHO-001660,PHO-003205,EDGE-0013781,EV-CONTRACT-2026-8781
PHO-000508,PHO-002195,EDGE-0013782,EV-CONTRACT-2026-1663
PHO-003887,PHO-000672,EDGE-0013783,EV-CONTRACT-2026-3274
PHO-003025,PHO-004553,EDGE-0013784,EV-CONTRACT-2026-6080
PHO-001849,PHO-002969,EDGE-0013785,EV-CONTRACT-2026-6677
PHO-001902,PHO-002250,EDGE-0013786,EV-CONTRACT-2026-2654
PHO-003730,PHO-004534,EDGE-0013787,EV-CONTRACT-2026-7513
PHO-003876,PHO-003604,EDGE-0013788,EV-CONTRACT-2026-5044
PHO-001347,PHO-000153,EDGE-0013789,EV-CONTRACT-2026-2839
PHO-001975,PHO-000478,EDGE-0013790,EV-CONTRACT-2026-4621
PHO-001184,PHO-000116,EDGE-0013791,EV-CONTRACT-2026-1667
PHO-001969,PHO-000523,EDGE-0013792,EV-CONTRACT-2026-8909
PHO-004275,PHO-004577,EDGE-0013793,EV-CONTRACT-2026-2587
PHO-000617,PHO-001121,EDGE-0013794,EV-CONTRACT-2026-4700
PHO-004972,PHO-000982,EDGE-0013795,EV-CONTRACT-2026-7591
PHO-003703,PHO-003969,EDGE-0013796,EV-CONTRACT-2026-5328
PHO-001488,PHO-001232,EDGE-0013797,EV-CONTRACT-2026-7502
PHO-001575,PHO-002974,EDGE-0013798,EV-CONTRACT-2026-4159
PHO-000179,PHO-004383,EDGE-0013799,EV-CONTRACT-2026-8745
PHO-001170,PHO-000249,EDGE-0013800,EV-CONTRACT-2026-1020
PHO-003292,PHO-004758,EDGE-0013801,EV-CONTRACT-2026-7439
PHO-003947,PHO-000410,EDGE-0013802,EV-CONTRACT-2026-6148
PHO-003791,PHO-003331,EDGE-0013803,EV-CONTRACT-2026-2853
PHO-003423,PHO-002309,EDGE-0013804,EV-CONTRACT-2026-3182
PHO-002730,PHO-002975,EDGE-0013805,EV-CONTRACT-2026-4839
PHO-003601,PHO-002935,EDGE-0013806,EV-CONTRACT-2026-2145
PHO-004906,PHO-000179,EDGE-0013807,EV-CONTRACT-2026-1544
PHO-000467,PHO-002571,EDGE-0013808,EV-CONTRACT-2026-3719
PHO-003788,PHO-003338,EDGE-0013809,EV-CONTRACT-2026-5285
PHO-002006,PHO-002640,EDGE-0013810,EV-CONTRACT-2026-7101
PHO-001584,PHO-002553,EDGE-0013811,EV-CONTRACT-2026-9183
PHO-001401,PHO-003172,EDGE-0013812,EV-CONTRACT-2026-8391
PHO-002044,PHO-002147,EDGE-0013813,EV-CONTRACT-2026-3735
PHO-002866,PHO-002507,EDGE-0013814,EV-CONTRACT-2026-9693
PHO-004687,PHO-000140,EDGE-0013815,EV-CONTRACT-2026-7246
PHO-001160,PHO-000363,EDGE-0013816,EV-CONTRACT-2026-3647
PHO-001149,PHO-002701,EDGE-0013817,EV-CONTRACT-2026-4555
PHO-003876,PHO-004972,EDGE-0013818,EV-CONTRACT-2026-8384
PHO-001621,PHO-003664,EDGE-0013819,EV-CONTRACT-2026-2684
PHO-003111,PHO-000341,EDGE-0013820,EV-CONTRACT-2026-7820
PHO-002676,PHO-003304,EDGE-0013821,EV-CONTRACT-2026-2925
PHO-000800,PHO-002213,EDGE-0013822,EV-CONTRACT-2026-2301
PHO-002606,PHO-000574,EDGE-0013823,EV-CONTRACT-2026-6279
PHO-003679,PHO-001625,EDGE-0013824,EV-CONTRACT-2026-2127
PHO-004614,PHO-004471,EDGE-0013825,EV-CONTRACT-2026-5844
PHO-003286,PHO-001449,EDGE-0013826,EV-CONTRACT-2026-8535
PHO-000689,PHO-003191,EDGE-0013827,EV-CONTRACT-2026-7204
PHO-003833,PHO-003381,EDGE-0013828,EV-CONTRACT-2026-4028
PHO-001866,PHO-004203,EDGE-0013829,EV-CONTRACT-2026-3736
PHO-001809,PHO-004517,EDGE-0013830,EV-CONTRACT-2026-2453
PHO-004917,PHO-004390,EDGE-0013831,EV-CONTRACT-2026-2664
PHO-003741,PHO-001988,EDGE-0013832,EV-CONTRACT-2026-6457
PHO-001712,PHO-003228,EDGE-0013833,EV-CONTRACT-2026-9058
PHO-000942,PHO-001880,EDGE-0013834,EV-CONTRACT-2026-2475
PHO-003264,PHO-003933,EDGE-0013835,EV-CONTRACT-2026-3830
PHO-003189,PHO-002535,EDGE-0013836,EV-CONTRACT-2026-9794
PHO-001198,PHO-002119,EDGE-0013837,EV-CONTRACT-2026-4079
PHO-002078,PHO-002038,EDGE-0013838,EV-CONTRACT-2026-6358
PHO-001987,PHO-003374,EDGE-0013839,EV-CONTRACT-2026-3567
PHO-001919,PHO-004298,EDGE-0013840,EV-CONTRACT-2026-7174
PHO-002792,PHO-001393,EDGE-0013841,EV-CONTRACT-2026-6781
PHO-002246,PHO-001466,EDGE-0013842,EV-CONTRACT-2026-9567
PHO-002911,PHO-004068,EDGE-0013843,EV-CONTRACT-2026-6103
PHO-001547,PHO-002397,EDGE-0013844,EV-CONTRACT-2026-4272
PHO-000886,PHO-004903,EDGE-0013845,EV-CONTRACT-2026-3017
PHO-002555,PHO-000968,EDGE-0013846,EV-CONTRACT-2026-9090
PHO-001734,PHO-002829,EDGE-0013847,EV-CONTRACT-2026-3211
PHO-003213,PHO-004825,EDGE-0013848,EV-CONTRACT-2026-8693
PHO-002708,PHO-001614,EDGE-0013849,EV-CONTRACT-2026-6015
PHO-003868,PHO-001989,EDGE-0013850,EV-CONTRACT-2026-2553
PHO-003056,PHO-003387,EDGE-0013851,EV-CONTRACT-2026-7511
PHO-003179,PHO-000793,EDGE-0013852,EV-CONTRACT-2026-4096
PHO-000117,PHO-002280,EDGE-0013853,EV-CONTRACT-2026-1817
PHO-001990,PHO-003353,EDGE-0013854,EV-CONTRACT-2026-8468
PHO-000362,PHO-003769,EDGE-0013855,EV-CONTRACT-2026-9338
PHO-001377,PHO-002516,EDGE-0013856,EV-CONTRACT-2026-2322
PHO-001148,PHO-003284,EDGE-0013857,EV-CONTRACT-2026-5124
PHO-004330,PHO-000689,EDGE-0013858,EV-CONTRACT-2026-4695
PHO-004908,PHO-000543,EDGE-0013859,EV-CONTRACT-2026-6213
PHO-004811,PHO-001420,EDGE-0013860,EV-CONTRACT-2026-2770
PHO-000799,PHO-001361,EDGE-0013861,EV-CONTRACT-2026-5361
PHO-004279,PHO-003374,EDGE-0013862,EV-CONTRACT-2026-8613
PHO-002799,PHO-001786,EDGE-0013863,EV-CONTRACT-2026-5499
PHO-000271,PHO-001816,EDGE-0013864,EV-CONTRACT-2026-5062
PHO-001048,PHO-004127,EDGE-0013865,EV-CONTRACT-2026-9827
PHO-004780,PHO-000275,EDGE-0013866,EV-CONTRACT-2026-5236
PHO-004078,PHO-004683,EDGE-0013867,EV-CONTRACT-2026-2149
PHO-003639,PHO-004032,EDGE-0013868,EV-CONTRACT-2026-8677
PHO-002898,PHO-004697,EDGE-0013869,EV-CONTRACT-2026-3356
PHO-002196,PHO-000229,EDGE-0013870,EV-CONTRACT-2026-4164
PHO-002565,PHO-001364,EDGE-0013871,EV-CONTRACT-2026-2602
PHO-003226,PHO-003057,EDGE-0013872,EV-CONTRACT-2026-4178
PHO-000685,PHO-001035,EDGE-0013873,EV-CONTRACT-2026-9597
PHO-002521,PHO-004110,EDGE-0013874,EV-CONTRACT-2026-7468
PHO-002498,PHO-003006,EDGE-0013875,EV-CONTRACT-2026-1761
PHO-000194,PHO-004821,EDGE-0013876,EV-CONTRACT-2026-3046
PHO-002275,PHO-000621,EDGE-0013877,EV-CONTRACT-2026-2455
PHO-001897,PHO-000055,EDGE-0013878,EV-CONTRACT-2026-5604
PHO-004500,PHO-004367,EDGE-0013879,EV-CONTRACT-2026-2573
PHO-003755,PHO-004891,EDGE-0013880,EV-CONTRACT-2026-3873
PHO-001958,PHO-000375,EDGE-0013881,EV-CONTRACT-2026-8981
PHO-002767,PHO-001704,EDGE-0013882,EV-CONTRACT-2026-6382
PHO-003724,PHO-004202,EDGE-0013883,EV-CONTRACT-2026-7784
PHO-001414,PHO-002838,EDGE-0013884,EV-CONTRACT-2026-9895
PHO-002303,PHO-003926,EDGE-0013885,EV-CONTRACT-2026-7893
PHO-001509,PHO-002951,EDGE-0013886,EV-CONTRACT-2026-4444
PHO-003294,PHO-002518,EDGE-0013887,EV-CONTRACT-2026-7062
PHO-001633,PHO-000655,EDGE-0013888,EV-CONTRACT-2026-5299
PHO-003723,PHO-004106,EDGE-0013889,EV-CONTRACT-2026-9333
PHO-002907,PHO-002019,EDGE-0013890,EV-CONTRACT-2026-8991
PHO-004216,PHO-004727,EDGE-0013891,EV-CONTRACT-2026-6346
PHO-004106,PHO-002822,EDGE-0013892,EV-CONTRACT-2026-1643
PHO-001091,PHO-000723,EDGE-0013893,EV-CONTRACT-2026-3662
PHO-003225,PHO-002761,EDGE-0013894,EV-CONTRACT-2026-4580
PHO-003295,PHO-000959,EDGE-0013895,EV-CONTRACT-2026-2928
PHO-002361,PHO-004117,EDGE-0013896,EV-CONTRACT-2026-4166
PHO-004190,PHO-004129,EDGE-0013897,EV-CONTRACT-2026-9897
PHO-004674,PHO-002832,EDGE-0013898,EV-CONTRACT-2026-1233
PHO-002355,PHO-000437,EDGE-0013899,EV-CONTRACT-2026-7833
PHO-001529,PHO-001256,EDGE-0013900,EV-CONTRACT-2026-1978
PHO-001008,PHO-001953,EDGE-0013901,EV-CONTRACT-2026-1687
PHO-004984,PHO-000735,EDGE-0013902,EV-CONTRACT-2026-2867
PHO-004048,PHO-004011,EDGE-0013903,EV-CONTRACT-2026-8074
PHO-001533,PHO-001497,EDGE-0013904,EV-CONTRACT-2026-1328
PHO-003800,PHO-002837,EDGE-0013905,EV-CONTRACT-2026-3143
PHO-001094,PHO-004767,EDGE-0013906,EV-CONTRACT-2026-9569
PHO-000545,PHO-000923,EDGE-0013907,EV-CONTRACT-2026-7313
PHO-000648,PHO-002988,EDGE-0013908,EV-CONTRACT-2026-8773
PHO-003390,PHO-002043,EDGE-0013909,EV-CONTRACT-2026-7112
PHO-003809,PHO-004426,EDGE-0013910,EV-CONTRACT-2026-2020
PHO-004783,PHO-002412,EDGE-0013911,EV-CONTRACT-2026-8489
PHO-004437,PHO-003213,EDGE-0013912,EV-CONTRACT-2026-5619
PHO-001803,PHO-003092,EDGE-0013913,EV-CONTRACT-2026-6103
PHO-002477,PHO-002594,EDGE-0013914,EV-CONTRACT-2026-1028
PHO-000555,PHO-004004,EDGE-0013915,EV-CONTRACT-2026-1920
PHO-002668,PHO-000490,EDGE-0013916,EV-CONTRACT-2026-7803
PHO-002011,PHO-001853,EDGE-0013917,EV-CONTRACT-2026-6382
PHO-001328,PHO-003847,EDGE-0013918,EV-CONTRACT-2026-2865
PHO-002378,PHO-001073,EDGE-0013919,EV-CONTRACT-2026-4572
PHO-002886,PHO-002840,EDGE-0013920,EV-CONTRACT-2026-6315
PHO-000566,PHO-004550,EDGE-0013921,EV-CONTRACT-2026-1577
PHO-003492,PHO-003145,EDGE-0013922,EV-CONTRACT-2026-3541
PHO-001099,PHO-000877,EDGE-0013923,EV-CONTRACT-2026-4962
PHO-002064,PHO-000927,EDGE-0013924,EV-CONTRACT-2026-6436
PHO-003462,PHO-002356,EDGE-0013925,EV-CONTRACT-2026-1186
PHO-001368,PHO-001024,EDGE-0013926,EV-CONTRACT-2026-2936
PHO-002853,PHO-003687,EDGE-0013927,EV-CONTRACT-2026-2150
PHO-003736,PHO-003639,EDGE-0013928,EV-CONTRACT-2026-5725
PHO-000127,PHO-002336,EDGE-0013929,EV-CONTRACT-2026-6906
PHO-004094,PHO-004069,EDGE-0013930,EV-CONTRACT-2026-1647
PHO-000319,PHO-003775,EDGE-0013931,EV-CONTRACT-2026-6603
PHO-002670,PHO-000431,EDGE-0013932,EV-CONTRACT-2026-1212
PHO-001702,PHO-004550,EDGE-0013933,EV-CONTRACT-2026-5240
PHO-002317,PHO-001554,EDGE-0013934,EV-CONTRACT-2026-6653
PHO-003106,PHO-004952,EDGE-0013935,EV-CONTRACT-2026-6220
PHO-004778,PHO-000235,EDGE-0013936,EV-CONTRACT-2026-5902
PHO-003638,PHO-002645,EDGE-0013937,EV-CONTRACT-2026-1179
PHO-001131,PHO-003383,EDGE-0013938,EV-CONTRACT-2026-2993
PHO-004216,PHO-000289,EDGE-0013939,EV-CONTRACT-2026-5355
PHO-002730,PHO-000603,EDGE-0013940,EV-CONTRACT-2026-7399
PHO-001941,PHO-002860,EDGE-0013941,EV-CONTRACT-2026-4400
PHO-000011,PHO-004936,EDGE-0013942,EV-CONTRACT-2026-7049
PHO-001676,PHO-000573,EDGE-0013943,EV-CONTRACT-2026-2852
PHO-000374,PHO-000035,EDGE-0013944,EV-CONTRACT-2026-4731
PHO-001087,PHO-001131,EDGE-0013945,EV-CONTRACT-2026-5299
PHO-003755,PHO-003560,EDGE-0013946,EV-CONTRACT-2026-6257
PHO-001719,PHO-003786,EDGE-0013947,EV-CONTRACT-2026-1993
PHO-003228,PHO-004546,EDGE-0013948,EV-CONTRACT-2026-6360
PHO-002543,PHO-000774,EDGE-0013949,EV-CONTRACT-2026-2044
PHO-001270,PHO-001175,EDGE-0013950,EV-CONTRACT-2026-3041
PHO-000720,PHO-002489,EDGE-0013951,EV-CONTRACT-2026-1667
PHO-004400,PHO-004803,EDGE-0013952,EV-CONTRACT-2026-2488
PHO-002681,PHO-003369,EDGE-0013953,EV-CONTRACT-2026-7685
PHO-004156,PHO-002451,EDGE-0013954,EV-CONTRACT-2026-2864
PHO-004860,PHO-001176,EDGE-0013955,EV-CONTRACT-2026-6582
PHO-002015,PHO-003880,EDGE-0013956,EV-CONTRACT-2026-8133
PHO-002793,PHO-003314,EDGE-0013957,EV-CONTRACT-2026-5208
PHO-002982,PHO-001777,EDGE-0013958,EV-CONTRACT-2026-7532
PHO-002693,PHO-003534,EDGE-0013959,EV-CONTRACT-2026-8254
PHO-001579,PHO-000329,EDGE-0013960,EV-CONTRACT-2026-2801
PHO-002643,PHO-004388,EDGE-0013961,EV-CONTRACT-2026-2074
PHO-004017,PHO-000991,EDGE-0013962,EV-CONTRACT-2026-6778
PHO-001588,PHO-004473,EDGE-0013963,EV-CONTRACT-2026-3213
PHO-001623,PHO-002565,EDGE-0013964,EV-CONTRACT-2026-1714
PHO-003772,PHO-003689,EDGE-0013965,EV-CONTRACT-2026-1703
PHO-004511,PHO-000568,EDGE-0013966,EV-CONTRACT-2026-3873
PHO-001978,PHO-002279,EDGE-0013967,EV-CONTRACT-2026-5798
PHO-002055,PHO-002783,EDGE-0013968,EV-CONTRACT-2026-9641
PHO-003256,PHO-002432,EDGE-0013969,EV-CONTRACT-2026-9131
PHO-002766,PHO-002521,EDGE-0013970,EV-CONTRACT-2026-1563
PHO-001647,PHO-002859,EDGE-0013971,EV-CONTRACT-2026-2750
PHO-001601,PHO-001158,EDGE-0013972,EV-CONTRACT-2026-3679
PHO-004055,PHO-003186,EDGE-0013973,EV-CONTRACT-2026-7133
PHO-001529,PHO-004076,EDGE-0013974,EV-CONTRACT-2026-9146
PHO-003776,PHO-000779,EDGE-0013975,EV-CONTRACT-2026-4256
PHO-000995,PHO-001903,EDGE-0013976,EV-CONTRACT-2026-5983
PHO-002038,PHO-002473,EDGE-0013977,EV-CONTRACT-2026-2823
PHO-002592,PHO-000814,EDGE-0013978,EV-CONTRACT-2026-9125
PHO-002835,PHO-003725,EDGE-0013979,EV-CONTRACT-2026-2023
PHO-002019,PHO-001273,EDGE-0013980,EV-CONTRACT-2026-9491
PHO-004303,PHO-004683,EDGE-0013981,EV-CONTRACT-2026-8646
PHO-001997,PHO-004067,EDGE-0013982,EV-CONTRACT-2026-3291
PHO-004864,PHO-000640,EDGE-0013983,EV-CONTRACT-2026-6382
PHO-001559,PHO-000562,EDGE-0013984,EV-CONTRACT-2026-7528
PHO-001338,PHO-004766,EDGE-0013985,EV-CONTRACT-2026-4712
PHO-000236,PHO-000620,EDGE-0013986,EV-CONTRACT-2026-5256
PHO-000485,PHO-002903,EDGE-0013987,EV-CONTRACT-2026-1153
PHO-001500,PHO-001744,EDGE-0013988,EV-CONTRACT-2026-6755
PHO-004098,PHO-004381,EDGE-0013989,EV-CONTRACT-2026-3714
PHO-004526,PHO-002950,EDGE-0013990,EV-CONTRACT-2026-4262
PHO-002990,PHO-000060,EDGE-0013991,EV-CONTRACT-2026-2812
PHO-004562,PHO-003418,EDGE-0013992,EV-CONTRACT-2026-1070
PHO-000915,PHO-004928,EDGE-0013993,EV-CONTRACT-2026-7734
PHO-003657,PHO-002290,EDGE-0013994,EV-CONTRACT-2026-7575
PHO-002278,PHO-001355,EDGE-0013995,EV-CONTRACT-2026-1247
PHO-003986,PHO-002950,EDGE-0013996,EV-CONTRACT-2026-2551
PHO-000784,PHO-003987,EDGE-0013997,EV-CONTRACT-2026-8767
PHO-002255,PHO-000264,EDGE-0013998,EV-CONTRACT-2026-2627
PHO-003439,PHO-000288,EDGE-0013999,EV-CONTRACT-2026-4125
PHO-002476,PHO-003609,EDGE-0014000,EV-CONTRACT-2026-7520
PHO-001947,PHO-000288,EDGE-0014001,EV-CONTRACT-2026-7429
PHO-002976,PHO-000923,EDGE-0014002,EV-CONTRACT-2026-2007
PHO-001648,PHO-002464,EDGE-0014003,EV-CONTRACT-2026-6617
PHO-002660,PHO-004638,EDGE-0014004,EV-CONTRACT-2026-7250
PHO-000843,PHO-003672,EDGE-0014005,EV-CONTRACT-2026-3688
PHO-001031,PHO-001518,EDGE-0014006,EV-CONTRACT-2026-7982
PHO-001982,PHO-003132,EDGE-0014007,EV-CONTRACT-2026-9431
PHO-001166,PHO-004668,EDGE-0014008,EV-CONTRACT-2026-1861
PHO-000030,PHO-004242,EDGE-0014009,EV-CONTRACT-2026-5976
PHO-003013,PHO-003409,EDGE-0014010,EV-CONTRACT-2026-7782
PHO-004140,PHO-000534,EDGE-0014011,EV-CONTRACT-2026-1408
PHO-003961,PHO-000236,EDGE-0014012,EV-CONTRACT-2026-6537
PHO-001130,PHO-000707,EDGE-0014013,EV-CONTRACT-2026-1641
PHO-003643,PHO-004077,EDGE-0014014,EV-CONTRACT-2026-1730
PHO-000791,PHO-004726,EDGE-0014015,EV-CONTRACT-2026-5994
PHO-002811,PHO-004025,EDGE-0014016,EV-CONTRACT-2026-9182
PHO-000626,PHO-001681,EDGE-0014017,EV-CONTRACT-2026-2121
PHO-001269,PHO-003997,EDGE-0014018,EV-CONTRACT-2026-7212
PHO-004740,PHO-002957,EDGE-0014019,EV-CONTRACT-2026-1147
PHO-001156,PHO-002177,EDGE-0014020,EV-CONTRACT-2026-4654
PHO-003072,PHO-002658,EDGE-0014021,EV-CONTRACT-2026-6554
PHO-003862,PHO-003058,EDGE-0014022,EV-CONTRACT-2026-6655
PHO-002340,PHO-001788,EDGE-0014023,EV-CONTRACT-2026-7886
PHO-003591,PHO-002520,EDGE-0014024,EV-CONTRACT-2026-2715
PHO-002400,PHO-001996,EDGE-0014025,EV-CONTRACT-2026-7002
PHO-000123,PHO-002737,EDGE-0014026,EV-CONTRACT-2026-9329
PHO-003893,PHO-003317,EDGE-0014027,EV-CONTRACT-2026-7667
PHO-000892,PHO-001798,EDGE-0014028,EV-CONTRACT-2026-6577
PHO-000871,PHO-003933,EDGE-0014029,EV-CONTRACT-2026-4493
PHO-004704,PHO-000611,EDGE-0014030,EV-CONTRACT-2026-3152
PHO-003745,PHO-002470,EDGE-0014031,EV-CONTRACT-2026-1139
PHO-001958,PHO-004781,EDGE-0014032,EV-CONTRACT-2026-4671
PHO-002246,PHO-004693,EDGE-0014033,EV-CONTRACT-2026-3431
PHO-001472,PHO-002250,EDGE-0014034,EV-CONTRACT-2026-8947
PHO-000208,PHO-000900,EDGE-0014035,EV-CONTRACT-2026-3300
PHO-000472,PHO-003175,EDGE-0014036,EV-CONTRACT-2026-9545
PHO-002292,PHO-001837,EDGE-0014037,EV-CONTRACT-2026-7404
PHO-004177,PHO-001688,EDGE-0014038,EV-CONTRACT-2026-4588
PHO-001742,PHO-001658,EDGE-0014039,EV-CONTRACT-2026-8844
PHO-004762,PHO-003844,EDGE-0014040,EV-CONTRACT-2026-3818
PHO-001412,PHO-003090,EDGE-0014041,EV-CONTRACT-2026-3686
PHO-004293,PHO-004671,EDGE-0014042,EV-CONTRACT-2026-1077
PHO-004439,PHO-002821,EDGE-0014043,EV-CONTRACT-2026-3199
PHO-000915,PHO-001717,EDGE-0014044,EV-CONTRACT-2026-4481
PHO-002935,PHO-001284,EDGE-0014045,EV-CONTRACT-2026-1937
PHO-000269,PHO-004727,EDGE-0014046,EV-CONTRACT-2026-1212
PHO-000021,PHO-004259,EDGE-0014047,EV-CONTRACT-2026-7596
PHO-002769,PHO-002310,EDGE-0014048,EV-CONTRACT-2026-2991
PHO-000823,PHO-004060,EDGE-0014049,EV-CONTRACT-2026-3992
PHO-001997,PHO-004131,EDGE-0014050,EV-CONTRACT-2026-8360
PHO-001035,PHO-001516,EDGE-0014051,EV-CONTRACT-2026-4523
PHO-003052,PHO-001745,EDGE-0014052,EV-CONTRACT-2026-8236
PHO-001250,PHO-004958,EDGE-0014053,EV-CONTRACT-2026-6586
PHO-003479,PHO-001996,EDGE-0014054,EV-CONTRACT-2026-1153
PHO-003770,PHO-000583,EDGE-0014055,EV-CONTRACT-2026-7438
PHO-000362,PHO-000192,EDGE-0014056,EV-CONTRACT-2026-6709
PHO-000960,PHO-003663,EDGE-0014057,EV-CONTRACT-2026-4086
PHO-002842,PHO-001759,EDGE-0014058,EV-CONTRACT-2026-5903
PHO-003847,PHO-002336,EDGE-0014059,EV-CONTRACT-2026-1587
PHO-000140,PHO-003955,EDGE-0014060,EV-CONTRACT-2026-6668
PHO-002055,PHO-001967,EDGE-0014061,EV-CONTRACT-2026-9836
PHO-000266,PHO-000425,EDGE-0014062,EV-CONTRACT-2026-8155
PHO-004432,PHO-003866,EDGE-0014063,EV-CONTRACT-2026-3520
PHO-001861,PHO-004143,EDGE-0014064,EV-CONTRACT-2026-6454
PHO-004165,PHO-004613,EDGE-0014065,EV-CONTRACT-2026-1601
PHO-004048,PHO-004431,EDGE-0014066,EV-CONTRACT-2026-2905
PHO-001768,PHO-003379,EDGE-0014067,EV-CONTRACT-2026-7259
PHO-000063,PHO-001360,EDGE-0014068,EV-CONTRACT-2026-1138
PHO-004993,PHO-000018,EDGE-0014069,EV-CONTRACT-2026-2135
PHO-000219,PHO-003835,EDGE-0014070,EV-CONTRACT-2026-8749
PHO-004602,PHO-000308,EDGE-0014071,EV-CONTRACT-2026-6554
PHO-002350,PHO-002447,EDGE-0014072,EV-CONTRACT-2026-7164
PHO-003003,PHO-004514,EDGE-0014073,EV-CONTRACT-2026-8574
PHO-002581,PHO-003522,EDGE-0014074,EV-CONTRACT-2026-5156
PHO-001827,PHO-002218,EDGE-0014075,EV-CONTRACT-2026-3622
PHO-001834,PHO-002217,EDGE-0014076,EV-CONTRACT-2026-4137
PHO-004628,PHO-003317,EDGE-0014077,EV-CONTRACT-2026-9855
PHO-002084,PHO-001283,EDGE-0014078,EV-CONTRACT-2026-7708
PHO-000609,PHO-002488,EDGE-0014079,EV-CONTRACT-2026-3277
PHO-001841,PHO-003610,EDGE-0014080,EV-CONTRACT-2026-3646
PHO-000830,PHO-004528,EDGE-0014081,EV-CONTRACT-2026-5273
PHO-003696,PHO-003933,EDGE-0014082,EV-CONTRACT-2026-8366
PHO-004314,PHO-002833,EDGE-0014083,EV-CONTRACT-2026-5621
PHO-002521,PHO-004510,EDGE-0014084,EV-CONTRACT-2026-6499
PHO-000153,PHO-004885,EDGE-0014085,EV-CONTRACT-2026-6752
PHO-002701,PHO-002237,EDGE-0014086,EV-CONTRACT-2026-9349
PHO-003219,PHO-004867,EDGE-0014087,EV-CONTRACT-2026-2997
PHO-004178,PHO-003880,EDGE-0014088,EV-CONTRACT-2026-6295
PHO-004569,PHO-000443,EDGE-0014089,EV-CONTRACT-2026-7607
PHO-001392,PHO-004166,EDGE-0014090,EV-CONTRACT-2026-4184
PHO-003593,PHO-000140,EDGE-0014091,EV-CONTRACT-2026-9205
PHO-000374,PHO-002140,EDGE-0014092,EV-CONTRACT-2026-2953
PHO-003840,PHO-000631,EDGE-0014093,EV-CONTRACT-2026-1954
PHO-003083,PHO-001872,EDGE-0014094,EV-CONTRACT-2026-7399
PHO-003049,PHO-001565,EDGE-0014095,EV-CONTRACT-2026-1552
PHO-002955,PHO-003729,EDGE-0014096,EV-CONTRACT-2026-1767
PHO-000661,PHO-004119,EDGE-0014097,EV-CONTRACT-2026-8415
PHO-000821,PHO-002140,EDGE-0014098,EV-CONTRACT-2026-1438
PHO-004221,PHO-004266,EDGE-0014099,EV-CONTRACT-2026-8983
PHO-000294,PHO-002048,EDGE-0014100,EV-CONTRACT-2026-7094
PHO-002053,PHO-000211,EDGE-0014101,EV-CONTRACT-2026-3041
PHO-002268,PHO-001619,EDGE-0014102,EV-CONTRACT-2026-3990
PHO-002707,PHO-004703,EDGE-0014103,EV-CONTRACT-2026-2351
PHO-001353,PHO-002188,EDGE-0014104,EV-CONTRACT-2026-7457
PHO-001845,PHO-003193,EDGE-0014105,EV-CONTRACT-2026-6521
PHO-002970,PHO-002665,EDGE-0014106,EV-CONTRACT-2026-2952
PHO-003184,PHO-001195,EDGE-0014107,EV-CONTRACT-2026-3928
PHO-002254,PHO-003936,EDGE-0014108,EV-CONTRACT-2026-5007
PHO-003445,PHO-000745,EDGE-0014109,EV-CONTRACT-2026-7556
PHO-002399,PHO-004348,EDGE-0014110,EV-CONTRACT-2026-1464
PHO-001277,PHO-002700,EDGE-0014111,EV-CONTRACT-2026-6781
PHO-004845,PHO-002886,EDGE-0014112,EV-CONTRACT-2026-3009
PHO-000374,PHO-003258,EDGE-0014113,EV-CONTRACT-2026-2539
PHO-002023,PHO-003493,EDGE-0014114,EV-CONTRACT-2026-7267
PHO-000480,PHO-001146,EDGE-0014115,EV-CONTRACT-2026-2425
PHO-004851,PHO-002327,EDGE-0014116,EV-CONTRACT-2026-5350
PHO-002998,PHO-002606,EDGE-0014117,EV-CONTRACT-2026-5664
PHO-003319,PHO-003323,EDGE-0014118,EV-CONTRACT-2026-1629
PHO-001143,PHO-003721,EDGE-0014119,EV-CONTRACT-2026-6828
PHO-001401,PHO-002811,EDGE-0014120,EV-CONTRACT-2026-4362
PHO-001742,PHO-004655,EDGE-0014121,EV-CONTRACT-2026-8107
PHO-001125,PHO-002895,EDGE-0014122,EV-CONTRACT-2026-7137
PHO-000644,PHO-000563,EDGE-0014123,EV-CONTRACT-2026-4015
PHO-003750,PHO-002700,EDGE-0014124,EV-CONTRACT-2026-7404
PHO-002582,PHO-001968,EDGE-0014125,EV-CONTRACT-2026-5525
PHO-002270,PHO-002879,EDGE-0014126,EV-CONTRACT-2026-5414
PHO-001161,PHO-000235,EDGE-0014127,EV-CONTRACT-2026-2497
PHO-000428,PHO-002286,EDGE-0014128,EV-CONTRACT-2026-9315
PHO-000811,PHO-000086,EDGE-0014129,EV-CONTRACT-2026-4141
PHO-000099,PHO-001933,EDGE-0014130,EV-CONTRACT-2026-7381
PHO-000557,PHO-003254,EDGE-0014131,EV-CONTRACT-2026-2091
PHO-004920,PHO-004663,EDGE-0014132,EV-CONTRACT-2026-7725
PHO-000117,PHO-004650,EDGE-0014133,EV-CONTRACT-2026-1113
PHO-000146,PHO-002893,EDGE-0014134,EV-CONTRACT-2026-7624
PHO-003578,PHO-004152,EDGE-0014135,EV-CONTRACT-2026-7986
PHO-000514,PHO-002267,EDGE-0014136,EV-CONTRACT-2026-8807
PHO-000380,PHO-000968,EDGE-0014137,EV-CONTRACT-2026-9695
PHO-001484,PHO-003037,EDGE-0014138,EV-CONTRACT-2026-3989
PHO-003905,PHO-000790,EDGE-0014139,EV-CONTRACT-2026-1758
PHO-004402,PHO-000721,EDGE-0014140,EV-CONTRACT-2026-5472
PHO-000951,PHO-004450,EDGE-0014141,EV-CONTRACT-2026-1057
PHO-002029,PHO-002755,EDGE-0014142,EV-CONTRACT-2026-4420
PHO-002640,PHO-001364,EDGE-0014143,EV-CONTRACT-2026-1033
PHO-001298,PHO-003594,EDGE-0014144,EV-CONTRACT-2026-3516
PHO-000250,PHO-000011,EDGE-0014145,EV-CONTRACT-2026-7564
PHO-000805,PHO-004371,EDGE-0014146,EV-CONTRACT-2026-5831
PHO-002746,PHO-004260,EDGE-0014147,EV-CONTRACT-2026-9730
PHO-003350,PHO-003829,EDGE-0014148,EV-CONTRACT-2026-4864
PHO-000795,PHO-000171,EDGE-0014149,EV-CONTRACT-2026-2968
PHO-003332,PHO-002706,EDGE-0014150,EV-CONTRACT-2026-1442
PHO-003314,PHO-001874,EDGE-0014151,EV-CONTRACT-2026-7626
PHO-001813,PHO-000536,EDGE-0014152,EV-CONTRACT-2026-9457
PHO-003262,PHO-003331,EDGE-0014153,EV-CONTRACT-2026-8412
PHO-000768,PHO-004666,EDGE-0014154,EV-CONTRACT-2026-1985
PHO-003394,PHO-004535,EDGE-0014155,EV-CONTRACT-2026-6097
PHO-003971,PHO-002627,EDGE-0014156,EV-CONTRACT-2026-3939
PHO-003670,PHO-001489,EDGE-0014157,EV-CONTRACT-2026-8748
PHO-000867,PHO-002446,EDGE-0014158,EV-CONTRACT-2026-8158
PHO-001362,PHO-001570,EDGE-0014159,EV-CONTRACT-2026-5039
PHO-002672,PHO-004882,EDGE-0014160,EV-CONTRACT-2026-9032
PHO-000875,PHO-000108,EDGE-0014161,EV-CONTRACT-2026-3946
PHO-003783,PHO-001378,EDGE-0014162,EV-CONTRACT-2026-9644
PHO-000425,PHO-002823,EDGE-0014163,EV-CONTRACT-2026-9298
PHO-000233,PHO-000131,EDGE-0014164,EV-CONTRACT-2026-7359
PHO-003828,PHO-000135,EDGE-0014165,EV-CONTRACT-2026-8158
PHO-003248,PHO-004561,EDGE-0014166,EV-CONTRACT-2026-2684
PHO-003408,PHO-003065,EDGE-0014167,EV-CONTRACT-2026-5400
PHO-002514,PHO-000981,EDGE-0014168,EV-CONTRACT-2026-3635
PHO-001691,PHO-001299,EDGE-0014169,EV-CONTRACT-2026-4594
PHO-002195,PHO-004901,EDGE-0014170,EV-CONTRACT-2026-5805
PHO-001382,PHO-000465,EDGE-0014171,EV-CONTRACT-2026-5154
PHO-001177,PHO-001645,EDGE-0014172,EV-CONTRACT-2026-7898
PHO-003864,PHO-002456,EDGE-0014173,EV-CONTRACT-2026-8013
PHO-003770,PHO-000153,EDGE-0014174,EV-CONTRACT-2026-8450
PHO-002191,PHO-002353,EDGE-0014175,EV-CONTRACT-2026-4589
PHO-003353,PHO-003313,EDGE-0014176,EV-CONTRACT-2026-2076
PHO-001912,PHO-000007,EDGE-0014177,EV-CONTRACT-2026-8595
PHO-000944,PHO-002166,EDGE-0014178,EV-CONTRACT-2026-1726
PHO-002809,PHO-004389,EDGE-0014179,EV-CONTRACT-2026-8125
PHO-003139,PHO-003754,EDGE-0014180,EV-CONTRACT-2026-2850
PHO-001127,PHO-002166,EDGE-0014181,EV-CONTRACT-2026-8365
PHO-001401,PHO-000652,EDGE-0014182,EV-CONTRACT-2026-6853
PHO-002160,PHO-001172,EDGE-0014183,EV-CONTRACT-2026-6919
PHO-004511,PHO-001074,EDGE-0014184,EV-CONTRACT-2026-1719
PHO-001390,PHO-003076,EDGE-0014185,EV-CONTRACT-2026-4900
PHO-001979,PHO-004986,EDGE-0014186,EV-CONTRACT-2026-6751
PHO-001873,PHO-000614,EDGE-0014187,EV-CONTRACT-2026-6265
PHO-000222,PHO-004711,EDGE-0014188,EV-CONTRACT-2026-1746
PHO-004588,PHO-000265,EDGE-0014189,EV-CONTRACT-2026-4698
PHO-002462,PHO-002515,EDGE-0014190,EV-CONTRACT-2026-9978
PHO-002090,PHO-003994,EDGE-0014191,EV-CONTRACT-2026-9457
PHO-001570,PHO-004537,EDGE-0014192,EV-CONTRACT-2026-8453
PHO-003960,PHO-000538,EDGE-0014193,EV-CONTRACT-2026-5384
PHO-004471,PHO-002175,EDGE-0014194,EV-CONTRACT-2026-5552
PHO-003355,PHO-001686,EDGE-0014195,EV-CONTRACT-2026-1500
PHO-001042,PHO-004412,EDGE-0014196,EV-CONTRACT-2026-9042
PHO-002173,PHO-001925,EDGE-0014197,EV-CONTRACT-2026-7688
PHO-004702,PHO-002079,EDGE-0014198,EV-CONTRACT-2026-1158
PHO-001101,PHO-000720,EDGE-0014199,EV-CONTRACT-2026-7265
PHO-002294,PHO-003015,EDGE-0014200,EV-CONTRACT-2026-9216
PHO-002080,PHO-003807,EDGE-0014201,EV-CONTRACT-2026-1077
PHO-003824,PHO-000595,EDGE-0014202,EV-CONTRACT-2026-7528
PHO-000092,PHO-003147,EDGE-0014203,EV-CONTRACT-2026-6930
PHO-002892,PHO-001580,EDGE-0014204,EV-CONTRACT-2026-2584
PHO-000596,PHO-001491,EDGE-0014205,EV-CONTRACT-2026-7141
PHO-002621,PHO-001072,EDGE-0014206,EV-CONTRACT-2026-8834
PHO-000344,PHO-003621,EDGE-0014207,EV-CONTRACT-2026-5388
PHO-002716,PHO-002545,EDGE-0014208,EV-CONTRACT-2026-1034
PHO-002399,PHO-004727,EDGE-0014209,EV-CONTRACT-2026-9946
PHO-001978,PHO-002236,EDGE-0014210,EV-CONTRACT-2026-9108
PHO-004281,PHO-002596,EDGE-0014211,EV-CONTRACT-2026-9649
PHO-000878,PHO-002601,EDGE-0014212,EV-CONTRACT-2026-9145
PHO-000637,PHO-001149,EDGE-0014213,EV-CONTRACT-2026-3453
PHO-002804,PHO-003175,EDGE-0014214,EV-CONTRACT-2026-1906
PHO-000244,PHO-000641,EDGE-0014215,EV-CONTRACT-2026-5100
PHO-002620,PHO-002570,EDGE-0014216,EV-CONTRACT-2026-7060
PHO-001478,PHO-003144,EDGE-0014217,EV-CONTRACT-2026-8244
PHO-003648,PHO-000821,EDGE-0014218,EV-CONTRACT-2026-4331
PHO-003557,PHO-004303,EDGE-0014219,EV-CONTRACT-2026-4248
PHO-002716,PHO-002535,EDGE-0014220,EV-CONTRACT-2026-5308
PHO-000721,PHO-003704,EDGE-0014221,EV-CONTRACT-2026-7564
PHO-003038,PHO-002477,EDGE-0014222,EV-CONTRACT-2026-9827
PHO-003966,PHO-002956,EDGE-0014223,EV-CONTRACT-2026-1012
PHO-002097,PHO-004041,EDGE-0014224,EV-CONTRACT-2026-1282
PHO-002249,PHO-002672,EDGE-0014225,EV-CONTRACT-2026-5477
PHO-001419,PHO-001265,EDGE-0014226,EV-CONTRACT-2026-8947
PHO-000637,PHO-000435,EDGE-0014227,EV-CONTRACT-2026-4169
PHO-001830,PHO-004605,EDGE-0014228,EV-CONTRACT-2026-1424
PHO-003329,PHO-003235,EDGE-0014229,EV-CONTRACT-2026-1245
PHO-004694,PHO-003683,EDGE-0014230,EV-CONTRACT-2026-2657
PHO-003718,PHO-003278,EDGE-0014231,EV-CONTRACT-2026-2709
PHO-003335,PHO-003538,EDGE-0014232,EV-CONTRACT-2026-2186
PHO-000320,PHO-000100,EDGE-0014233,EV-CONTRACT-2026-2649
PHO-004093,PHO-001437,EDGE-0014234,EV-CONTRACT-2026-3395
PHO-000149,PHO-004308,EDGE-0014235,EV-CONTRACT-2026-5657
PHO-000337,PHO-001449,EDGE-0014236,EV-CONTRACT-2026-1415
PHO-001586,PHO-004155,EDGE-0014237,EV-CONTRACT-2026-3612
PHO-000799,PHO-001896,EDGE-0014238,EV-CONTRACT-2026-1500
PHO-001762,PHO-003018,EDGE-0014239,EV-CONTRACT-2026-8448
PHO-004102,PHO-003030,EDGE-0014240,EV-CONTRACT-2026-2459
PHO-004727,PHO-000924,EDGE-0014241,EV-CONTRACT-2026-4862
PHO-003325,PHO-000799,EDGE-0014242,EV-CONTRACT-2026-3006
PHO-004170,PHO-002512,EDGE-0014243,EV-CONTRACT-2026-9479
PHO-000247,PHO-004573,EDGE-0014244,EV-CONTRACT-2026-5184
PHO-001658,PHO-003410,EDGE-0014245,EV-CONTRACT-2026-7577
PHO-004801,PHO-004010,EDGE-0014246,EV-CONTRACT-2026-3800
PHO-001550,PHO-002064,EDGE-0014247,EV-CONTRACT-2026-7882
PHO-000736,PHO-003697,EDGE-0014248,EV-CONTRACT-2026-6140
PHO-004902,PHO-003814,EDGE-0014249,EV-CONTRACT-2026-2080
PHO-004271,PHO-003494,EDGE-0014250,EV-CONTRACT-2026-5627
PHO-003947,PHO-001253,EDGE-0014251,EV-CONTRACT-2026-8779
PHO-000570,PHO-004245,EDGE-0014252,EV-CONTRACT-2026-3216
PHO-002098,PHO-002863,EDGE-0014253,EV-CONTRACT-2026-6766
PHO-004020,PHO-001319,EDGE-0014254,EV-CONTRACT-2026-8230
PHO-004373,PHO-004299,EDGE-0014255,EV-CONTRACT-2026-2742
PHO-002884,PHO-004651,EDGE-0014256,EV-CONTRACT-2026-4038
PHO-001913,PHO-001360,EDGE-0014257,EV-CONTRACT-2026-8679
PHO-003249,PHO-001653,EDGE-0014258,EV-CONTRACT-2026-4173
PHO-000984,PHO-001458,EDGE-0014259,EV-CONTRACT-2026-3971
PHO-004287,PHO-002521,EDGE-0014260,EV-CONTRACT-2026-4528
PHO-003018,PHO-003220,EDGE-0014261,EV-CONTRACT-2026-7239
PHO-000274,PHO-003497,EDGE-0014262,EV-CONTRACT-2026-5535
PHO-002099,PHO-004011,EDGE-0014263,EV-CONTRACT-2026-2067
PHO-001846,PHO-002340,EDGE-0014264,EV-CONTRACT-2026-5834
PHO-002681,PHO-004978,EDGE-0014265,EV-CONTRACT-2026-9750
PHO-004066,PHO-004410,EDGE-0014266,EV-CONTRACT-2026-4351
PHO-003445,PHO-000978,EDGE-0014267,EV-CONTRACT-2026-1830
PHO-004313,PHO-000994,EDGE-0014268,EV-CONTRACT-2026-2081
PHO-001572,PHO-003901,EDGE-0014269,EV-CONTRACT-2026-1824
PHO-002521,PHO-002761,EDGE-0014270,EV-CONTRACT-2026-9988
PHO-001143,PHO-002936,EDGE-0014271,EV-CONTRACT-2026-3876
PHO-001703,PHO-000987,EDGE-0014272,EV-CONTRACT-2026-7293
PHO-004536,PHO-003621,EDGE-0014273,EV-CONTRACT-2026-2330
PHO-000937,PHO-003652,EDGE-0014274,EV-CONTRACT-2026-3383
PHO-003532,PHO-001790,EDGE-0014275,EV-CONTRACT-2026-6642
PHO-002173,PHO-003761,EDGE-0014276,EV-CONTRACT-2026-6017
PHO-002865,PHO-004118,EDGE-0014277,EV-CONTRACT-2026-5468
PHO-000398,PHO-004564,EDGE-0014278,EV-CONTRACT-2026-8892
PHO-000949,PHO-000595,EDGE-0014279,EV-CONTRACT-2026-4758
PHO-000330,PHO-001958,EDGE-0014280,EV-CONTRACT-2026-7045
PHO-004376,PHO-004930,EDGE-0014281,EV-CONTRACT-2026-5261
PHO-002793,PHO-003543,EDGE-0014282,EV-CONTRACT-2026-4253
PHO-001937,PHO-000570,EDGE-0014283,EV-CONTRACT-2026-3018
PHO-001048,PHO-002389,EDGE-0014284,EV-CONTRACT-2026-6625
PHO-001292,PHO-003775,EDGE-0014285,EV-CONTRACT-2026-7706
PHO-000973,PHO-004725,EDGE-0014286,EV-CONTRACT-2026-3028
PHO-001892,PHO-002936,EDGE-0014287,EV-CONTRACT-2026-2561
PHO-004240,PHO-004593,EDGE-0014288,EV-CONTRACT-2026-2204
PHO-001430,PHO-000024,EDGE-0014289,EV-CONTRACT-2026-9342
PHO-004454,PHO-001250,EDGE-0014290,EV-CONTRACT-2026-6321
PHO-003365,PHO-001700,EDGE-0014291,EV-CONTRACT-2026-4717
PHO-000140,PHO-000925,EDGE-0014292,EV-CONTRACT-2026-8933
PHO-001396,PHO-002105,EDGE-0014293,EV-CONTRACT-2026-7379
PHO-004497,PHO-001854,EDGE-0014294,EV-CONTRACT-2026-1235
PHO-004346,PHO-003850,EDGE-0014295,EV-CONTRACT-2026-4437
PHO-002438,PHO-000084,EDGE-0014296,EV-CONTRACT-2026-3214
PHO-004045,PHO-003687,EDGE-0014297,EV-CONTRACT-2026-5782
PHO-004797,PHO-002058,EDGE-0014298,EV-CONTRACT-2026-2145
PHO-000892,PHO-001780,EDGE-0014299,EV-CONTRACT-2026-4559
PHO-004967,PHO-003439,EDGE-0014300,EV-CONTRACT-2026-7056
PHO-001443,PHO-002239,EDGE-0014301,EV-CONTRACT-2026-5475
PHO-000833,PHO-002828,EDGE-0014302,EV-CONTRACT-2026-6745
PHO-002372,PHO-003730,EDGE-0014303,EV-CONTRACT-2026-7214
PHO-001425,PHO-003171,EDGE-0014304,EV-CONTRACT-2026-7567
PHO-002646,PHO-000278,EDGE-0014305,EV-CONTRACT-2026-2405
PHO-001282,PHO-000112,EDGE-0014306,EV-CONTRACT-2026-8230
PHO-001016,PHO-004164,EDGE-0014307,EV-CONTRACT-2026-2372
PHO-003794,PHO-004077,EDGE-0014308,EV-CONTRACT-2026-9862
PHO-001831,PHO-004235,EDGE-0014309,EV-CONTRACT-2026-5574
PHO-000216,PHO-004193,EDGE-0014310,EV-CONTRACT-2026-2905
PHO-001380,PHO-002946,EDGE-0014311,EV-CONTRACT-2026-4895
PHO-000312,PHO-003395,EDGE-0014312,EV-CONTRACT-2026-4623
PHO-004608,PHO-003439,EDGE-0014313,EV-CONTRACT-2026-2040
PHO-002820,PHO-000071,EDGE-0014314,EV-CONTRACT-2026-5376
PHO-002522,PHO-001929,EDGE-0014315,EV-CONTRACT-2026-5523
PHO-002200,PHO-003105,EDGE-0014316,EV-CONTRACT-2026-5727
PHO-000631,PHO-000749,EDGE-0014317,EV-CONTRACT-2026-9332
PHO-000646,PHO-002440,EDGE-0014318,EV-CONTRACT-2026-1438
PHO-003772,PHO-001065,EDGE-0014319,EV-CONTRACT-2026-8361
PHO-004613,PHO-002635,EDGE-0014320,EV-CONTRACT-2026-3433
PHO-004109,PHO-000890,EDGE-0014321,EV-CONTRACT-2026-5582
PHO-003067,PHO-003502,EDGE-0014322,EV-CONTRACT-2026-2319
PHO-002459,PHO-000263,EDGE-0014323,EV-CONTRACT-2026-3501
PHO-000246,PHO-002288,EDGE-0014324,EV-CONTRACT-2026-9153
PHO-003458,PHO-004144,EDGE-0014325,EV-CONTRACT-2026-4818
PHO-002510,PHO-003540,EDGE-0014326,EV-CONTRACT-2026-3232
PHO-000907,PHO-001394,EDGE-0014327,EV-CONTRACT-2026-3398
PHO-003562,PHO-002312,EDGE-0014328,EV-CONTRACT-2026-3304
PHO-003425,PHO-003550,EDGE-0014329,EV-CONTRACT-2026-9124
PHO-004692,PHO-001137,EDGE-0014330,EV-CONTRACT-2026-3397
PHO-000956,PHO-002193,EDGE-0014331,EV-CONTRACT-2026-1223
PHO-004215,PHO-002776,EDGE-0014332,EV-CONTRACT-2026-2928
PHO-000958,PHO-000240,EDGE-0014333,EV-CONTRACT-2026-8037
PHO-000573,PHO-000147,EDGE-0014334,EV-CONTRACT-2026-3976
PHO-002633,PHO-002169,EDGE-0014335,EV-CONTRACT-2026-3506
PHO-001490,PHO-002500,EDGE-0014336,EV-CONTRACT-2026-6665
PHO-001349,PHO-003820,EDGE-0014337,EV-CONTRACT-2026-4117
PHO-001109,PHO-003084,EDGE-0014338,EV-CONTRACT-2026-6851
PHO-002805,PHO-004317,EDGE-0014339,EV-CONTRACT-2026-7872
PHO-001139,PHO-001013,EDGE-0014340,EV-CONTRACT-2026-4308
PHO-004629,PHO-003632,EDGE-0014341,EV-CONTRACT-2026-9845
PHO-000319,PHO-001284,EDGE-0014342,EV-CONTRACT-2026-9630
PHO-000507,PHO-003943,EDGE-0014343,EV-CONTRACT-2026-6831
PHO-003920,PHO-003216,EDGE-0014344,EV-CONTRACT-2026-3342
PHO-002111,PHO-003360,EDGE-0014345,EV-CONTRACT-2026-1702
PHO-004630,PHO-004120,EDGE-0014346,EV-CONTRACT-2026-5602
PHO-003324,PHO-001910,EDGE-0014347,EV-CONTRACT-2026-5523
PHO-000784,PHO-002365,EDGE-0014348,EV-CONTRACT-2026-4726
PHO-002006,PHO-003379,EDGE-0014349,EV-CONTRACT-2026-2908
PHO-002868,PHO-000676,EDGE-0014350,EV-CONTRACT-2026-7964
PHO-000527,PHO-002712,EDGE-0014351,EV-CONTRACT-2026-9969
PHO-004810,PHO-001514,EDGE-0014352,EV-CONTRACT-2026-4169
PHO-003026,PHO-001463,EDGE-0014353,EV-CONTRACT-2026-7555
PHO-000783,PHO-001534,EDGE-0014354,EV-CONTRACT-2026-7893
PHO-001981,PHO-003150,EDGE-0014355,EV-CONTRACT-2026-5136
PHO-000131,PHO-003307,EDGE-0014356,EV-CONTRACT-2026-9670
PHO-001069,PHO-001128,EDGE-0014357,EV-CONTRACT-2026-5796
PHO-004750,PHO-004092,EDGE-0014358,EV-CONTRACT-2026-4010
PHO-001153,PHO-001538,EDGE-0014359,EV-CONTRACT-2026-9822
PHO-004274,PHO-003929,EDGE-0014360,EV-CONTRACT-2026-5008
PHO-000643,PHO-001206,EDGE-0014361,EV-CONTRACT-2026-1725
PHO-004789,PHO-004815,EDGE-0014362,EV-CONTRACT-2026-5171
PHO-000691,PHO-003345,EDGE-0014363,EV-CONTRACT-2026-1652
PHO-003654,PHO-003190,EDGE-0014364,EV-CONTRACT-2026-7506
PHO-003241,PHO-002568,EDGE-0014365,EV-CONTRACT-2026-9517
PHO-004605,PHO-002956,EDGE-0014366,EV-CONTRACT-2026-5829
PHO-000163,PHO-001457,EDGE-0014367,EV-CONTRACT-2026-1803
PHO-001072,PHO-002868,EDGE-0014368,EV-CONTRACT-2026-7862
PHO-000117,PHO-004410,EDGE-0014369,EV-CONTRACT-2026-2689
PHO-004294,PHO-000410,EDGE-0014370,EV-CONTRACT-2026-1547
PHO-000951,PHO-000904,EDGE-0014371,EV-CONTRACT-2026-2849
PHO-004542,PHO-002431,EDGE-0014372,EV-CONTRACT-2026-8335
PHO-003628,PHO-002089,EDGE-0014373,EV-CONTRACT-2026-2207
PHO-000756,PHO-001191,EDGE-0014374,EV-CONTRACT-2026-2906
PHO-003972,PHO-004354,EDGE-0014375,EV-CONTRACT-2026-7116
PHO-000690,PHO-002765,EDGE-0014376,EV-CONTRACT-2026-8792
PHO-001186,PHO-003195,EDGE-0014377,EV-CONTRACT-2026-9058
PHO-001677,PHO-001069,EDGE-0014378,EV-CONTRACT-2026-3711
PHO-001871,PHO-000605,EDGE-0014379,EV-CONTRACT-2026-7231
PHO-003696,PHO-002300,EDGE-0014380,EV-CONTRACT-2026-6181
PHO-001414,PHO-003055,EDGE-0014381,EV-CONTRACT-2026-4033
PHO-002098,PHO-004739,EDGE-0014382,EV-CONTRACT-2026-5840
PHO-001570,PHO-003105,EDGE-0014383,EV-CONTRACT-2026-4440
PHO-002266,PHO-001139,EDGE-0014384,EV-CONTRACT-2026-1970
PHO-002590,PHO-001873,EDGE-0014385,EV-CONTRACT-2026-9976
PHO-004153,PHO-001420,EDGE-0014386,EV-CONTRACT-2026-7560
PHO-002703,PHO-001424,EDGE-0014387,EV-CONTRACT-2026-6933
PHO-004708,PHO-000087,EDGE-0014388,EV-CONTRACT-2026-3714
PHO-004700,PHO-003828,EDGE-0014389,EV-CONTRACT-2026-6989
PHO-000310,PHO-000169,EDGE-0014390,EV-CONTRACT-2026-2538
PHO-003412,PHO-003596,EDGE-0014391,EV-CONTRACT-2026-5626
PHO-002353,PHO-001238,EDGE-0014392,EV-CONTRACT-2026-7065
PHO-001210,PHO-002543,EDGE-0014393,EV-CONTRACT-2026-4025
PHO-003640,PHO-000452,EDGE-0014394,EV-CONTRACT-2026-6286
PHO-001965,PHO-002381,EDGE-0014395,EV-CONTRACT-2026-5379
PHO-001658,PHO-004198,EDGE-0014396,EV-CONTRACT-2026-7886
PHO-003385,PHO-002343,EDGE-0014397,EV-CONTRACT-2026-9119
PHO-001479,PHO-004116,EDGE-0014398,EV-CONTRACT-2026-8656
PHO-002020,PHO-002228,EDGE-0014399,EV-CONTRACT-2026-7528
PHO-002977,PHO-004269,EDGE-0014400,EV-CONTRACT-2026-6086
PHO-000456,PHO-001598,EDGE-0014401,EV-CONTRACT-2026-2068
PHO-001789,PHO-004177,EDGE-0014402,EV-CONTRACT-2026-9703
PHO-004397,PHO-002942,EDGE-0014403,EV-CONTRACT-2026-6307
PHO-002425,PHO-002207,EDGE-0014404,EV-CONTRACT-2026-1050
PHO-001140,PHO-002742,EDGE-0014405,EV-CONTRACT-2026-3306
PHO-000104,PHO-004319,EDGE-0014406,EV-CONTRACT-2026-4689
PHO-002172,PHO-004930,EDGE-0014407,EV-CONTRACT-2026-3949
PHO-002726,PHO-000668,EDGE-0014408,EV-CONTRACT-2026-5098
PHO-002709,PHO-004653,EDGE-0014409,EV-CONTRACT-2026-5990
PHO-001372,PHO-000068,EDGE-0014410,EV-CONTRACT-2026-4354
PHO-004472,PHO-002237,EDGE-0014411,EV-CONTRACT-2026-3319
PHO-003236,PHO-002977,EDGE-0014412,EV-CONTRACT-2026-2696
PHO-004880,PHO-004820,EDGE-0014413,EV-CONTRACT-2026-6829
PHO-003583,PHO-002410,EDGE-0014414,EV-CONTRACT-2026-7863
PHO-003380,PHO-000154,EDGE-0014415,EV-CONTRACT-2026-5741
PHO-003394,PHO-001133,EDGE-0014416,EV-CONTRACT-2026-1644
PHO-001287,PHO-003110,EDGE-0014417,EV-CONTRACT-2026-8614
PHO-004737,PHO-004550,EDGE-0014418,EV-CONTRACT-2026-1120
PHO-001245,PHO-001513,EDGE-0014419,EV-CONTRACT-2026-2891
PHO-001476,PHO-000352,EDGE-0014420,EV-CONTRACT-2026-9064
PHO-002710,PHO-002242,EDGE-0014421,EV-CONTRACT-2026-5085
PHO-004857,PHO-000638,EDGE-0014422,EV-CONTRACT-2026-2088
PHO-002001,PHO-001058,EDGE-0014423,EV-CONTRACT-2026-1665
PHO-002290,PHO-003131,EDGE-0014424,EV-CONTRACT-2026-1698
PHO-001543,PHO-002527,EDGE-0014425,EV-CONTRACT-2026-6841
PHO-004497,PHO-003655,EDGE-0014426,EV-CONTRACT-2026-1934
PHO-001183,PHO-004040,EDGE-0014427,EV-CONTRACT-2026-7009
PHO-003229,PHO-003303,EDGE-0014428,EV-CONTRACT-2026-1499
PHO-003149,PHO-001522,EDGE-0014429,EV-CONTRACT-2026-7478
PHO-002816,PHO-003644,EDGE-0014430,EV-CONTRACT-2026-4748
PHO-002877,PHO-002103,EDGE-0014431,EV-CONTRACT-2026-2005
PHO-001773,PHO-003671,EDGE-0014432,EV-CONTRACT-2026-8825
PHO-002854,PHO-001152,EDGE-0014433,EV-CONTRACT-2026-6441
PHO-003214,PHO-001817,EDGE-0014434,EV-CONTRACT-2026-8195
PHO-004565,PHO-000871,EDGE-0014435,EV-CONTRACT-2026-7088
PHO-002167,PHO-000724,EDGE-0014436,EV-CONTRACT-2026-2151
PHO-000897,PHO-002674,EDGE-0014437,EV-CONTRACT-2026-9433
PHO-004603,PHO-003384,EDGE-0014438,EV-CONTRACT-2026-8448
PHO-002121,PHO-001538,EDGE-0014439,EV-CONTRACT-2026-8367
PHO-002576,PHO-003668,EDGE-0014440,EV-CONTRACT-2026-2586
PHO-003550,PHO-004720,EDGE-0014441,EV-CONTRACT-2026-9539
PHO-001250,PHO-003747,EDGE-0014442,EV-CONTRACT-2026-8407
PHO-004255,PHO-002620,EDGE-0014443,EV-CONTRACT-2026-3548
PHO-000538,PHO-003394,EDGE-0014444,EV-CONTRACT-2026-9681
PHO-001529,PHO-004185,EDGE-0014445,EV-CONTRACT-2026-6779
PHO-000750,PHO-001395,EDGE-0014446,EV-CONTRACT-2026-4316
PHO-004551,PHO-003031,EDGE-0014447,EV-CONTRACT-2026-3715
PHO-000409,PHO-004003,EDGE-0014448,EV-CONTRACT-2026-3593
PHO-001045,PHO-004666,EDGE-0014449,EV-CONTRACT-2026-8880
PHO-000225,PHO-002598,EDGE-0014450,EV-CONTRACT-2026-6788
PHO-003267,PHO-000544,EDGE-0014451,EV-CONTRACT-2026-5823
PHO-001983,PHO-002759,EDGE-0014452,EV-CONTRACT-2026-5851
PHO-003030,PHO-000247,EDGE-0014453,EV-CONTRACT-2026-5285
PHO-003651,PHO-003872,EDGE-0014454,EV-CONTRACT-2026-3438
PHO-004927,PHO-002367,EDGE-0014455,EV-CONTRACT-2026-8077
PHO-001857,PHO-000391,EDGE-0014456,EV-CONTRACT-2026-6295
PHO-000747,PHO-002340,EDGE-0014457,EV-CONTRACT-2026-3487
PHO-001940,PHO-003823,EDGE-0014458,EV-CONTRACT-2026-3543
PHO-002900,PHO-003302,EDGE-0014459,EV-CONTRACT-2026-7479
PHO-001228,PHO-003291,EDGE-0014460,EV-CONTRACT-2026-3289
PHO-003944,PHO-003070,EDGE-0014461,EV-CONTRACT-2026-8334
PHO-002293,PHO-003940,EDGE-0014462,EV-CONTRACT-2026-2189
PHO-000320,PHO-000383,EDGE-0014463,EV-CONTRACT-2026-5201
PHO-004994,PHO-000180,EDGE-0014464,EV-CONTRACT-2026-5865
PHO-000455,PHO-001579,EDGE-0014465,EV-CONTRACT-2026-9584
PHO-002098,PHO-000218,EDGE-0014466,EV-CONTRACT-2026-4685
PHO-004896,PHO-003312,EDGE-0014467,EV-CONTRACT-2026-5781
PHO-002110,PHO-000020,EDGE-0014468,EV-CONTRACT-2026-5731
PHO-004053,PHO-000889,EDGE-0014469,EV-CONTRACT-2026-6678
PHO-004647,PHO-003099,EDGE-0014470,EV-CONTRACT-2026-9585
PHO-004343,PHO-000285,EDGE-0014471,EV-CONTRACT-2026-8058
PHO-000405,PHO-000220,EDGE-0014472,EV-CONTRACT-2026-7969
PHO-000511,PHO-004707,EDGE-0014473,EV-CONTRACT-2026-3779
PHO-002251,PHO-003685,EDGE-0014474,EV-CONTRACT-2026-5928
PHO-004654,PHO-002014,EDGE-0014475,EV-CONTRACT-2026-7847
PHO-002152,PHO-001909,EDGE-0014476,EV-CONTRACT-2026-2682
PHO-003704,PHO-004739,EDGE-0014477,EV-CONTRACT-2026-1271
PHO-000076,PHO-000216,EDGE-0014478,EV-CONTRACT-2026-3963
PHO-001805,PHO-001734,EDGE-0014479,EV-CONTRACT-2026-3274
PHO-004790,PHO-002519,EDGE-0014480,EV-CONTRACT-2026-1809
PHO-000222,PHO-001977,EDGE-0014481,EV-CONTRACT-2026-7984
PHO-001643,PHO-001952,EDGE-0014482,EV-CONTRACT-2026-6265
PHO-003398,PHO-004447,EDGE-0014483,EV-CONTRACT-2026-9774
PHO-002912,PHO-000907,EDGE-0014484,EV-CONTRACT-2026-7705
PHO-002941,PHO-001711,EDGE-0014485,EV-CONTRACT-2026-3898
PHO-003206,PHO-003669,EDGE-0014486,EV-CONTRACT-2026-9787
PHO-003470,PHO-000164,EDGE-0014487,EV-CONTRACT-2026-5071
PHO-001360,PHO-002622,EDGE-0014488,EV-CONTRACT-2026-6391
PHO-004027,PHO-000574,EDGE-0014489,EV-CONTRACT-2026-1729
PHO-000109,PHO-004903,EDGE-0014490,EV-CONTRACT-2026-3771
PHO-004294,PHO-001897,EDGE-0014491,EV-CONTRACT-2026-6354
PHO-003665,PHO-000072,EDGE-0014492,EV-CONTRACT-2026-1216
PHO-001022,PHO-003501,EDGE-0014493,EV-CONTRACT-2026-3845
PHO-001166,PHO-002330,EDGE-0014494,EV-CONTRACT-2026-5551
PHO-000430,PHO-004549,EDGE-0014495,EV-CONTRACT-2026-8322
PHO-003973,PHO-004888,EDGE-0014496,EV-CONTRACT-2026-8561
PHO-002793,PHO-000286,EDGE-0014497,EV-CONTRACT-2026-6759
PHO-004501,PHO-000255,EDGE-0014498,EV-CONTRACT-2026-5311
PHO-003750,PHO-000315,EDGE-0014499,EV-CONTRACT-2026-3622
PHO-004372,PHO-003596,EDGE-0014500,EV-CONTRACT-2026-2431
PHO-004756,PHO-002188,EDGE-0014501,EV-CONTRACT-2026-7250
PHO-000272,PHO-001066,EDGE-0014502,EV-CONTRACT-2026-8116
PHO-004967,PHO-000827,EDGE-0014503,EV-CONTRACT-2026-7702
PHO-001475,PHO-002090,EDGE-0014504,EV-CONTRACT-2026-9710
PHO-003134,PHO-001447,EDGE-0014505,EV-CONTRACT-2026-5354
PHO-000820,PHO-001175,EDGE-0014506,EV-CONTRACT-2026-3886
PHO-000886,PHO-004583,EDGE-0014507,EV-CONTRACT-2026-1033
PHO-004383,PHO-003096,EDGE-0014508,EV-CONTRACT-2026-3061
PHO-000156,PHO-002302,EDGE-0014509,EV-CONTRACT-2026-5251
PHO-002194,PHO-004088,EDGE-0014510,EV-CONTRACT-2026-2892
PHO-003541,PHO-002648,EDGE-0014511,EV-CONTRACT-2026-9142
PHO-003220,PHO-000563,EDGE-0014512,EV-CONTRACT-2026-1704
PHO-002879,PHO-004789,EDGE-0014513,EV-CONTRACT-2026-4584
PHO-001911,PHO-001645,EDGE-0014514,EV-CONTRACT-2026-2043
PHO-002877,PHO-002944,EDGE-0014515,EV-CONTRACT-2026-5106
PHO-002174,PHO-003137,EDGE-0014516,EV-CONTRACT-2026-7089
PHO-002605,PHO-004556,EDGE-0014517,EV-CONTRACT-2026-3218
PHO-004343,PHO-003420,EDGE-0014518,EV-CONTRACT-2026-4480
PHO-002351,PHO-001340,EDGE-0014519,EV-CONTRACT-2026-8323
PHO-000028,PHO-000533,EDGE-0014520,EV-CONTRACT-2026-4885
PHO-001054,PHO-002858,EDGE-0014521,EV-CONTRACT-2026-8522
PHO-001200,PHO-001460,EDGE-0014522,EV-CONTRACT-2026-9675
PHO-003297,PHO-003884,EDGE-0014523,EV-CONTRACT-2026-2062
PHO-003494,PHO-002193,EDGE-0014524,EV-CONTRACT-2026-1023
PHO-004396,PHO-001200,EDGE-0014525,EV-CONTRACT-2026-9342
PHO-000579,PHO-003293,EDGE-0014526,EV-CONTRACT-2026-1982
PHO-003605,PHO-000946,EDGE-0014527,EV-CONTRACT-2026-6438
PHO-003974,PHO-002385,EDGE-0014528,EV-CONTRACT-2026-5602
PHO-000402,PHO-000175,EDGE-0014529,EV-CONTRACT-2026-5660
PHO-000400,PHO-001772,EDGE-0014530,EV-CONTRACT-2026-9927
PHO-003108,PHO-001095,EDGE-0014531,EV-CONTRACT-2026-2013
PHO-000700,PHO-003849,EDGE-0014532,EV-CONTRACT-2026-5738
PHO-000191,PHO-003434,EDGE-0014533,EV-CONTRACT-2026-9338
PHO-004191,PHO-000968,EDGE-0014534,EV-CONTRACT-2026-1266
PHO-003009,PHO-003651,EDGE-0014535,EV-CONTRACT-2026-8660
PHO-000255,PHO-004604,EDGE-0014536,EV-CONTRACT-2026-7907
PHO-001802,PHO-003063,EDGE-0014537,EV-CONTRACT-2026-8525
PHO-002080,PHO-004068,EDGE-0014538,EV-CONTRACT-2026-9244
PHO-002983,PHO-002314,EDGE-0014539,EV-CONTRACT-2026-4553
PHO-002503,PHO-004008,EDGE-0014540,EV-CONTRACT-2026-9320
PHO-001469,PHO-000769,EDGE-0014541,EV-CONTRACT-2026-6223
PHO-000383,PHO-003899,EDGE-0014542,EV-CONTRACT-2026-1644
PHO-000111,PHO-003101,EDGE-0014543,EV-CONTRACT-2026-1185
PHO-004062,PHO-000490,EDGE-0014544,EV-CONTRACT-2026-8090
PHO-000209,PHO-000803,EDGE-0014545,EV-CONTRACT-2026-4832
PHO-001681,PHO-002423,EDGE-0014546,EV-CONTRACT-2026-7246
PHO-003455,PHO-002222,EDGE-0014547,EV-CONTRACT-2026-9734
PHO-000859,PHO-001797,EDGE-0014548,EV-CONTRACT-2026-4297
PHO-002017,PHO-001975,EDGE-0014549,EV-CONTRACT-2026-4031
PHO-003638,PHO-001094,EDGE-0014550,EV-CONTRACT-2026-7018
PHO-002639,PHO-002484,EDGE-0014551,EV-CONTRACT-2026-3395
PHO-004977,PHO-001510,EDGE-0014552,EV-CONTRACT-2026-8305
PHO-004416,PHO-000002,EDGE-0014553,EV-CONTRACT-2026-1548
PHO-001693,PHO-001079,EDGE-0014554,EV-CONTRACT-2026-9090
PHO-002063,PHO-003756,EDGE-0014555,EV-CONTRACT-2026-8754
PHO-000941,PHO-002219,EDGE-0014556,EV-CONTRACT-2026-8301
PHO-000680,PHO-001375,EDGE-0014557,EV-CONTRACT-2026-6107
PHO-001614,PHO-003913,EDGE-0014558,EV-CONTRACT-2026-7830
PHO-004045,PHO-003248,EDGE-0014559,EV-CONTRACT-2026-7242
PHO-004039,PHO-004745,EDGE-0014560,EV-CONTRACT-2026-8094
PHO-003500,PHO-001795,EDGE-0014561,EV-CONTRACT-2026-2692
PHO-000543,PHO-001290,EDGE-0014562,EV-CONTRACT-2026-4099
PHO-002627,PHO-002808,EDGE-0014563,EV-CONTRACT-2026-7454
PHO-001952,PHO-003870,EDGE-0014564,EV-CONTRACT-2026-9837
PHO-000211,PHO-000845,EDGE-0014565,EV-CONTRACT-2026-7363
PHO-003004,PHO-000189,EDGE-0014566,EV-CONTRACT-2026-7322
PHO-001908,PHO-003275,EDGE-0014567,EV-CONTRACT-2026-7906
PHO-001000,PHO-001477,EDGE-0014568,EV-CONTRACT-2026-5185
PHO-003322,PHO-002758,EDGE-0014569,EV-CONTRACT-2026-3311
PHO-002156,PHO-001121,EDGE-0014570,EV-CONTRACT-2026-1741
PHO-000420,PHO-002770,EDGE-0014571,EV-CONTRACT-2026-2502
PHO-000806,PHO-003928,EDGE-0014572,EV-CONTRACT-2026-7551
PHO-002166,PHO-003367,EDGE-0014573,EV-CONTRACT-2026-3478
PHO-004415,PHO-001904,EDGE-0014574,EV-CONTRACT-2026-7226
PHO-000607,PHO-001023,EDGE-0014575,EV-CONTRACT-2026-3151
PHO-001790,PHO-000133,EDGE-0014576,EV-CONTRACT-2026-9364
PHO-000542,PHO-004416,EDGE-0014577,EV-CONTRACT-2026-5640
PHO-001818,PHO-004484,EDGE-0014578,EV-CONTRACT-2026-9625
PHO-002529,PHO-001193,EDGE-0014579,EV-CONTRACT-2026-6134
PHO-003086,PHO-000383,EDGE-0014580,EV-CONTRACT-2026-3371
PHO-001638,PHO-002039,EDGE-0014581,EV-CONTRACT-2026-9928
PHO-004341,PHO-001010,EDGE-0014582,EV-CONTRACT-2026-7360
PHO-004583,PHO-001923,EDGE-0014583,EV-CONTRACT-2026-4479
PHO-002844,PHO-002146,EDGE-0014584,EV-CONTRACT-2026-1265
PHO-000543,PHO-004170,EDGE-0014585,EV-CONTRACT-2026-1422
PHO-002268,PHO-004473,EDGE-0014586,EV-CONTRACT-2026-6972
PHO-002900,PHO-004555,EDGE-0014587,EV-CONTRACT-2026-2936
PHO-002012,PHO-000390,EDGE-0014588,EV-CONTRACT-2026-9430
PHO-003597,PHO-000934,EDGE-0014589,EV-CONTRACT-2026-9153
PHO-003324,PHO-003052,EDGE-0014590,EV-CONTRACT-2026-2241
PHO-000874,PHO-003906,EDGE-0014591,EV-CONTRACT-2026-1553
PHO-003382,PHO-000510,EDGE-0014592,EV-CONTRACT-2026-8756
PHO-002476,PHO-004910,EDGE-0014593,EV-CONTRACT-2026-8444
PHO-002222,PHO-004752,EDGE-0014594,EV-CONTRACT-2026-6582
PHO-004304,PHO-002836,EDGE-0014595,EV-CONTRACT-2026-8016
PHO-003274,PHO-000593,EDGE-0014596,EV-CONTRACT-2026-4784
PHO-003778,PHO-003838,EDGE-0014597,EV-CONTRACT-2026-7272
PHO-001650,PHO-000253,EDGE-0014598,EV-CONTRACT-2026-1572
PHO-001572,PHO-004026,EDGE-0014599,EV-CONTRACT-2026-6378
PHO-004150,PHO-001548,EDGE-0014600,EV-CONTRACT-2026-4453
PHO-003313,PHO-004037,EDGE-0014601,EV-CONTRACT-2026-4718
PHO-004538,PHO-000871,EDGE-0014602,EV-CONTRACT-2026-4408
PHO-000624,PHO-002310,EDGE-0014603,EV-CONTRACT-2026-7067
PHO-000310,PHO-002337,EDGE-0014604,EV-CONTRACT-2026-8922
PHO-003651,PHO-003375,EDGE-0014605,EV-CONTRACT-2026-4886
PHO-001276,PHO-004784,EDGE-0014606,EV-CONTRACT-2026-9349
PHO-002238,PHO-004880,EDGE-0014607,EV-CONTRACT-2026-4348
PHO-002112,PHO-000212,EDGE-0014608,EV-CONTRACT-2026-4019
PHO-004395,PHO-002017,EDGE-0014609,EV-CONTRACT-2026-5086
PHO-001253,PHO-000436,EDGE-0014610,EV-CONTRACT-2026-2090
PHO-002523,PHO-000628,EDGE-0014611,EV-CONTRACT-2026-1918
PHO-003348,PHO-004436,EDGE-0014612,EV-CONTRACT-2026-3454
PHO-001285,PHO-002345,EDGE-0014613,EV-CONTRACT-2026-5049
PHO-001907,PHO-004120,EDGE-0014614,EV-CONTRACT-2026-7074
PHO-002635,PHO-000372,EDGE-0014615,EV-CONTRACT-2026-1440
PHO-001949,PHO-001235,EDGE-0014616,EV-CONTRACT-2026-2020
PHO-003916,PHO-001483,EDGE-0014617,EV-CONTRACT-2026-9483
PHO-001412,PHO-002225,EDGE-0014618,EV-CONTRACT-2026-3768
PHO-004705,PHO-004376,EDGE-0014619,EV-CONTRACT-2026-7965
PHO-004542,PHO-003390,EDGE-0014620,EV-CONTRACT-2026-5820
PHO-004876,PHO-003222,EDGE-0014621,EV-CONTRACT-2026-9718
PHO-003977,PHO-000563,EDGE-0014622,EV-CONTRACT-2026-6168
PHO-003736,PHO-000400,EDGE-0014623,EV-CONTRACT-2026-8596
PHO-001232,PHO-000918,EDGE-0014624,EV-CONTRACT-2026-9663
PHO-003413,PHO-002442,EDGE-0014625,EV-CONTRACT-2026-2792
PHO-002063,PHO-004036,EDGE-0014626,EV-CONTRACT-2026-6242
PHO-002106,PHO-001416,EDGE-0014627,EV-CONTRACT-2026-2729
PHO-004623,PHO-000263,EDGE-0014628,EV-CONTRACT-2026-6372
PHO-004292,PHO-000275,EDGE-0014629,EV-CONTRACT-2026-1849
PHO-002364,PHO-000508,EDGE-0014630,EV-CONTRACT-2026-5662
PHO-001155,PHO-004734,EDGE-0014631,EV-CONTRACT-2026-7023
PHO-004662,PHO-004350,EDGE-0014632,EV-CONTRACT-2026-4274
PHO-003860,PHO-002736,EDGE-0014633,EV-CONTRACT-2026-9356
PHO-003590,PHO-004156,EDGE-0014634,EV-CONTRACT-2026-4202
PHO-002970,PHO-002873,EDGE-0014635,EV-CONTRACT-2026-3898
PHO-003290,PHO-001582,EDGE-0014636,EV-CONTRACT-2026-9276
PHO-000880,PHO-000052,EDGE-0014637,EV-CONTRACT-2026-8050
PHO-004205,PHO-002185,EDGE-0014638,EV-CONTRACT-2026-2061
PHO-002628,PHO-002560,EDGE-0014639,EV-CONTRACT-2026-8692
PHO-001530,PHO-004938,EDGE-0014640,EV-CONTRACT-2026-6679
PHO-003090,PHO-000832,EDGE-0014641,EV-CONTRACT-2026-1045
PHO-002971,PHO-003497,EDGE-0014642,EV-CONTRACT-2026-3491
PHO-002377,PHO-004662,EDGE-0014643,EV-CONTRACT-2026-4737
PHO-000231,PHO-002811,EDGE-0014644,EV-CONTRACT-2026-2169
PHO-000875,PHO-001425,EDGE-0014645,EV-CONTRACT-2026-7851
PHO-004793,PHO-000712,EDGE-0014646,EV-CONTRACT-2026-4660
PHO-000543,PHO-000987,EDGE-0014647,EV-CONTRACT-2026-7189
PHO-000063,PHO-000878,EDGE-0014648,EV-CONTRACT-2026-2775
PHO-003488,PHO-004193,EDGE-0014649,EV-CONTRACT-2026-6648
PHO-000737,PHO-001391,EDGE-0014650,EV-CONTRACT-2026-4528
PHO-001175,PHO-003167,EDGE-0014651,EV-CONTRACT-2026-3064
PHO-001035,PHO-004900,EDGE-0014652,EV-CONTRACT-2026-3159
PHO-000916,PHO-004532,EDGE-0014653,EV-CONTRACT-2026-7305
PHO-004997,PHO-003604,EDGE-0014654,EV-CONTRACT-2026-8697
PHO-003762,PHO-004456,EDGE-0014655,EV-CONTRACT-2026-6363
PHO-000036,PHO-003425,EDGE-0014656,EV-CONTRACT-2026-3368
PHO-002309,PHO-003125,EDGE-0014657,EV-CONTRACT-2026-6927
PHO-001159,PHO-004750,EDGE-0014658,EV-CONTRACT-2026-4191
PHO-003793,PHO-000565,EDGE-0014659,EV-CONTRACT-2026-8214
PHO-000535,PHO-002671,EDGE-0014660,EV-CONTRACT-2026-8714
PHO-002096,PHO-001322,EDGE-0014661,EV-CONTRACT-2026-9689
PHO-001542,PHO-004003,EDGE-0014662,EV-CONTRACT-2026-8333
PHO-002743,PHO-003377,EDGE-0014663,EV-CONTRACT-2026-1554
PHO-000625,PHO-002427,EDGE-0014664,EV-CONTRACT-2026-4244
PHO-000187,PHO-000335,EDGE-0014665,EV-CONTRACT-2026-7706
PHO-003891,PHO-002809,EDGE-0014666,EV-CONTRACT-2026-7537
PHO-001874,PHO-001873,EDGE-0014667,EV-CONTRACT-2026-1777
PHO-001420,PHO-002515,EDGE-0014668,EV-CONTRACT-2026-5373
PHO-001921,PHO-001414,EDGE-0014669,EV-CONTRACT-2026-5962
PHO-000373,PHO-004223,EDGE-0014670,EV-CONTRACT-2026-8061
PHO-003712,PHO-003689,EDGE-0014671,EV-CONTRACT-2026-9729
PHO-000806,PHO-003571,EDGE-0014672,EV-CONTRACT-2026-5182
PHO-003052,PHO-004360,EDGE-0014673,EV-CONTRACT-2026-9055
PHO-000970,PHO-003858,EDGE-0014674,EV-CONTRACT-2026-1018
PHO-004106,PHO-000828,EDGE-0014675,EV-CONTRACT-2026-9599
PHO-004533,PHO-000601,EDGE-0014676,EV-CONTRACT-2026-3141
PHO-000944,PHO-002859,EDGE-0014677,EV-CONTRACT-2026-1863
PHO-000672,PHO-000129,EDGE-0014678,EV-CONTRACT-2026-7913
PHO-001342,PHO-004296,EDGE-0014679,EV-CONTRACT-2026-4620
PHO-004002,PHO-000509,EDGE-0014680,EV-CONTRACT-2026-3030
PHO-004736,PHO-002007,EDGE-0014681,EV-CONTRACT-2026-6374
PHO-004944,PHO-000265,EDGE-0014682,EV-CONTRACT-2026-7081
PHO-002049,PHO-003453,EDGE-0014683,EV-CONTRACT-2026-2769
PHO-001086,PHO-004571,EDGE-0014684,EV-CONTRACT-2026-3898
PHO-003831,PHO-002272,EDGE-0014685,EV-CONTRACT-2026-5409
PHO-001064,PHO-002808,EDGE-0014686,EV-CONTRACT-2026-5157
PHO-002684,PHO-002158,EDGE-0014687,EV-CONTRACT-2026-8761
PHO-004484,PHO-001761,EDGE-0014688,EV-CONTRACT-2026-6806
PHO-003960,PHO-001670,EDGE-0014689,EV-CONTRACT-2026-8495
PHO-003729,PHO-004099,EDGE-0014690,EV-CONTRACT-2026-2761
PHO-002754,PHO-000660,EDGE-0014691,EV-CONTRACT-2026-4740
PHO-003397,PHO-001886,EDGE-0014692,EV-CONTRACT-2026-9778
PHO-000990,PHO-002008,EDGE-0014693,EV-CONTRACT-2026-4409
PHO-002111,PHO-004895,EDGE-0014694,EV-CONTRACT-2026-3431
PHO-002017,PHO-004378,EDGE-0014695,EV-CONTRACT-2026-7615
PHO-000454,PHO-004947,EDGE-0014696,EV-CONTRACT-2026-2928
PHO-002249,PHO-004104,EDGE-0014697,EV-CONTRACT-2026-8603
PHO-004202,PHO-001038,EDGE-0014698,EV-CONTRACT-2026-7529
PHO-000642,PHO-004121,EDGE-0014699,EV-CONTRACT-2026-6389
PHO-003865,PHO-000663,EDGE-0014700,EV-CONTRACT-2026-7278
PHO-002773,PHO-000239,EDGE-0014701,EV-CONTRACT-2026-4200
PHO-003469,PHO-001721,EDGE-0014702,EV-CONTRACT-2026-9380
PHO-004895,PHO-004322,EDGE-0014703,EV-CONTRACT-2026-1766
PHO-002638,PHO-004213,EDGE-0014704,EV-CONTRACT-2026-9308
PHO-003635,PHO-001712,EDGE-0014705,EV-CONTRACT-2026-5569
PHO-000787,PHO-004918,EDGE-0014706,EV-CONTRACT-2026-8752
PHO-003921,PHO-004361,EDGE-0014707,EV-CONTRACT-2026-2126
PHO-004507,PHO-000474,EDGE-0014708,EV-CONTRACT-2026-6728
PHO-000984,PHO-002880,EDGE-0014709,EV-CONTRACT-2026-5469
PHO-002676,PHO-003599,EDGE-0014710,EV-CONTRACT-2026-8681
PHO-001335,PHO-000292,EDGE-0014711,EV-CONTRACT-2026-3954
PHO-000525,PHO-001716,EDGE-0014712,EV-CONTRACT-2026-6796
PHO-001400,PHO-003905,EDGE-0014713,EV-CONTRACT-2026-2704
PHO-003387,PHO-002586,EDGE-0014714,EV-CONTRACT-2026-4859
PHO-002266,PHO-002873,EDGE-0014715,EV-CONTRACT-2026-1839
PHO-003849,PHO-000047,EDGE-0014716,EV-CONTRACT-2026-7794
PHO-000583,PHO-001804,EDGE-0014717,EV-CONTRACT-2026-2694
PHO-002332,PHO-004522,EDGE-0014718,EV-CONTRACT-2026-1204
PHO-003533,PHO-002603,EDGE-0014719,EV-CONTRACT-2026-7898
PHO-002723,PHO-004811,EDGE-0014720,EV-CONTRACT-2026-6324
PHO-002156,PHO-003134,EDGE-0014721,EV-CONTRACT-2026-8187
PHO-002236,PHO-004098,EDGE-0014722,EV-CONTRACT-2026-5089
PHO-002849,PHO-003938,EDGE-0014723,EV-CONTRACT-2026-7214
PHO-000777,PHO-004046,EDGE-0014724,EV-CONTRACT-2026-1968
PHO-003946,PHO-002129,EDGE-0014725,EV-CONTRACT-2026-2878
PHO-002853,PHO-000632,EDGE-0014726,EV-CONTRACT-2026-6677
PHO-000216,PHO-000889,EDGE-0014727,EV-CONTRACT-2026-7326
PHO-004347,PHO-001769,EDGE-0014728,EV-CONTRACT-2026-9671
PHO-002920,PHO-001278,EDGE-0014729,EV-CONTRACT-2026-6584
PHO-003810,PHO-004647,EDGE-0014730,EV-CONTRACT-2026-5423
PHO-003594,PHO-002162,EDGE-0014731,EV-CONTRACT-2026-6651
PHO-004105,PHO-002613,EDGE-0014732,EV-CONTRACT-2026-9587
PHO-001629,PHO-000208,EDGE-0014733,EV-CONTRACT-2026-7996
PHO-003329,PHO-001460,EDGE-0014734,EV-CONTRACT-2026-2946
PHO-002830,PHO-000885,EDGE-0014735,EV-CONTRACT-2026-8243
PHO-001319,PHO-000329,EDGE-0014736,EV-CONTRACT-2026-6687
PHO-002232,PHO-004304,EDGE-0014737,EV-CONTRACT-2026-5269
PHO-003376,PHO-003265,EDGE-0014738,EV-CONTRACT-2026-5348
PHO-001927,PHO-004208,EDGE-0014739,EV-CONTRACT-2026-5551
PHO-003979,PHO-002082,EDGE-0014740,EV-CONTRACT-2026-9994
PHO-003278,PHO-000003,EDGE-0014741,EV-CONTRACT-2026-7955
PHO-001004,PHO-001632,EDGE-0014742,EV-CONTRACT-2026-8987
PHO-001570,PHO-003917,EDGE-0014743,EV-CONTRACT-2026-6533
PHO-002223,PHO-002889,EDGE-0014744,EV-CONTRACT-2026-9267
PHO-001132,PHO-003618,EDGE-0014745,EV-CONTRACT-2026-2517
PHO-002769,PHO-001559,EDGE-0014746,EV-CONTRACT-2026-7175
PHO-000567,PHO-000500,EDGE-0014747,EV-CONTRACT-2026-2270
PHO-000360,PHO-004867,EDGE-0014748,EV-CONTRACT-2026-5099
PHO-001566,PHO-000538,EDGE-0014749,EV-CONTRACT-2026-7908
PHO-002771,PHO-003529,EDGE-0014750,EV-CONTRACT-2026-3575
PHO-000033,PHO-003074,EDGE-0014751,EV-CONTRACT-2026-1931
PHO-003155,PHO-003161,EDGE-0014752,EV-CONTRACT-2026-6783
PHO-004597,PHO-002682,EDGE-0014753,EV-CONTRACT-2026-3594
PHO-000842,PHO-003167,EDGE-0014754,EV-CONTRACT-2026-8354
PHO-004673,PHO-002493,EDGE-0014755,EV-CONTRACT-2026-8429
PHO-003209,PHO-004783,EDGE-0014756,EV-CONTRACT-2026-6135
PHO-000810,PHO-004963,EDGE-0014757,EV-CONTRACT-2026-5323
PHO-002017,PHO-001339,EDGE-0014758,EV-CONTRACT-2026-8554
PHO-001744,PHO-004878,EDGE-0014759,EV-CONTRACT-2026-4871
PHO-002295,PHO-001057,EDGE-0014760,EV-CONTRACT-2026-5610
PHO-003077,PHO-004579,EDGE-0014761,EV-CONTRACT-2026-2502
PHO-001679,PHO-004941,EDGE-0014762,EV-CONTRACT-2026-3724
PHO-000130,PHO-001155,EDGE-0014763,EV-CONTRACT-2026-5893
PHO-003978,PHO-000762,EDGE-0014764,EV-CONTRACT-2026-4664
PHO-003228,PHO-004004,EDGE-0014765,EV-CONTRACT-2026-2529
PHO-004106,PHO-002652,EDGE-0014766,EV-CONTRACT-2026-4506
PHO-002333,PHO-003871,EDGE-0014767,EV-CONTRACT-2026-1534
PHO-004070,PHO-002184,EDGE-0014768,EV-CONTRACT-2026-5294
PHO-004802,PHO-000186,EDGE-0014769,EV-CONTRACT-2026-7674
PHO-001295,PHO-002904,EDGE-0014770,EV-CONTRACT-2026-9297
PHO-004517,PHO-004667,EDGE-0014771,EV-CONTRACT-2026-6369
PHO-001776,PHO-002455,EDGE-0014772,EV-CONTRACT-2026-4408
PHO-003787,PHO-003148,EDGE-0014773,EV-CONTRACT-2026-8928
PHO-001885,PHO-001054,EDGE-0014774,EV-CONTRACT-2026-2974
PHO-002727,PHO-003827,EDGE-0014775,EV-CONTRACT-2026-8582
PHO-000185,PHO-001920,EDGE-0014776,EV-CONTRACT-2026-3201
PHO-002293,PHO-001531,EDGE-0014777,EV-CONTRACT-2026-3220
PHO-001139,PHO-003375,EDGE-0014778,EV-CONTRACT-2026-3288
PHO-001312,PHO-002104,EDGE-0014779,EV-CONTRACT-2026-5699
PHO-001478,PHO-003652,EDGE-0014780,EV-CONTRACT-2026-8100
PHO-004147,PHO-000369,EDGE-0014781,EV-CONTRACT-2026-9388
PHO-004263,PHO-004377,EDGE-0014782,EV-CONTRACT-2026-2976
PHO-004942,PHO-003908,EDGE-0014783,EV-CONTRACT-2026-6011
PHO-000323,PHO-003228,EDGE-0014784,EV-CONTRACT-2026-2876
PHO-004234,PHO-001272,EDGE-0014785,EV-CONTRACT-2026-7361
PHO-003625,PHO-004033,EDGE-0014786,EV-CONTRACT-2026-7243
PHO-000686,PHO-004360,EDGE-0014787,EV-CONTRACT-2026-6269
PHO-004286,PHO-004365,EDGE-0014788,EV-CONTRACT-2026-8347
PHO-003270,PHO-000184,EDGE-0014789,EV-CONTRACT-2026-3234
PHO-003605,PHO-003653,EDGE-0014790,EV-CONTRACT-2026-8628
PHO-003383,PHO-002371,EDGE-0014791,EV-CONTRACT-2026-6813
PHO-000943,PHO-001360,EDGE-0014792,EV-CONTRACT-2026-1994
PHO-001290,PHO-000288,EDGE-0014793,EV-CONTRACT-2026-8189
PHO-002211,PHO-004773,EDGE-0014794,EV-CONTRACT-2026-2940
PHO-003302,PHO-002945,EDGE-0014795,EV-CONTRACT-2026-3586
PHO-000057,PHO-003930,EDGE-0014796,EV-CONTRACT-2026-2944
PHO-004153,PHO-001678,EDGE-0014797,EV-CONTRACT-2026-1936
PHO-002983,PHO-003053,EDGE-0014798,EV-CONTRACT-2026-3993
PHO-002911,PHO-001934,EDGE-0014799,EV-CONTRACT-2026-6656
PHO-002363,PHO-001994,EDGE-0014800,EV-CONTRACT-2026-5579
PHO-002700,PHO-004036,EDGE-0014801,EV-CONTRACT-2026-8394
PHO-004769,PHO-004252,EDGE-0014802,EV-CONTRACT-2026-6274
PHO-004258,PHO-004398,EDGE-0014803,EV-CONTRACT-2026-6759
PHO-004836,PHO-002334,EDGE-0014804,EV-CONTRACT-2026-1088
PHO-000150,PHO-000269,EDGE-0014805,EV-CONTRACT-2026-7431
PHO-002739,PHO-002318,EDGE-0014806,EV-CONTRACT-2026-2978
PHO-001870,PHO-001390,EDGE-0014807,EV-CONTRACT-2026-7569
PHO-004572,PHO-003032,EDGE-0014808,EV-CONTRACT-2026-1387
PHO-000105,PHO-003670,EDGE-0014809,EV-CONTRACT-2026-2328
PHO-003879,PHO-002070,EDGE-0014810,EV-CONTRACT-2026-7451
PHO-000729,PHO-002075,EDGE-0014811,EV-CONTRACT-2026-6445
PHO-001136,PHO-002644,EDGE-0014812,EV-CONTRACT-2026-4355
PHO-004868,PHO-003335,EDGE-0014813,EV-CONTRACT-2026-9130
PHO-004044,PHO-003524,EDGE-0014814,EV-CONTRACT-2026-2711
PHO-004401,PHO-004968,EDGE-0014815,EV-CONTRACT-2026-4394
PHO-002087,PHO-003140,EDGE-0014816,EV-CONTRACT-2026-1050
PHO-003220,PHO-002672,EDGE-0014817,EV-CONTRACT-2026-4658
PHO-003766,PHO-000259,EDGE-0014818,EV-CONTRACT-2026-1385
PHO-004259,PHO-004535,EDGE-0014819,EV-CONTRACT-2026-2001
PHO-000251,PHO-000932,EDGE-0014820,EV-CONTRACT-2026-2787
PHO-004409,PHO-002245,EDGE-0014821,EV-CONTRACT-2026-8543
PHO-002992,PHO-001048,EDGE-0014822,EV-CONTRACT-2026-8102
PHO-001414,PHO-004122,EDGE-0014823,EV-CONTRACT-2026-6689
PHO-000538,PHO-000888,EDGE-0014824,EV-CONTRACT-2026-3120
PHO-004774,PHO-002280,EDGE-0014825,EV-CONTRACT-2026-2572
PHO-002561,PHO-003252,EDGE-0014826,EV-CONTRACT-2026-4694
PHO-003014,PHO-003245,EDGE-0014827,EV-CONTRACT-2026-5225
PHO-001037,PHO-004956,EDGE-0014828,EV-CONTRACT-2026-4115
PHO-003262,PHO-001438,EDGE-0014829,EV-CONTRACT-2026-4308
PHO-002790,PHO-002766,EDGE-0014830,EV-CONTRACT-2026-5164
PHO-004315,PHO-001533,EDGE-0014831,EV-CONTRACT-2026-3884
PHO-000948,PHO-003101,EDGE-0014832,EV-CONTRACT-2026-3029
PHO-002350,PHO-001410,EDGE-0014833,EV-CONTRACT-2026-2389
PHO-002537,PHO-000768,EDGE-0014834,EV-CONTRACT-2026-2023
PHO-000447,PHO-001221,EDGE-0014835,EV-CONTRACT-2026-4175
PHO-001506,PHO-003375,EDGE-0014836,EV-CONTRACT-2026-5193
PHO-003928,PHO-001618,EDGE-0014837,EV-CONTRACT-2026-4154
PHO-001360,PHO-002258,EDGE-0014838,EV-CONTRACT-2026-7173
PHO-003433,PHO-003181,EDGE-0014839,EV-CONTRACT-2026-6857
PHO-003666,PHO-001955,EDGE-0014840,EV-CONTRACT-2026-1549
PHO-002585,PHO-002174,EDGE-0014841,EV-CONTRACT-2026-3553
PHO-004062,PHO-004184,EDGE-0014842,EV-CONTRACT-2026-3642
PHO-000772,PHO-003078,EDGE-0014843,EV-CONTRACT-2026-7451
PHO-002667,PHO-001287,EDGE-0014844,EV-CONTRACT-2026-1080
PHO-004567,PHO-004538,EDGE-0014845,EV-CONTRACT-2026-6386
PHO-003120,PHO-004855,EDGE-0014846,EV-CONTRACT-2026-8324
PHO-001299,PHO-004782,EDGE-0014847,EV-CONTRACT-2026-7153
PHO-001604,PHO-003591,EDGE-0014848,EV-CONTRACT-2026-9732
PHO-004486,PHO-001530,EDGE-0014849,EV-CONTRACT-2026-7143
PHO-003628,PHO-003661,EDGE-0014850,EV-CONTRACT-2026-8844
PHO-003709,PHO-003813,EDGE-0014851,EV-CONTRACT-2026-1107
PHO-001797,PHO-002892,EDGE-0014852,EV-CONTRACT-2026-5275
PHO-001243,PHO-004823,EDGE-0014853,EV-CONTRACT-2026-8851
PHO-000095,PHO-004956,EDGE-0014854,EV-CONTRACT-2026-1304
PHO-004510,PHO-001437,EDGE-0014855,EV-CONTRACT-2026-1800
PHO-003410,PHO-003697,EDGE-0014856,EV-CONTRACT-2026-6760
PHO-004886,PHO-002806,EDGE-0014857,EV-CONTRACT-2026-2740
PHO-002607,PHO-002791,EDGE-0014858,EV-CONTRACT-2026-2199
PHO-004154,PHO-002622,EDGE-0014859,EV-CONTRACT-2026-1375
PHO-001108,PHO-003475,EDGE-0014860,EV-CONTRACT-2026-5348
PHO-003691,PHO-002901,EDGE-0014861,EV-CONTRACT-2026-2786
PHO-003798,PHO-000426,EDGE-0014862,EV-CONTRACT-2026-6077
PHO-000920,PHO-000546,EDGE-0014863,EV-CONTRACT-2026-1556
PHO-004161,PHO-000216,EDGE-0014864,EV-CONTRACT-2026-6026
PHO-002212,PHO-002649,EDGE-0014865,EV-CONTRACT-2026-6577
PHO-001716,PHO-002842,EDGE-0014866,EV-CONTRACT-2026-7910
PHO-003074,PHO-003656,EDGE-0014867,EV-CONTRACT-2026-1745
PHO-001999,PHO-003538,EDGE-0014868,EV-CONTRACT-2026-7057
PHO-001877,PHO-003380,EDGE-0014869,EV-CONTRACT-2026-2792
PHO-002142,PHO-004419,EDGE-0014870,EV-CONTRACT-2026-1183
PHO-003340,PHO-000945,EDGE-0014871,EV-CONTRACT-2026-3773
PHO-004547,PHO-002382,EDGE-0014872,EV-CONTRACT-2026-5469
PHO-004050,PHO-003207,EDGE-0014873,EV-CONTRACT-2026-8570
PHO-003294,PHO-002124,EDGE-0014874,EV-CONTRACT-2026-1680
PHO-000782,PHO-000798,EDGE-0014875,EV-CONTRACT-2026-3053
PHO-001379,PHO-003714,EDGE-0014876,EV-CONTRACT-2026-5161
PHO-003022,PHO-001163,EDGE-0014877,EV-CONTRACT-2026-4988
PHO-004077,PHO-000473,EDGE-0014878,EV-CONTRACT-2026-6801
PHO-003443,PHO-004647,EDGE-0014879,EV-CONTRACT-2026-6594
PHO-002285,PHO-004618,EDGE-0014880,EV-CONTRACT-2026-5418
PHO-000442,PHO-001072,EDGE-0014881,EV-CONTRACT-2026-2052
PHO-004260,PHO-002954,EDGE-0014882,EV-CONTRACT-2026-5406
PHO-002326,PHO-003604,EDGE-0014883,EV-CONTRACT-2026-1998
PHO-000234,PHO-003921,EDGE-0014884,EV-CONTRACT-2026-3174
PHO-000776,PHO-001942,EDGE-0014885,EV-CONTRACT-2026-5868
PHO-002836,PHO-004792,EDGE-0014886,EV-CONTRACT-2026-5537
PHO-001038,PHO-000548,EDGE-0014887,EV-CONTRACT-2026-9113
PHO-003700,PHO-001518,EDGE-0014888,EV-CONTRACT-2026-3757
PHO-000265,PHO-001537,EDGE-0014889,EV-CONTRACT-2026-3683
PHO-003498,PHO-004709,EDGE-0014890,EV-CONTRACT-2026-4828
PHO-002111,PHO-002591,EDGE-0014891,EV-CONTRACT-2026-4632
PHO-001993,PHO-004403,EDGE-0014892,EV-CONTRACT-2026-9882
PHO-003683,PHO-001558,EDGE-0014893,EV-CONTRACT-2026-4941
PHO-004314,PHO-002879,EDGE-0014894,EV-CONTRACT-2026-6871
PHO-001827,PHO-000851,EDGE-0014895,EV-CONTRACT-2026-8759
PHO-001950,PHO-004070,EDGE-0014896,EV-CONTRACT-2026-4861
PHO-001827,PHO-004126,EDGE-0014897,EV-CONTRACT-2026-9145
PHO-003338,PHO-004554,EDGE-0014898,EV-CONTRACT-2026-8911
PHO-004535,PHO-000373,EDGE-0014899,EV-CONTRACT-2026-4997
PHO-000777,PHO-003629,EDGE-0014900,EV-CONTRACT-2026-8546
PHO-000075,PHO-004075,EDGE-0014901,EV-CONTRACT-2026-3261
PHO-002550,PHO-000559,EDGE-0014902,EV-CONTRACT-2026-3276
PHO-002591,PHO-003282,EDGE-0014903,EV-CONTRACT-2026-2794
PHO-000990,PHO-001912,EDGE-0014904,EV-CONTRACT-2026-4286
PHO-000289,PHO-000596,EDGE-0014905,EV-CONTRACT-2026-1755
PHO-001714,PHO-003449,EDGE-0014906,EV-CONTRACT-2026-5198
PHO-001049,PHO-002645,EDGE-0014907,EV-CONTRACT-2026-6451
PHO-000471,PHO-004410,EDGE-0014908,EV-CONTRACT-2026-6470
PHO-002222,PHO-003386,EDGE-0014909,EV-CONTRACT-2026-5256
PHO-000949,PHO-000447,EDGE-0014910,EV-CONTRACT-2026-8662
PHO-003259,PHO-004356,EDGE-0014911,EV-CONTRACT-2026-6090
PHO-002219,PHO-001542,EDGE-0014912,EV-CONTRACT-2026-4926
PHO-000881,PHO-001203,EDGE-0014913,EV-CONTRACT-2026-7281
PHO-000784,PHO-002850,EDGE-0014914,EV-CONTRACT-2026-1543
PHO-002425,PHO-000871,EDGE-0014915,EV-CONTRACT-2026-3833
PHO-001766,PHO-000181,EDGE-0014916,EV-CONTRACT-2026-2138
PHO-004874,PHO-001716,EDGE-0014917,EV-CONTRACT-2026-2628
PHO-004026,PHO-000900,EDGE-0014918,EV-CONTRACT-2026-2979
PHO-003540,PHO-003125,EDGE-0014919,EV-CONTRACT-2026-7401
PHO-003493,PHO-003249,EDGE-0014920,EV-CONTRACT-2026-6135
PHO-003800,PHO-000402,EDGE-0014921,EV-CONTRACT-2026-4959
PHO-002596,PHO-004291,EDGE-0014922,EV-CONTRACT-2026-9690
PHO-002169,PHO-003923,EDGE-0014923,EV-CONTRACT-2026-4859
PHO-001516,PHO-000967,EDGE-0014924,EV-CONTRACT-2026-7743
PHO-001682,PHO-000500,EDGE-0014925,EV-CONTRACT-2026-4009
PHO-001312,PHO-001034,EDGE-0014926,EV-CONTRACT-2026-8871
PHO-003756,PHO-004762,EDGE-0014927,EV-CONTRACT-2026-1074
PHO-000206,PHO-003243,EDGE-0014928,EV-CONTRACT-2026-1577
PHO-001973,PHO-002369,EDGE-0014929,EV-CONTRACT-2026-9749
PHO-000489,PHO-003961,EDGE-0014930,EV-CONTRACT-2026-6015
PHO-001560,PHO-003283,EDGE-0014931,EV-CONTRACT-2026-9666
PHO-001956,PHO-004737,EDGE-0014932,EV-CONTRACT-2026-8279
PHO-003483,PHO-002226,EDGE-0014933,EV-CONTRACT-2026-9908
PHO-003850,PHO-000240,EDGE-0014934,EV-CONTRACT-2026-3301
PHO-001328,PHO-002513,EDGE-0014935,EV-CONTRACT-2026-7654
PHO-000967,PHO-003452,EDGE-0014936,EV-CONTRACT-2026-4006
PHO-001037,PHO-000778,EDGE-0014937,EV-CONTRACT-2026-5193
PHO-001413,PHO-003568,EDGE-0014938,EV-CONTRACT-2026-4526
PHO-002081,PHO-004016,EDGE-0014939,EV-CONTRACT-2026-8711
PHO-000072,PHO-002166,EDGE-0014940,EV-CONTRACT-2026-7783
PHO-001976,PHO-001669,EDGE-0014941,EV-CONTRACT-2026-9807
PHO-000610,PHO-000597,EDGE-0014942,EV-CONTRACT-2026-7988
PHO-004581,PHO-000204,EDGE-0014943,EV-CONTRACT-2026-3933
PHO-003883,PHO-001199,EDGE-0014944,EV-CONTRACT-2026-3175
PHO-001646,PHO-000524,EDGE-0014945,EV-CONTRACT-2026-8744
PHO-003310,PHO-000457,EDGE-0014946,EV-CONTRACT-2026-4334
PHO-000438,PHO-004114,EDGE-0014947,EV-CONTRACT-2026-4645
PHO-004413,PHO-000617,EDGE-0014948,EV-CONTRACT-2026-3387
PHO-000408,PHO-003444,EDGE-0014949,EV-CONTRACT-2026-2053
PHO-002335,PHO-000418,EDGE-0014950,EV-CONTRACT-2026-7303
PHO-003013,PHO-001489,EDGE-0014951,EV-CONTRACT-2026-2012
PHO-002299,PHO-002811,EDGE-0014952,EV-CONTRACT-2026-1374
PHO-003556,PHO-000535,EDGE-0014953,EV-CONTRACT-2026-3435
PHO-001741,PHO-000755,EDGE-0014954,EV-CONTRACT-2026-4946
PHO-000061,PHO-002200,EDGE-0014955,EV-CONTRACT-2026-5450
PHO-002528,PHO-001124,EDGE-0014956,EV-CONTRACT-2026-1341
PHO-001732,PHO-003891,EDGE-0014957,EV-CONTRACT-2026-6321
PHO-002596,PHO-002009,EDGE-0014958,EV-CONTRACT-2026-3947
PHO-000420,PHO-004563,EDGE-0014959,EV-CONTRACT-2026-2109
PHO-003927,PHO-004639,EDGE-0014960,EV-CONTRACT-2026-4939
PHO-004954,PHO-004219,EDGE-0014961,EV-CONTRACT-2026-3909
PHO-003548,PHO-004354,EDGE-0014962,EV-CONTRACT-2026-5555
PHO-004563,PHO-001592,EDGE-0014963,EV-CONTRACT-2026-5390
PHO-003096,PHO-001128,EDGE-0014964,EV-CONTRACT-2026-2456
PHO-001893,PHO-004067,EDGE-0014965,EV-CONTRACT-2026-8727
PHO-002326,PHO-002741,EDGE-0014966,EV-CONTRACT-2026-3859
PHO-002560,PHO-001249,EDGE-0014967,EV-CONTRACT-2026-5716
PHO-002525,PHO-000951,EDGE-0014968,EV-CONTRACT-2026-3783
PHO-003976,PHO-003706,EDGE-0014969,EV-CONTRACT-2026-1740
PHO-000470,PHO-004675,EDGE-0014970,EV-CONTRACT-2026-2004
PHO-004975,PHO-000107,EDGE-0014971,EV-CONTRACT-2026-4552
PHO-004129,PHO-002741,EDGE-0014972,EV-CONTRACT-2026-8469
PHO-004260,PHO-004383,EDGE-0014973,EV-CONTRACT-2026-9983
PHO-003959,PHO-002828,EDGE-0014974,EV-CONTRACT-2026-8381
PHO-004647,PHO-002065,EDGE-0014975,EV-CONTRACT-2026-9639
PHO-004500,PHO-004553,EDGE-0014976,EV-CONTRACT-2026-9067
PHO-003157,PHO-000267,EDGE-0014977,EV-CONTRACT-2026-6686
PHO-000042,PHO-001905,EDGE-0014978,EV-CONTRACT-2026-4783
PHO-003859,PHO-000590,EDGE-0014979,EV-CONTRACT-2026-7845
PHO-003660,PHO-003253,EDGE-0014980,EV-CONTRACT-2026-9370
PHO-003682,PHO-000553,EDGE-0014981,EV-CONTRACT-2026-6969
PHO-002351,PHO-004107,EDGE-0014982,EV-CONTRACT-2026-7464
PHO-004456,PHO-003633,EDGE-0014983,EV-CONTRACT-2026-2098
PHO-001314,PHO-003540,EDGE-0014984,EV-CONTRACT-2026-4056
PHO-001572,PHO-004273,EDGE-0014985,EV-CONTRACT-2026-5152
PHO-004885,PHO-001866,EDGE-0014986,EV-CONTRACT-2026-9580
PHO-004583,PHO-001281,EDGE-0014987,EV-CONTRACT-2026-5965
PHO-001473,PHO-000162,EDGE-0014988,EV-CONTRACT-2026-7230
PHO-002759,PHO-004024,EDGE-0014989,EV-CONTRACT-2026-5676
PHO-002813,PHO-001921,EDGE-0014990,EV-CONTRACT-2026-1923
PHO-000629,PHO-000523,EDGE-0014991,EV-CONTRACT-2026-7321
PHO-003520,PHO-003115,EDGE-0014992,EV-CONTRACT-2026-2236
PHO-004792,PHO-001027,EDGE-0014993,EV-CONTRACT-2026-6115
PHO-003383,PHO-002696,EDGE-0014994,EV-CONTRACT-2026-2122
PHO-004539,PHO-003856,EDGE-0014995,EV-CONTRACT-2026-3081
PHO-000105,PHO-004418,EDGE-0014996,EV-CONTRACT-2026-6514
PHO-000889,PHO-001232,EDGE-0014997,EV-CONTRACT-2026-1946
PHO-001335,PHO-002378,EDGE-0014998,EV-CONTRACT-2026-8472
PHO-003228,PHO-002281,EDGE-0014999,EV-CONTRACT-2026-8376
PHO-003407,PHO-001960,EDGE-0015000,EV-CONTRACT-2026-4739
